id,title,live_type,live_tags,demo_collections,collections,reason
"15403730207043","Troy Cabinet","Living Room","Bookcases | Cabinets | Troy Bookcase","","living-room","title: coffee|\bconsole\b|\bnest\b|\bside table\b|\bend table\b|\boccasional table\b|\bbookcase\b|\bcabinet\b|\btv\b|\bmedia unit\b|\bdisplay unit\b"
"15401114239299","Tucker Sofa Bed","Living Room","sofa bed | sofa bed sale | Sofa Beds | sofa beds for sale","sofas-chairs | living-room","sofas-chairs","title: \bsofa\b|\bsofabed\b|\bsuite\b|\bsectional\b|\bseater\b"
"8794723549507","Horizontal Wall Beds","","Fold up Beds | Wall Beds","beds | beds-mattresses | bedroom","beds | beds-mattresses","title: bedframe|bed frame|\bbeds?\b|\bdivan\b|headboard.*base"
"15390796513603","Scottsboro Full Foam Sofa Bed","Living Room","best sleeper sofas | Fold up Beds | full size sleeper sofa | Sofa Beds | sofa beds for sale","sofas-chairs | living-room","sofas-chairs","title: \bsofa\b|\bsofabed\b|\bsuite\b|\bsectional\b|\bseater\b"
"15390769905987","Arga Sofa Bed","Living Room","aspen pet sofa bed | aspen sofa bed | aspen sofa bed reviews | best sleeper sofas | Fold up Beds | full size sleeper sofa | Sofa Beds | sofa beds for sale","sofas-chairs | living-room","sofas-chairs","title: \bsofa\b|\bsofabed\b|\bsuite\b|\bsectional\b|\bseater\b"
"15369388196163","Viera bedframe","beds","4'6 | 4ft6 double bed | 5ft | 5ft bed size | king size","bedroom-furniture | bedroom","beds | beds-mattresses","title: bedframe|bed frame|\bbeds?\b|\bdivan\b|headboard.*base"
"15369386754371","Antrim bedframe","beds","4'6 | 4ft6 double bed | 5ft | 5ft bed size | king size","beds | beds-mattresses | bedroom","beds | beds-mattresses","title: bedframe|bed frame|\bbeds?\b|\bdivan\b|headboard.*base"
"15369376891203","Waterford bedframe","beds","4'6 | 4ft6 double bed | 5ft | 5ft bed size | 6ft | king size | super king size","bedroom-furniture | bedroom","beds | beds-mattresses","title: bedframe|bed frame|\bbeds?\b|\bdivan\b|headboard.*base"
"15369361916227","Donegal Ottoman Storage Bed","beds","4'6 | 4ft6 double bed | 5ft | 5ft bed size | king size | Storage Bed","bedroom-furniture | bedroom","beds | beds-mattresses","title: bedframe|bed frame|\bbeds?\b|\bdivan\b|headboard.*base"
"15369135391043","Clifften Ottoman Storage Bed","beds","5ft | 5ft bed size | 6ft | king size | Storage Bed | super king size","bedroom-furniture | bedroom","beds | beds-mattresses","title: bedframe|bed frame|\bbeds?\b|\bdivan\b|headboard.*base"
"15369130770755","New York Storage Bed","beds","4'6 | Storage Bed","bedroom-furniture | bedroom","beds | beds-mattresses","title: bedframe|bed frame|\bbeds?\b|\bdivan\b|headboard.*base"
"8611130868035","Aspire Rug - Coral","","coral area rug | coral rug | coral rugs | rugs with coral","rugs | rugs-modern","rugs","title: \brug\b|\brunner\b"
"8612243767619","Kilkenny Grey Locker","","grey locker cabinet | grey locker shelf | home depot lockers | Lockers & Bedsides | lockers for home | lockers for sale","bedroom-furniture | bedroom | kids-furniture","bedroom-furniture","title: wardrobe|\brobes?\b|bedside|\blockers?\b|headboard|dressing table|\btallboy\b|\bchest\b|blanket box"
"8612244029763","Kilkenny Mink Locker","","locker near me | Lockers & Bedsides | lockers for home | lockers near me | metal locker | storage locker near me","bedroom-furniture | bedroom","bedroom-furniture","title: wardrobe|\brobes?\b|bedside|\blockers?\b|headboard|dressing table|\btallboy\b|\bchest\b|blanket box"
"8612246618435","R60-M","","","rugs","","Owner classification required"
"8361262252355","Roisin 2 Seater Sofa Bed","","2 seat sofa bed | 2 seater couch bed | 2 seater pull out sofa bed | 2 Seaters | bed sofa | Fold up Beds | ikea 2 seater sofa bed | sale | small sofa bed | sofa bed sale | Sofa Beds | sofa beds for sale | sofa for sale","sofas-chairs | living-room","sofas-chairs","title: \bsofa\b|\bsofabed\b|\bsuite\b|\bsectional\b|\bseater\b"
"15362542960963","Malta Suite","Living Room","Corner Sofa | Sofa Beds | Suite","sofas-chairs | living-room","sofas-chairs","title: \bsofa\b|\bsofabed\b|\bsuite\b|\bsectional\b|\bseater\b"
"8699020738883","Natural Sleep Origin Restore Mattress","Mattress","3ft | 4ft | 4ft6 | 5ft | mattresses | rest mattress | rest sleep mattress | restful sleep mattress | sleep rest mattress | sleep rest mattress review","mattresses | beds-mattresses","mattresses | beds-mattresses","title: \bmattress\b|\btopper\b"
"8699017789763","Natural Sleep Origin Hibernate Mattress","Mattress","3ft | 4ft | 4ft6 | 5ft | hibernate | hibernate mattress | hibernation mattress | hibernation mattress waterbed | hybrid mattress inside | mattresses","mattresses | beds-mattresses","mattresses | beds-mattresses","title: \bmattress\b|\btopper\b"
"8704020152643","Natural Sleep Platinum Comfort Mattress","Mattress","3ft | 4ft | 4ft6 | 5ft | 6ft | latex foam mattress | latex matress | latex mattress | latex mattresses | mattresses | natural latex mattress","mattresses | beds-mattresses","mattresses | beds-mattresses","title: \bmattress\b|\btopper\b"
"8698292175171","Natural Sleep Nature's Touch Mattress","Mattress","3ft | 4ft | 4ft6 | 5ft | 6ft | mattresses | natural touch mattress | nature's touch latex mattress | nature's touch mattress | nature's touch mattress review","mattresses | beds-mattresses","mattresses | beds-mattresses","title: \bmattress\b|\btopper\b"
"8978708726083","Fredrik Bar Stools PU","","Bar Stool | Black | Black Legs | blue | Fredrik Bar Stools PU | Grey | sale | Stools | taupe | yellow","dining","dining","tags: dining|\bbar stool\b|\bbarstool\b|\bbreakfast\b|\bbench\b|\bsideboard\b"
"15335257899331","Frida Storage bed HB","beds","3ft | 4'6 | 5ft bed size | Bed Drawer | king size | Storage Bed","bedroom-furniture | bedroom","beds | beds-mattresses","title: bedframe|bed frame|\bbeds?\b|\bdivan\b|headboard.*base"
"15334191497539","Cedar Wood 2 Drawer Locker","Bedroom","Bedside Locker | Bedside Lockers | Lockers & Bedsides","bedroom-furniture | bedroom","bedroom-furniture","title: wardrobe|\brobes?\b|bedside|\blockers?\b|headboard|dressing table|\btallboy\b|\bchest\b|blanket box"
"15333210390851","Concept Vertical Wall Bed","","Fold up Beds | Wall Beds","beds | beds-mattresses | bedroom","beds | beds-mattresses","title: bedframe|bed frame|\bbeds?\b|\bdivan\b|headboard.*base"
"8798938235203","Vertical Wall Beds","","Fold up Beds | Wall Beds","beds | beds-mattresses | bedroom","beds | beds-mattresses","title: bedframe|bed frame|\bbeds?\b|\bdivan\b|headboard.*base"
"15310062715203","Aspen Corner Garden Furniture Set","Furniture","Corner Furniture | Outdoor","garden-furniture","garden-furniture","title: \bgarden\b|\boutdoor\b|\bpatio\b"
"15298336194883","Elizabeth Ivory Metal Bed - 4'6","beds","4'6 | 4ft6 | 4ft6 beds | 4ft6 double bed | bed | Bedframes | bedroom | bedroom furniture | beds | Fabric & Divan Beds | fabric bed | Metal Bed | Metal frame | wooden | Wooden Beds","beds | beds-mattresses | bedroom","beds | beds-mattresses","title: bedframe|bed frame|\bbeds?\b|\bdivan\b|headboard.*base"
"15298328232259","Shannon Mattress","Bedroom","3 ft mattress | 3ft | 4 ft mattress | 4.6 ft mattress | 4ft | 4ft6 | 4ft6 double bed | 5 ft mattress | mattress | mattresses | small double","mattresses | beds-mattresses","mattresses | beds-mattresses","title: \bmattress\b|\btopper\b"
"9062542541123","Isra Console Table Marble","Living Room","Console Table | Console Tables | Isra Console Table Marble | Living Room | livingroom","dining","living-room","title: coffee|\bconsole\b|\bnest\b|\bside table\b|\bend table\b|\boccasional table\b|\bbookcase\b|\bcabinet\b|\btv\b|\bmedia unit\b|\bdisplay unit\b"
"9062545621315","Isra Lamp Table Marble","Living Room","home goods table lamps for sale | Isra Lamp Table Marble | Lamp Table | lamp tables for sale | Living Room | livingroom | table lamps for sale near me","living-room","lighting | objects","title: \blamp\b|\bsconce\b|\blight\b|\bchandelier\b"
"15269849891139","Limerick Storage Bed","beds","4'6 | 5ft bed size | Bed Drawer | king size | Storage Bed","beds | beds-mattresses | bedroom","beds | beds-mattresses","title: bedframe|bed frame|\bbeds?\b|\bdivan\b|headboard.*base"
"15269847859523","Wicklow Storage Bed","beds","4'6 | 5ft bed size | 6ft | Bed Drawer | king size | Storage Bed | super king size","beds | beds-mattresses | bedroom","beds | beds-mattresses","title: bedframe|bed frame|\bbeds?\b|\bdivan\b|headboard.*base"
"15265178321219","Sheraton Recliner Sofa Range","Living Room","2 seater sofa | 3 seater | armchairs | fabric sofa | sofa for sale | Sofa Set | sofa's & chairs","sofas-chairs | living-room","sofas-chairs","title: \bsofa\b|\bsofabed\b|\bsuite\b|\bsectional\b|\bseater\b"
"15265177764163","Kerry Recliner Sofa Range","Living Room","2 seater sofa | 3 seater | armchairs | fabric sofa | sofa for sale | Sofa Set | sofa's & chairs","sofas-chairs | living-room","sofas-chairs","title: \bsofa\b|\bsofabed\b|\bsuite\b|\bsectional\b|\bseater\b"
"7674039828667","Taylor Patchwork Chair (original)","","Chairs | discount | Occasional Chairs | patchwork accent chair | patchwork armchair | patchwork chair | patchwork chairs | patchwork furniture | patchwork rocking chair | sale | sofa's & chairs","sofas-chairs | chairs-footstools | living-room","sofas-chairs","tags: \bsofa\b|\bsofabed\b|\bsuite\b|\bsectional\b|\bseater\b"
"8945405264195","Melissa Nest Table","nest of tables","Grey | melissa | Nest of Tables | Oak | Oak Grey | sale | tables | tables for sale","dining","living-room","title: coffee|\bconsole\b|\bnest\b|\bside table\b|\bend table\b|\boccasional table\b|\bbookcase\b|\bcabinet\b|\btv\b|\bmedia unit\b|\bdisplay unit\b"
"8612247929155","Sligo Gas Lift Bed","","Fabric & Divan Beds","bedroom-furniture | bedroom","beds | beds-mattresses","title: bedframe|bed frame|\bbeds?\b|\bdivan\b|headboard.*base"
"15239233339715","Carlow Beige Bed","","Fabric & Divan Beds","bedroom-furniture | bedroom","beds | beds-mattresses","title: bedframe|bed frame|\bbeds?\b|\bdivan\b|headboard.*base"
"8612243833155","Kilkenny Mink Bed","","Fabric & Divan Beds | Kilkenny Mink Bed | mindi mink bed | mink bed frame | mink bed sheets | mink bedding | mink bedding sets | mink coloured bedding | mink velvet bed] | sale","bedroom-furniture | bedroom","beds | beds-mattresses","title: bedframe|bed frame|\bbeds?\b|\bdivan\b|headboard.*base"
"15233630798147","Metro Sofa Bed","Bedroom","2 seater sofa | fabric sofa | Sofa Beds | sofa for sale","sofas-chairs | living-room","sofas-chairs","title: \bsofa\b|\bsofabed\b|\bsuite\b|\bsectional\b|\bseater\b"
"15149848953155","Turner Leisure Chair w/Footstool","Living Room","CHAIRS & FOOTSTOOLS | Fabric Armchairs | Footstool Chairs | swivel","sofas-chairs | chairs-footstools | living-room","chairs-footstools | sofas-chairs","title: \barmchairs?\b|\barm chairs?\b|\baccent chairs?\b|\boccasional chairs?\b|\bfireside\b|\brecliner\b|\brocking\b|\bfootstools?\b|lift.*rise|\bbean bag\b"
"14875251671363","Malvern 2 Door Bedroom Range","Bedroom","bedroom furniture | Bedside Lockers | Chest of Drawers | drawer chest | Wardrobes","bedroom-furniture | bedroom","bedroom-furniture","tags: wardrobe|\brobes?\b|bedside|\blockers?\b|headboard|dressing table|\btallboy\b|\bchest\b|blanket box"
"6847039537339","Chelsea Dining Set with Bench","Dining","Dining Sets","dining","dining","title: dining|\bbar stool\b|\bbarstool\b|\bbreakfast\b|\bbench\b|\bsideboard\b"
"15121610637635","Ryder Reclining Chair Ash","Living Room","Chairs | FABRIC & LEATHER ARMCHAIRS | Occasional Chairs | Recliner Chairs","sofas-chairs | chairs-footstools | living-room","chairs-footstools | sofas-chairs","tags: \barmchairs?\b|\barm chairs?\b|\baccent chairs?\b|\boccasional chairs?\b|\bfireside\b|\brecliner\b|\brocking\b|\bfootstools?\b|lift.*rise|\bbean bag\b"
"15121578131779","Sienna Reclining Chair w/ Phone Holder","Living Room","Chairs | FABRIC & LEATHER ARMCHAIRS | Occasional Chairs | Recliner Chairs","sofas-chairs | chairs-footstools | living-room","chairs-footstools | sofas-chairs","tags: \barmchairs?\b|\barm chairs?\b|\baccent chairs?\b|\boccasional chairs?\b|\bfireside\b|\brecliner\b|\brocking\b|\bfootstools?\b|lift.*rise|\bbean bag\b"
"14884993237315","Zara Nest of Tables HB","Living Room","Coffee Table | coffee table for small living room | Coffee Tables | Nest of Tables | side tables","dining","living-room","title: coffee|\bconsole\b|\bnest\b|\bside table\b|\bend table\b|\boccasional table\b|\bbookcase\b|\bcabinet\b|\btv\b|\bmedia unit\b|\bdisplay unit\b"
"15111764672835","Nantes Accent Chair","Furniture","Accent Chair","sofas-chairs | chairs-footstools | living-room","chairs-footstools | sofas-chairs","title: \barmchairs?\b|\barm chairs?\b|\baccent chairs?\b|\boccasional chairs?\b|\bfireside\b|\brecliner\b|\brocking\b|\bfootstools?\b|lift.*rise|\bbean bag\b"
"15111762870595","Talia Accent Chair","Furniture","Accent Chair","sofas-chairs | chairs-footstools | living-room","chairs-footstools | sofas-chairs","title: \barmchairs?\b|\barm chairs?\b|\baccent chairs?\b|\boccasional chairs?\b|\bfireside\b|\brecliner\b|\brocking\b|\bfootstools?\b|lift.*rise|\bbean bag\b"
"15110009553219","Pearl Lounger Bean Bag Moss","Furniture","Bean Bags","sofas-chairs | chairs-footstools | living-room","chairs-footstools | sofas-chairs","title: \barmchairs?\b|\barm chairs?\b|\baccent chairs?\b|\boccasional chairs?\b|\bfireside\b|\brecliner\b|\brocking\b|\bfootstools?\b|lift.*rise|\bbean bag\b"
"15110002999619","Oakley Loveseat","Sofas & Chairs","2 Seaters | 2.5 Seater | 3 Seaters | fabric sofa | loveseat","sofas-chairs | living-room","sofas-chairs","tags: \bsofa\b|\bsofabed\b|\bsuite\b|\bsectional\b|\bseater\b"
"15109996806467","Isla Swivel Recliner with Footstool","Furniture","armchair With Foot Stool | armchairs | Fabric Armchairs","sofas-chairs | chairs-footstools | living-room","chairs-footstools | sofas-chairs","title: \barmchairs?\b|\barm chairs?\b|\baccent chairs?\b|\boccasional chairs?\b|\bfireside\b|\brecliner\b|\brocking\b|\bfootstools?\b|lift.*rise|\bbean bag\b"
"15109982159171","Halton Lift and Rise + Massage Sofas","Living Room","2 Seaters | 3 Seaters | armchair | Electric Chairs | manual recliner | Recliner Chairs","sofas-chairs | chairs-footstools | living-room","chairs-footstools | sofas-chairs","title: \barmchairs?\b|\barm chairs?\b|\baccent chairs?\b|\boccasional chairs?\b|\bfireside\b|\brecliner\b|\brocking\b|\bfootstools?\b|lift.*rise|\bbean bag\b"
"15109961941315","Ebro Sofa Bed","Living Room","sofa bed | sofa bed sale | Sofa Beds | sofa beds for sale","sofas-chairs | living-room","sofas-chairs","title: \bsofa\b|\bsofabed\b|\bsuite\b|\bsectional\b|\bseater\b"
"15109959680323","Bremen Sofas","Living Room","2 Seaters | 3 Seaters | armchair | manual recliner | Recliner Chairs","sofas-chairs | chairs-footstools | living-room","chairs-footstools | sofas-chairs","tags: \barmchairs?\b|\barm chairs?\b|\baccent chairs?\b|\boccasional chairs?\b|\bfireside\b|\brecliner\b|\brocking\b|\bfootstools?\b|lift.*rise|\bbean bag\b"
"14672691986755","Capri Bar Stool","Dining","Bar Stool | capri dining chair | comfort | Dining Chair | Dining Chairs & Benches | Grey | metal legs | midnight blue | padded seat | sage green | Salmon | taupe","dining","dining","title: dining|\bbar stool\b|\bbarstool\b|\bbreakfast\b|\bbench\b|\bsideboard\b"
"9087421317443","Opera Dining Chair","Dining","charcoal | dining | Dining Chair | Dining Chairs & Benches | Opera Dining Chair | tan","dining","dining","title: dining|\bbar stool\b|\bbarstool\b|\bbreakfast\b|\bbench\b|\bsideboard\b"
"9175124148547","James Dining Chair","Dining","Basil Green | chair sale | Chairs | Cognac | dining | Grey | Lagoon Blue | Leather Chairs | sale","dining","dining","title: dining|\bbar stool\b|\bbarstool\b|\bbreakfast\b|\bbench\b|\bsideboard\b"
"15062589997379","Tyrone Recliner Sofa","Furniture","2 seater recliner sofa | 2 seater sofa | 3 Seaters | fabric sofa | manual recliner | Recliner Chairs | sale | sofa for sale | sofa's & chairs","sofas-chairs | living-room","sofas-chairs","title: \bsofa\b|\bsofabed\b|\bsuite\b|\bsectional\b|\bseater\b"
"15062587277635","Waterloo Fabric Recliner Sofa","Furniture","2 seater sofa | 3 Seaters | fabric sofa | sale | sofa for sale | sofa's & chairs","sofas-chairs | living-room","sofas-chairs","title: \bsofa\b|\bsofabed\b|\bsuite\b|\bsectional\b|\bseater\b"
"15062558179651","New York Mattress","beds","4.6 ft mattress | 5ft | luxury matress","mattresses | beds-mattresses","mattresses | beds-mattresses","title: \bmattress\b|\btopper\b"
"15009128841539","Portland 3 Drawer Chest","Bedroom","3 Drawer | 3 Drawer Chest | bedroom | bedroom furniture","bedroom-furniture | bedroom","bedroom-furniture","title: wardrobe|\brobes?\b|bedside|\blockers?\b|headboard|dressing table|\btallboy\b|\bchest\b|blanket box"
"15006744150339","Portland 2 Drawer Bedside","Bedroom","2 Drawer | 2 drawer locker | bedroom | bedroom furniture | Bedside Locker | Bedside Lockers","bedroom-furniture | bedroom","bedroom-furniture","title: wardrobe|\brobes?\b|bedside|\blockers?\b|headboard|dressing table|\btallboy\b|\bchest\b|blanket box"
"15006739366211","Portland 3+2 Drawer Chest","Bedroom","3+2 | 5 drawer chest | bedroom | bedroom furniture","bedroom-furniture | bedroom","bedroom-furniture","title: wardrobe|\brobes?\b|bedside|\blockers?\b|headboard|dressing table|\btallboy\b|\bchest\b|blanket box"
"14981849284931","Boston Corner Sofa Bed - Bren","beds","Fold up Beds | Sofa Beds | sofa beds for sale","sofas-chairs | living-room","sofas-chairs","title: \bsofa\b|\bsofabed\b|\bsuite\b|\bsectional\b|\bseater\b"
"14978333573443","GD001 Mirror","Wall Decoration","Mirror | Round Mirror","accessories | objects","accessories | objects","title: \bmirror\b|wall art|wall decoration|\bpainting\b|\bcanvas\b|\bcushion\b|\bvase\b"
"14978331705667","GD008 Mirror","Wall Decoration","Mirror | Straight Mirror","accessories | objects","accessories | objects","title: \bmirror\b|wall art|wall decoration|\bpainting\b|\bcanvas\b|\bcushion\b|\bvase\b"
"14978329215299","GD007 Mirror","Wall Decoration","Mirror | Straight Mirror","accessories | objects","accessories | objects","title: \bmirror\b|wall art|wall decoration|\bpainting\b|\bcanvas\b|\bcushion\b|\bvase\b"
"14978153251139","GD006 Mirror","Wall Decoration","Mirror | Straight Mirror","accessories | objects","accessories | objects","title: \bmirror\b|wall art|wall decoration|\bpainting\b|\bcanvas\b|\bcushion\b|\bvase\b"
"14978145354051","GD005 Mirror","Wall Decoration","Mirror | Round Mirror","accessories | objects","accessories | objects","title: \bmirror\b|wall art|wall decoration|\bpainting\b|\bcanvas\b|\bcushion\b|\bvase\b"
"14978129461571","GD004 Mirror","Wall Decoration","Mirror | Round Mirror","accessories | objects","accessories | objects","title: \bmirror\b|wall art|wall decoration|\bpainting\b|\bcanvas\b|\bcushion\b|\bvase\b"
"14978105508163","GD003 Mirror","Wall Decoration","Mirror | Round Mirror","accessories | objects","accessories | objects","title: \bmirror\b|wall art|wall decoration|\bpainting\b|\bcanvas\b|\bcushion\b|\bvase\b"
"14957008126275","Stratford 3 Door Wardrobe","Bedroom","3 door wardrobe | bedroom wardrobe | Hanging Wardrobe with Shelves | wardrobe cabinet | Wardrobes","bedroom-furniture | bedroom | kids-furniture","bedroom-furniture","title: wardrobe|\brobes?\b|bedside|\blockers?\b|headboard|dressing table|\btallboy\b|\bchest\b|blanket box"
"14957006586179","Stratford 2 Door Wardrobe","Bedroom","2 door wardrobe | All Hanging Wardrobe | bedroom wardrobe | wardrobe cabinet | Wardrobes | white wardrobe","bedroom-furniture | bedroom | kids-furniture","bedroom-furniture","title: wardrobe|\brobes?\b|bedside|\blockers?\b|headboard|dressing table|\btallboy\b|\bchest\b|blanket box"
"14957004456259","Stratford 3+2 Drawer Chest","Bedroom","5 chest drawer | 5 drawer chest | 5 drawer chest drawers | 5 drawer chest of drawers | chest | Chest of Drawers | drawer chest | Storage chest | tall chest","bedroom-furniture | bedroom","bedroom-furniture","title: wardrobe|\brobes?\b|bedside|\blockers?\b|headboard|dressing table|\btallboy\b|\bchest\b|blanket box"
"14957001769283","Stratford 3 Drawer Chest","Chest","3 Drawer Chest | Chest of Drawers | drawer chest | narrow chest | Storage chest","bedroom-furniture | bedroom","bedroom-furniture","title: wardrobe|\brobes?\b|bedside|\blockers?\b|headboard|dressing table|\btallboy\b|\bchest\b|blanket box"
"14957001605443","Stratford 3 Drawer Bedside","Bedside locker","3 drawer bedside locker | Bedside Locker | Bedside Lockers | Locker | Lockers & Bedsides | lockers for home | lockers for sale","bedroom-furniture | bedroom","bedroom-furniture","title: wardrobe|\brobes?\b|bedside|\blockers?\b|headboard|dressing table|\btallboy\b|\bchest\b|blanket box"
"14957000524099","Stratford 2 Drawer Console Table","Living Room","Console Table | console table 2 drawers | Console Tables","dining","living-room","title: coffee|\bconsole\b|\bnest\b|\bside table\b|\bend table\b|\boccasional table\b|\bbookcase\b|\bcabinet\b|\btv\b|\bmedia unit\b|\bdisplay unit\b"
"14956997050691","Stratford 2 Drawer Coffee Table","Living Room","2 Drawer Coffee Table | Coffee Table | coffee table for small living room | coffee table for small spaces | Coffee Tables","dining","living-room","title: coffee|\bconsole\b|\bnest\b|\bside table\b|\bend table\b|\boccasional table\b|\bbookcase\b|\bcabinet\b|\btv\b|\bmedia unit\b|\bdisplay unit\b"
"14956989350211","Stratford 2 Door TV Unit","Living Room","tv stand | tv stands | TV Unit | tv units","living-room","living-room","title: coffee|\bconsole\b|\bnest\b|\bside table\b|\bend table\b|\boccasional table\b|\bbookcase\b|\bcabinet\b|\btv\b|\bmedia unit\b|\bdisplay unit\b"
"14956986958147","Stratford 2 Door 2 Drawer Sideboard","side tables","Sideboards","dining","dining","title: dining|\bbar stool\b|\bbarstool\b|\bbreakfast\b|\bbench\b|\bsideboard\b"
"14956984205635","Stratford 1 Drawer Locker","side tables","1 Drawer Locker | Locker | Lockers & Bedsides","bedroom-furniture | bedroom","bedroom-furniture","title: wardrobe|\brobes?\b|bedside|\blockers?\b|headboard|dressing table|\btallboy\b|\bchest\b|blanket box"
"14952759492931","Modena led cheval arch - TL","Bedroom","LED Mirror | Mirror | sale","accessories | objects","accessories | objects","tags: \bmirror\b|wall art|wall decoration|\bpainting\b|\bcanvas\b|\bcushion\b|\bvase\b"
"14952003633475","Raphael Sofa Bed","","Fold up Beds | sofa bed sale | Sofa Beds | sofa beds for sale","sofas-chairs | living-room","sofas-chairs","title: \bsofa\b|\bsofabed\b|\bsuite\b|\bsectional\b|\bseater\b"
"14952000192835","Corso Sofa Bed","","Fold up Beds | sofa bed sale | Sofa Beds | sofa beds for sale","sofas-chairs | living-room","sofas-chairs","title: \bsofa\b|\bsofabed\b|\bsuite\b|\bsectional\b|\bseater\b"
"14951969194307","Cashel Mattress","Bedroom","3 ft mattress | 3ft | 3ft single | 4 ft mattress | 4.6 ft mattress | 4ft | 4ft6 | 5 ft mattress | 5ft | 6ft | 6ft Mattress | backcare mattress | mattress | mattresses","mattresses | beds-mattresses","mattresses | beds-mattresses","title: \bmattress\b|\btopper\b"
"14951953727811","Natural Sleep Deep Comfort Mattress","Bedroom","3 ft mattress | 4.6 ft mattress | 5 ft mattress | 6ft Mattress | bedroom | bedroom furniture","mattresses | beds-mattresses","mattresses | beds-mattresses","title: \bmattress\b|\btopper\b"
"14936655233347","Ottawa 1 Door 3 Drawear Side Table - WH","Console Table","Console Tables | livingroom","dining","living-room","title: coffee|\bconsole\b|\bnest\b|\bside table\b|\bend table\b|\boccasional table\b|\bbookcase\b|\bcabinet\b|\btv\b|\bmedia unit\b|\bdisplay unit\b"
"14934737486147","Nadia Vanity Dressing Table with Drawers TA","Bedroom","bedroom | bedroom furniture | Dressing Tables","bedroom-furniture | bedroom","bedroom-furniture","title: wardrobe|\brobes?\b|bedside|\blockers?\b|headboard|dressing table|\btallboy\b|\bchest\b|blanket box"
"14934558441795","Hamilton Dining Table","Dining","dining table for sale | Dining Tables | sale","dining","dining","title: dining|\bbar stool\b|\bbarstool\b|\bbreakfast\b|\bbench\b|\bsideboard\b"
"14934544843075","Orson Recliner Chair & Ottoman","Furniture","Chairs | CHAIRS & FOOTSTOOLS | FABRIC & LEATHER ARMCHAIRS | Fabric Armchairs | Occasional Chairs | Recliner Chairs | sale","sofas-chairs | chairs-footstools | living-room","chairs-footstools | sofas-chairs","title: \barmchairs?\b|\barm chairs?\b|\baccent chairs?\b|\boccasional chairs?\b|\bfireside\b|\brecliner\b|\brocking\b|\bfootstools?\b|lift.*rise|\bbean bag\b"
"14934517547331","Nevada Vanity Table Set (White Gloss) WH","Dressing table","bedroom | bedroom furniture | Dressing table | Dressing Tables | sale","bedroom-furniture | bedroom","bedroom-furniture","tags: wardrobe|\brobes?\b|bedside|\blockers?\b|headboard|dressing table|\btallboy\b|\bchest\b|blanket box"
"14913347584323","Malvern 6 Drawer chest","Bedside locker","6 drawer chest | bedroom | bedroom furniture | Chest of Drawers | sale","bedroom-furniture | bedroom","bedroom-furniture","title: wardrobe|\brobes?\b|bedside|\blockers?\b|headboard|dressing table|\btallboy\b|\bchest\b|blanket box"
"9135555969347","Perth Recliner","Sofas & Chairs","1 seater | 2 seat sofa | 2 seater recliner sofa | 2 seater sofa | 2 seater sofas | 2 seater with console | 3 seater | 3 Seaters | armchair | armchairs | chestnut | FABRIC & LEATHER ARMCHAIRS | Fabric Armchairs | fabric sofa | Faux Suede | Glenwood Electric Motion Sofa | Living Room | livingroom | manual recliner | Recliner Chairs | sofa 2 seater | sofa for sale | sofa's & chairs","sofas-chairs | chairs-footstools | living-room","chairs-footstools | sofas-chairs","title: \barmchairs?\b|\barm chairs?\b|\baccent chairs?\b|\boccasional chairs?\b|\bfireside\b|\brecliner\b|\brocking\b|\bfootstools?\b|lift.*rise|\bbean bag\b"
"8756826865987","Quebec Wave Edge Coffee Table Medium Oak Effect/Black - WH","","Coffee Table | Quebec | Wave Edge Coffee Table","dining","living-room","title: coffee|\bconsole\b|\bnest\b|\bside table\b|\bend table\b|\boccasional table\b|\bbookcase\b|\bcabinet\b|\btv\b|\bmedia unit\b|\bdisplay unit\b"
"6965225816251","Oscar Small Bench","Dining","Dining Chairs & Benches","dining","dining","title: dining|\bbar stool\b|\bbarstool\b|\bbreakfast\b|\bbench\b|\bsideboard\b"
"8639647154499","Jack Lamp Table","","Lamp Table","living-room","lighting | objects","title: \blamp\b|\bsconce\b|\blight\b|\bchandelier\b"
"8639646597443","Jack Coffee Table","","Coffee Tables","dining","living-room","title: coffee|\bconsole\b|\bnest\b|\bside table\b|\bend table\b|\boccasional table\b|\bbookcase\b|\bcabinet\b|\btv\b|\bmedia unit\b|\bdisplay unit\b"
"8639645942083","Jack TV Unit","","TV Unit","living-room","living-room","title: coffee|\bconsole\b|\bnest\b|\bside table\b|\bend table\b|\boccasional table\b|\bbookcase\b|\bcabinet\b|\btv\b|\bmedia unit\b|\bdisplay unit\b"
"7019064524987","Roma 27“ Headboard & Base (2 Drawers) AJ","Bedroom","Fabric & Divan Beds","bedroom-furniture | bedroom","beds | beds-mattresses","title: headboard and base set"
"7019050139835","Roma 27“ Headboard & Base AJ","Bedroom","Fabric & Divan Beds","","beds | beds-mattresses","title: headboard and base set"
"14887995965763","Ventura 3ft Metal Bunk Beds","Bedroom","3ft | 3ft bed | 3ft bed frame | 3ft bed size | bedroom | bedroom furniture | Bunk Beds | Metal frame | sale","kids-furniture | beds | beds-mattresses | bedroom","kids-furniture | beds | beds-mattresses","title: \bbunk\b|\bcabin\b|\bmid.?sleeper\b|\bhigh.?sleeper\b|\btriple sleeper\b"
"14887992459587","Brandon 3ft Metal Frame Bunk Bed","Bedroom","3ft | 3ft bed | 3ft bed frame | 3ft bed size | bedroom | bedroom furniture | Bunk Beds | Metal frame | sale","kids-furniture | beds | beds-mattresses | bedroom","kids-furniture | beds | beds-mattresses","title: \bbunk\b|\bcabin\b|\bmid.?sleeper\b|\bhigh.?sleeper\b|\btriple sleeper\b"
"9137613406531","Tandi Triple Sleeper Bunk Bed","","bed | bedroom | bedroom furniture | beds | Bunk Beds | Tandi Triple Sleeper Bunk Bed","kids-furniture | beds | beds-mattresses | bedroom","kids-furniture | beds | beds-mattresses","title: \bbunk\b|\bcabin\b|\bmid.?sleeper\b|\bhigh.?sleeper\b|\btriple sleeper\b"
"14887848739139","Neptune Triple Sleeper Bunk Bed Dark Grey/Oak Effect","Bedroom","3ft | 3ft bed | 3ft bed frame | 4ft | Bunk Beds | small double","kids-furniture | beds | beds-mattresses | bedroom","kids-furniture | beds | beds-mattresses","title: \bbunk\b|\bcabin\b|\bmid.?sleeper\b|\bhigh.?sleeper\b|\btriple sleeper\b"
"14887795392835","Neptune Triple Sleeper Bunk Bed White","Bedroom","3ft | 3ft bed | 3ft bed frame | 4ft | Bunk Beds | small double","kids-furniture | beds | beds-mattresses | bedroom","kids-furniture | beds | beds-mattresses","title: \bbunk\b|\bcabin\b|\bmid.?sleeper\b|\bhigh.?sleeper\b|\btriple sleeper\b"
"14887771472195","Neptune 3ft Bunk Bed Dark Grey/Oak Effect","Bedroom","3ft | 3ft bed | 3ft bed frame | Bunk Beds","kids-furniture | beds | beds-mattresses | bedroom","kids-furniture | beds | beds-mattresses","title: \bbunk\b|\bcabin\b|\bmid.?sleeper\b|\bhigh.?sleeper\b|\btriple sleeper\b"
"14887769735491","Neptune 3ft Bunk Bed White","Bedroom","3ft | 3ft bed | 3ft bed frame | Bunk Beds","kids-furniture | beds | beds-mattresses | bedroom","kids-furniture | beds | beds-mattresses","title: \bbunk\b|\bcabin\b|\bmid.?sleeper\b|\bhigh.?sleeper\b|\btriple sleeper\b"
"14885413257539","Prime Bed Range HB","Bedroom","3ft | 3ft bed | 4'6 | 4ft6 beds | 4ft6 double bed | 5ft | bedroom | bedroom furniture | king size | sale","bedroom-furniture | bedroom","beds | beds-mattresses","title: bedframe|bed frame|\bbeds?\b|\bdivan\b|headboard.*base"
"14885360861507","Rosa Grey Bedframe HB","Bedroom","4'6 | 4ft6 | 4ft6 beds | 4ft6 beds4ft6 bed frame | 5ft | 5ft bed size | 5ft long bed | Fabric & Divan Beds | fabric bed","beds | beds-mattresses | bedroom","beds | beds-mattresses","title: bedframe|bed frame|\bbeds?\b|\bdivan\b|headboard.*base"
"14884205822275","Zoey 4 Door 2 Mirrored Wardrobe","Bedroom","4  door wardrobe | bedroom | bedroom furniture | bedroom wardrobe | Mirrored Wardrobe | sale | wardrobe cabinet | Wardrobes","bedroom-furniture | bedroom | kids-furniture","bedroom-furniture","title: wardrobe|\brobes?\b|bedside|\blockers?\b|headboard|dressing table|\btallboy\b|\bchest\b|blanket box"
"14884153065795","Voyager 3 Door 2 Drawer Wardrobe","Bedroom","3 door wardrobe | bedroom | bedroom furniture | bedroom wardrobe | Mirrored Wardrobe | sale | wardrobe cabinet | Wardrobes","bedroom-furniture | bedroom | kids-furniture","bedroom-furniture","title: wardrobe|\brobes?\b|bedside|\blockers?\b|headboard|dressing table|\btallboy\b|\bchest\b|blanket box"
"14884106961219","Sliderobe 2 Door 1 Mirror Wardrobe","Bedroom","bedroom | bedroom furniture | bedroom wardrobe | Mirrored Wardrobe | sale | Sliding Wardrobe | wardrobe cabinet | Wardrobes","bedroom-furniture | bedroom | kids-furniture","bedroom-furniture","title: wardrobe|\brobes?\b|bedside|\blockers?\b|headboard|dressing table|\btallboy\b|\bchest\b|blanket box"
"14884069474627","Stuttgart Sliding 2 Door 1 Mirror Wardrobe","Bedroom","bedroom | bedroom furniture | bedroom wardrobe | Mirrored Wardrobe | sale | Sliding Wardrobe | wardrobe cabinet | Wardrobes","bedroom-furniture | bedroom | kids-furniture","bedroom-furniture","title: wardrobe|\brobes?\b|bedside|\blockers?\b|headboard|dressing table|\btallboy\b|\bchest\b|blanket box"
"14884024418627","Stuttgart 3 Door Central Mirror Wardrobe","Bedroom","3 door wardrobe | bedroom | bedroom furniture | bedroom wardrobe | Mirrored Wardrobe | sale | wardrobe cabinet | Wardrobes","bedroom-furniture | bedroom | kids-furniture","bedroom-furniture","title: wardrobe|\brobes?\b|bedside|\blockers?\b|headboard|dressing table|\btallboy\b|\bchest\b|blanket box"
"14883964944707","Skyla 4 Door 2 Mirror Wardrobe","Bedroom","2 door wardrobe | 4 Door Wardrobe | bedroom | bedroom furniture | sale | Wardrobes","bedroom-furniture | bedroom","bedroom-furniture","title: wardrobe|\brobes?\b|bedside|\blockers?\b|headboard|dressing table|\btallboy\b|\bchest\b|blanket box"
"14883964748099","Sevilla 2 Door 1 Mirror 2 Drawer Sliding Wardrobe Alpine White","Bedroom","2 door wardrobe | bedroom | bedroom furniture | sale | Sliding Wardrobe | Wardrobes","bedroom-furniture | bedroom","bedroom-furniture","title: wardrobe|\brobes?\b|bedside|\blockers?\b|headboard|dressing table|\btallboy\b|\bchest\b|blanket box"
"14878031413571","Oakland 5 Door 3 Mirror 2 Drawer Wardrobe 2.26m","Bedroom","bedroom | bedroom furniture | bedroom wardrobe | Mirrored Wardrobe | sale | wardrobe cabinet | Wardrobes | white wardrobe","bedroom-furniture | bedroom | kids-furniture","bedroom-furniture","title: wardrobe|\brobes?\b|bedside|\blockers?\b|headboard|dressing table|\btallboy\b|\bchest\b|blanket box"
"14878029054275","Monza 2 Door 1 Half Mirror Sliding Wardrobe 2.18","Bedroom","4 Door Wardrobe | bedroom | bedroom furniture | bedroom wardrobe | hanging wardrobe 2 shelves | Mirrored Wardrobe | sale | wardrobe cabinet | Wardrobes | white wardrobe","bedroom-furniture | bedroom | kids-furniture","bedroom-furniture","title: wardrobe|\brobes?\b|bedside|\blockers?\b|headboard|dressing table|\btallboy\b|\bchest\b|blanket box"
"14878010310979","Monza 4 Door 2 Split Mirror Wardrobe 2.18m","Bedroom","4 Door Wardrobe | bedroom | bedroom furniture | bedroom wardrobe | hanging wardrobe 2 shelves | Mirrored Wardrobe | sale | wardrobe cabinet | Wardrobes | white wardrobe","bedroom-furniture | bedroom | kids-furniture","bedroom-furniture","title: wardrobe|\brobes?\b|bedside|\blockers?\b|headboard|dressing table|\btallboy\b|\bchest\b|blanket box"
"14877990486339","Mainz 4 Door 2 Mirror 2 Drawer Wardrobe Alpine White 1.8m","Bedroom","4 Door Wardrobe | bedroom | bedroom furniture | bedroom wardrobe | Mirrored Wardrobe | sale | wardrobe cabinet | Wardrobes | white wardrobe","bedroom-furniture | bedroom | kids-furniture","bedroom-furniture","title: wardrobe|\brobes?\b|bedside|\blockers?\b|headboard|dressing table|\btallboy\b|\bchest\b|blanket box"
"14877971054915","Kronach Two Sliding Door Mirrored Wardrobe 2.25m","Bedroom","All Hanging Wardrobe | bedroom | bedroom furniture | bedroom wardrobe | Mirrored Wardrobe | sale | Sliding Wardrobe | wardrobe cabinet | Wardrobes | white wardrobe","bedroom-furniture | bedroom | kids-furniture","bedroom-furniture","title: wardrobe|\brobes?\b|bedside|\blockers?\b|headboard|dressing table|\btallboy\b|\bchest\b|blanket box"
"14877951557955","Joel 2 Door 2 Mirror 2 Drawer Wardrobe Alpine White","Bedroom","2 door wardrobe | bedroom wardrobe | Double wardrobe with drawer | wardrobe cabinet | wardrobe with drawers | Wardrobes | white wardrobe","bedroom-furniture | bedroom | kids-furniture","bedroom-furniture","title: wardrobe|\brobes?\b|bedside|\blockers?\b|headboard|dressing table|\btallboy\b|\bchest\b|blanket box"
"14877940252995","Imperial 3 door Sliding Wardrobe with Central Mirror 3m","Bedroom","3 door wardrobe | bedroom wardrobe | Sliding Wardrobe | wardrobe cabinet | Wardrobes | white wardrobe","","bedroom-furniture","title: wardrobe|\brobes?\b|bedside|\blockers?\b|headboard|dressing table|\btallboy\b|\bchest\b|blanket box"
"14877939794243","Imperial 3 door Sliding Wardrobe with Central Mirror 2.5m","Bedroom","3 door wardrobe | bedroom wardrobe | Sliding Wardrobe | wardrobe cabinet | Wardrobes | white wardrobe","bedroom-furniture | bedroom | kids-furniture","bedroom-furniture","title: wardrobe|\brobes?\b|bedside|\blockers?\b|headboard|dressing table|\btallboy\b|\bchest\b|blanket box"
"14877922492739","Fellbach Sliding 2 Door 2 1/2 Mirror Wardrobe","Bedroom","2 door wardrobe | All Hanging Wardrobe | bedroom | sale | Sliding Wardrobe | Wardrobes","bedroom-furniture | bedroom","bedroom-furniture","title: wardrobe|\brobes?\b|bedside|\blockers?\b|headboard|dressing table|\btallboy\b|\bchest\b|blanket box"
"14877911777603","Ellesse 4 Door 2 Mirror 2 Drawer Wardrobe","Bedroom","bedroom | bedroom furniture | bedroom wardrobe | sale | wardrobe cabinet | wardrobe with drawers | Wardrobes | white wardrobe","bedroom-furniture | bedroom | kids-furniture","bedroom-furniture","title: wardrobe|\brobes?\b|bedside|\blockers?\b|headboard|dressing table|\btallboy\b|\bchest\b|blanket box"
"14877882810691","Cadiz 2 Door 1 Mirror Sliding Wardrobe","Bedroom","2 door wardrobe | All Hanging Wardrobe | bedroom wardrobe | Sliding Wardrobe | wardrobe cabinet | Wardrobes","bedroom-furniture | bedroom | kids-furniture","bedroom-furniture","title: wardrobe|\brobes?\b|bedside|\blockers?\b|headboard|dressing table|\btallboy\b|\bchest\b|blanket box"
"14877793845571","Belluno 2 Door 1 Mirror Sliding Wardrobe Artisan Oak","Bedroom","bedroom | bedroom furniture | sale | Sliding Wardrobe | wardrobe cabinet | Wardrobes","bedroom-furniture | bedroom | kids-furniture","bedroom-furniture","title: wardrobe|\brobes?\b|bedside|\blockers?\b|headboard|dressing table|\btallboy\b|\bchest\b|blanket box"
"14877687120195","Arnstein 3 Door 2 drawer 1 Central Mirror Wardrobe","Bedroom","3 door wardrobe | bedroom wardrobe | Sliding Wardrobe | wardrobe cabinet | Wardrobes | white wardrobe","bedroom-furniture | bedroom | kids-furniture","bedroom-furniture","title: wardrobe|\brobes?\b|bedside|\blockers?\b|headboard|dressing table|\btallboy\b|\bchest\b|blanket box"
"14877676634435","Arnstein 2 Door 1 Mirror 2 Drawer","Bedroom","bedroom | bedroom furniture | bedroom wardrobe | sale | small wooden wardrobe with drawers | wardrobe cabinet | Wardrobes | white wardrobe","accessories | objects","accessories | objects","title: \bmirror\b|wall art|wall decoration|\bpainting\b|\bcanvas\b|\bcushion\b|\bvase\b"
"8985711083843","Colton 4’6 White Bed","Bedroom","Bedframes | bedroom | bedroom furniture | beds | Colton 4’6 White Bed | Day Beds | sale","beds | beds-mattresses | bedroom","beds | beds-mattresses","title: bedframe|bed frame|\bbeds?\b|\bdivan\b|headboard.*base"
"14877567779139","Aalen 3 door 1 Mirror 6 Drawer Wardrobe 1.36m","Bedroom","3 door wardrobe | bedroom wardrobe | wardrobe cabinet | wardrobe with drawers | Wardrobes | white wardrobe","bedroom-furniture | bedroom | kids-furniture","bedroom-furniture","title: wardrobe|\brobes?\b|bedside|\blockers?\b|headboard|dressing table|\btallboy\b|\bchest\b|blanket box"
"14877468328259","Imperial Sliding Wardrobe","Bedroom","bedroom wardrobe | sale | Sliding Wardrobe | wardrobe cabinet | Wardrobes","bedroom-furniture | bedroom | kids-furniture","bedroom-furniture","title: wardrobe|\brobes?\b|bedside|\blockers?\b|headboard|dressing table|\btallboy\b|\bchest\b|blanket box"
"14875382219075","Nevada Mirrored 2 Door 1 Drawer Wardrobe White Gloss","Bedroom","bedroom | bedroom furniture | bedroom wardrobe | sale | wardrobe cabinet | Wardrobes | white wardrobe","bedroom-furniture | bedroom | kids-furniture","bedroom-furniture","title: wardrobe|\brobes?\b|bedside|\blockers?\b|headboard|dressing table|\btallboy\b|\bchest\b|blanket box"
"14875380908355","Nevada Mirrored 2 Door 1 Drawer Wardrobe Grey Gloss/Light Oak Effect","Bedroom","bedroom | bedroom furniture | bedroom wardrobe | sale | wardrobe cabinet | Wardrobes","bedroom-furniture | bedroom | kids-furniture","bedroom-furniture","title: wardrobe|\brobes?\b|bedside|\blockers?\b|headboard|dressing table|\btallboy\b|\bchest\b|blanket box"
"9451307958595","Nevada 3+2 Drawer Chest (White Gloss) - WH","Chest","chest | Chest of Drawers | drawer chest | nevada | Storage chest","bedroom-furniture | bedroom","bedroom-furniture","title: wardrobe|\brobes?\b|bedside|\blockers?\b|headboard|dressing table|\btallboy\b|\bchest\b|blanket box"
"14875313799491","Malvern 8 Drawer Chest","Chest","8 drawer chest | bedroom | bedroom furniture | chest | Chest of Drawers | drawer chest | sale | Storage chest","bedroom-furniture | bedroom","bedroom-furniture","title: wardrobe|\brobes?\b|bedside|\blockers?\b|headboard|dressing table|\btallboy\b|\bchest\b|blanket box"
"14875304362307","Malvern 3 Door Wardrobe","Bedroom","bedroom | bedroom furniture | bedroom wardrobe | Wardrobes","bedroom-furniture | bedroom","bedroom-furniture","title: wardrobe|\brobes?\b|bedside|\blockers?\b|headboard|dressing table|\btallboy\b|\bchest\b|blanket box"
"14875261960515","Malvern 2 door Wardrobe","Bedroom","2 door wardrobe | bedroom | bedroom furniture | sale | Wardrobes","bedroom-furniture | bedroom","bedroom-furniture","title: wardrobe|\brobes?\b|bedside|\blockers?\b|headboard|dressing table|\btallboy\b|\bchest\b|blanket box"
"14875254587715","Malvern 3 door Bedroom Range","Bedroom","3 door wardrobe | bedroom | Bedside Lockers | Chest of Drawers | sale","bedroom-furniture | bedroom","bedroom-furniture","tags: wardrobe|\brobes?\b|bedside|\blockers?\b|headboard|dressing table|\btallboy\b|\bchest\b|blanket box"
"14875244953923","Monaco Bedframe White","Bedroom","3ft | 4ft6 double bed | 5ft | 5ft bed size | bedroom | king size | Monaco Bed | sale | Single bed | small double | wood bed slats | Wooden Beds","beds | beds-mattresses | bedroom","beds | beds-mattresses","title: bedframe|bed frame|\bbeds?\b|\bdivan\b|headboard.*base"
"14671906537795","Monaco Bedframe Grey/Oak","Bedroom","3ft | 4ft | 4ft6 | 4ft6 double bed | 5ft | bedroom | king size | Monaco Bed | sale | Single bed | slatted wooden beds | small double | Wooden Beds","beds | beds-mattresses | bedroom","beds | beds-mattresses","title: bedframe|bed frame|\bbeds?\b|\bdivan\b|headboard.*base"
"8782132805955","Quebec Dining Chairs - WH","Dining","Dining Chairs & Benches","dining","dining","title: dining|\bbar stool\b|\bbarstool\b|\bbreakfast\b|\bbench\b|\bsideboard\b"
"14861160022339","Madison Ottoman Bed","Bedroom","4'6 | 4ft6 | 5"" | 5ft | lift storage bed | Ottoman | sale | Storage Bed","sofas-chairs | chairs-footstools | beds | beds-mattresses | bedroom","beds | beds-mattresses","title: bedframe|bed frame|\bbeds?\b|\bdivan\b|headboard.*base"
"14861001818435","Amalfi 2 seater sofa","","2 Seaters | fabric sofa | sale | sofa 2 seater | sofa's & chairs","sofas-chairs | living-room","sofas-chairs","title: \bsofa\b|\bsofabed\b|\bsuite\b|\bsectional\b|\bseater\b"
"14861001064771","Amalfi 1 seater sofa","","1 seater | fabric sofa | sale | sofa's & chairs","sofas-chairs | living-room","sofas-chairs","title: \bsofa\b|\bsofabed\b|\bsuite\b|\bsectional\b|\bseater\b"
"14835534397763","Nevada 6 Door 2 Drawer Mirrored Wardrobe (Grey Gloss/Light Oak Effect Veneer)","Bedroom","bedroom | bedroom furniture | sale | Wardrobes","bedroom-furniture | bedroom","bedroom-furniture","title: wardrobe|\brobes?\b|bedside|\blockers?\b|headboard|dressing table|\btallboy\b|\bchest\b|blanket box"
"9417586868547","Nevada 2 Door Corner Wardrobe (White Gloss) WH","","bedroom | bedroom furniture | bedroom wardrobe | Nevada 2 Door Corner Wardrobe (White Gloss) | sale | wardrobe cabinet | Wardrobes","bedroom-furniture | bedroom | kids-furniture","bedroom-furniture","title: wardrobe|\brobes?\b|bedside|\blockers?\b|headboard|dressing table|\btallboy\b|\bchest\b|blanket box"
"14741061009731","Chrissie Dining Set","","Dining Chair | Dining Sets | Dining Tables | sale","dining","dining","title: dining|\bbar stool\b|\bbarstool\b|\bbreakfast\b|\bbench\b|\bsideboard\b"
"14741058486595","Chrissie 2m Dining Table Set /w Bench","Dining table","Dining Chairs & Benches | Dining Sets | Dining Tables | sale","dining","dining","title: dining|\bbar stool\b|\bbarstool\b|\bbreakfast\b|\bbench\b|\bsideboard\b"
"14741050949955","Chrissie Coffee Table","Living Room","Coffee Tables | Living Room | sale","dining","living-room","title: coffee|\bconsole\b|\bnest\b|\bside table\b|\bend table\b|\boccasional table\b|\bbookcase\b|\bcabinet\b|\btv\b|\bmedia unit\b|\bdisplay unit\b"
"14741043183939","Chrissie Console Table","Living Room","Console Tables | Living Room | sale","dining","living-room","title: coffee|\bconsole\b|\bnest\b|\bside table\b|\bend table\b|\boccasional table\b|\bbookcase\b|\bcabinet\b|\btv\b|\bmedia unit\b|\bdisplay unit\b"
"8612247273795","Rukas 0516 Rug","","modern | woven area rugs | woven cotton rugs | woven rug | woven rugs | woven wool rug","rugs | rugs-traditional","rugs | rugs-modern","title: \brug\b|\brunner\b"
"8611128312131","Alisa Rug - Beige Brown","","","rugs | rugs-modern","rugs","title: \brug\b|\brunner\b"
"14672507240771","Aintree 3+3 Drawer Wide Chest","Bedroom","bedroom | bedroom furniture | Chest of Drawers","bedroom-furniture | bedroom","bedroom-furniture","title: wardrobe|\brobes?\b|bedside|\blockers?\b|headboard|dressing table|\btallboy\b|\bchest\b|blanket box"
"14672544596291","Oscar 2 Drawer Coffee Table","Living Room","Coffee Tables","dining","living-room","title: coffee|\bconsole\b|\bnest\b|\bside table\b|\bend table\b|\boccasional table\b|\bbookcase\b|\bcabinet\b|\btv\b|\bmedia unit\b|\bdisplay unit\b"
"14672552853827","Erik Round Table","Dining","dining | dining table for sale | Dining Tables | erik  dining table | erik  table of dining | erik dining table set | erika dining table | Oak | table | tables for sale | Walnut","dining","dining","tags: dining|\bbar stool\b|\bbarstool\b|\bbreakfast\b|\bbench\b|\bsideboard\b"
"14672680419651","Dallas Office Chair","Living Room","Office Chairs | Office furniture","home-office","home-office","title: \bdesk\b|\boffice\b|\bworkstation\b"
"14672685891907","York Office Chair","Living Room","Office Chairs | Office furniture","home-office","home-office","title: \bdesk\b|\boffice\b|\bworkstation\b"
"8639687655747","Dario Round Table with Black Legs","Dining","Chairs | Dining Tables","dining","dining","tags: dining|\bbar stool\b|\bbarstool\b|\bbreakfast\b|\bbench\b|\bsideboard\b"
"9062539788611","Matrix Lamp Table Marble","Living Room","black frame | Lamp Table | lamp tables for sale | Living Room | livingroom | marble top | Matrix Lamp Table Marble | table lamps for sale near me","living-room","lighting | objects","title: \blamp\b|\bsconce\b|\blight\b|\bchandelier\b"
"9062537298243","Matrix Coffee Table Light Marble","Living Room","black frame | Coffee Table | Coffee Tables | Living Room | livingroom | marble top | Matrix Coffee Table Light Marble","dining","lighting | objects","title: \blamp\b|\bsconce\b|\blight\b|\bchandelier\b"
"9087359287619","Fredrik Tall Bookcase","Living Room","Bookcases | Fredrik Tall Bookcase | Grey | Living Room | livingroom | Oak | tall bookcase | Walnut","dining","living-room","title: coffee|\bconsole\b|\bnest\b|\bside table\b|\bend table\b|\boccasional table\b|\bbookcase\b|\bcabinet\b|\btv\b|\bmedia unit\b|\bdisplay unit\b"
"14671904080195","Sam Bedframe","beds","3ft | 4ft6 | 5ft | beds | Sam Bed | Wooden Beds","beds | beds-mattresses | bedroom","beds | beds-mattresses","title: bedframe|bed frame|\bbeds?\b|\bdivan\b|headboard.*base"
"9182345101635","Wendy Velvet Tub Chair","Sofas & Chairs","1 seater | armchair | armchairs | Chairs | FABRIC & LEATHER ARMCHAIRS | Fabric Armchairs | fabric sofa | Occasional Chairs | sofa's & chairs","sofas-chairs | chairs-footstools | living-room","sofas-chairs","tags: \bsofa\b|\bsofabed\b|\bsuite\b|\bsectional\b|\bseater\b"
"6884152311995","Roxy Chaise Lounge","Sofas & Chairs","Corner Sofa","sofas-chairs | living-room","sofas-chairs","tags: \bsofa\b|\bsofabed\b|\bsuite\b|\bsectional\b|\bseater\b"
"6884152246459","Roxy 3 Seater Sofa","Sofas & Chairs","3 Seaters","sofas-chairs | living-room","sofas-chairs","title: \bsofa\b|\bsofabed\b|\bsuite\b|\bsectional\b|\bseater\b"
"8720675930435","Vienna Locker","Bedside locker","Locker | Lockers & Bedsides | Vienna Locker","bedroom-furniture | bedroom","bedroom-furniture","title: wardrobe|\brobes?\b|bedside|\blockers?\b|headboard|dressing table|\btallboy\b|\bchest\b|blanket box"
"8720721051971","Vienna Dressing Table","Dressing table","Dressing table | Dressing Tables | mirror | stool | Vienna Dressing Table","bedroom-furniture | bedroom","bedroom-furniture","title: wardrobe|\brobes?\b|bedside|\blockers?\b|headboard|dressing table|\btallboy\b|\bchest\b|blanket box"
"8720705519939","Vienna 5 Drawer Chest","Chest","Chest of Drawers | Storage chest | tall chest | Vienna Chest","bedroom-furniture | bedroom","bedroom-furniture","title: wardrobe|\brobes?\b|bedside|\blockers?\b|headboard|dressing table|\btallboy\b|\bchest\b|blanket box"
"9062516785475","Emma Gas-Lift Headboard","","bedroom | bedroom furniture | Beige Fabric Headboard | Emma Gas-Lift Headboard | Headboards","bedroom-furniture | bedroom","bedroom-furniture","title: wardrobe|\brobes?\b|bedside|\blockers?\b|headboard|dressing table|\btallboy\b|\bchest\b|blanket box"
"6819443933371","Orthopedic Chair","Sofas & Chairs","Occasional Chairs","sofas-chairs | chairs-footstools | living-room","chairs-footstools | sofas-chairs","tags: \barmchairs?\b|\barm chairs?\b|\baccent chairs?\b|\boccasional chairs?\b|\bfireside\b|\brecliner\b|\brocking\b|\bfootstools?\b|lift.*rise|\bbean bag\b"
"8612238360899","Carlow Grey Bed","","Fabric & Divan Beds","bedroom-furniture | bedroom","beds | beds-mattresses","title: bedframe|bed frame|\bbeds?\b|\bdivan\b|headboard.*base"
"9556427800899","Cedarwood Nore Oak Bed","Bedroom","bed | Bedframes | bedroom | bedroom furniture | beds | Wooden Beds","beds | beds-mattresses | bedroom","beds | beds-mattresses","title: bedframe|bed frame|\bbeds?\b|\bdivan\b|headboard.*base"
"9556385300803","Cedarwood Boyne Ivory Bed","Bedroom","bed | Bedframes | bedroom | bedroom furniture | beds | Wooden Beds","beds | beds-mattresses | bedroom","beds | beds-mattresses","title: bedframe|bed frame|\bbeds?\b|\bdivan\b|headboard.*base"
"9556341981507","Cedarwood Naturalstone Bed","Bedroom","bed | Bedframes | bedroom | bedroom furniture | beds | Wooden Beds","beds | beds-mattresses | bedroom","beds | beds-mattresses","title: bedframe|bed frame|\bbeds?\b|\bdivan\b|headboard.*base"
"9556334117187","Cedarwood Greystones Bed","Bedroom","bed | Bedframes | bedroom | bedroom furniture | beds | Wooden Beds","beds | beds-mattresses | bedroom","beds | beds-mattresses","title: bedframe|bed frame|\bbeds?\b|\bdivan\b|headboard.*base"
"9556246462787","Cedarwood Trufflestone Bed","Bedroom","bed | Bedframes | bedroom | bedroom furniture | beds | Wooden Beds","beds | beds-mattresses | bedroom","beds | beds-mattresses","title: bedframe|bed frame|\bbeds?\b|\bdivan\b|headboard.*base"
"9554567790915","Cedarwood Indigo Oak Blue Bed","Bedroom","bed | Bedframes | bedroom | bedroom furniture | beds | Wooden Beds","beds | beds-mattresses | bedroom","beds | beds-mattresses","title: bedframe|bed frame|\bbeds?\b|\bdivan\b|headboard.*base"
"9554555502915","Cedarwood Sage Oak Green Bed","Bedroom","bed | Bedframes | bedroom | bedroom furniture | beds | Wooden Beds","beds | beds-mattresses | bedroom","beds | beds-mattresses","title: bedframe|bed frame|\bbeds?\b|\bdivan\b|headboard.*base"
"9554534564163","Annalee Ivory Carcass Bed CW","Bedroom","bed | Bedframes | bedroom | bedroom furniture | beds | Wooden Beds","beds | beds-mattresses | bedroom","beds | beds-mattresses","title: bedframe|bed frame|\bbeds?\b|\bdivan\b|headboard.*base"
"9061617762627","Francesca Bedside Locker","","bedroom | bedroom furniture | bedside | Bedside Locker | Bedside Lockers | Drawer Bedside | Francesca 2 Drawer Bedside | Francesca Bedside Locker | lock bedside table | Locker | locker bedside table | locker near me | Lockers & Bedsides | lockers for home | lockers for sale | storage locker near me","bedroom-furniture | bedroom","bedroom-furniture","title: wardrobe|\brobes?\b|bedside|\blockers?\b|headboard|dressing table|\btallboy\b|\bchest\b|blanket box"
"6947231563963","Daniella 3+4 Drawer Chest","Bedroom","3+4 drawer chest | Chest of Drawers | Daniella 3+4 Drawer Chest | Daniella Furniture Ireland | Wooden Drawer Chest","bedroom-furniture | bedroom","bedroom-furniture","title: wardrobe|\brobes?\b|bedside|\blockers?\b|headboard|dressing table|\btallboy\b|\bchest\b|blanket box"
"8720619209027","Vienna Bed","beds","5"" | 5ft | 6"" | 6ft | beds | Vienna Bed | Wooden Beds","beds | beds-mattresses | bedroom","beds | beds-mattresses","title: bedframe|bed frame|\bbeds?\b|\bdivan\b|headboard.*base"
"9176101323075","Anderson Sofa Bed","Sofas & Chairs","1 seater | 2 seat sofa | 2 seat sofa bed | 2 seater pull out sofa bed | 2 seater recliner sofa | 2 seater sofa | 2 seater sofas | 2 Seaters | 3 seater | 3 Seaters | armchair | armchairs | bed sofa | FABRIC & LEATHER ARMCHAIRS | Fabric Armchairs | fabric sofa | Fold up Beds | sofa 2 seater | sofa bed | sofa bed sale | Sofa Beds | sofa beds for sale | sofa couch bed | sofa for sale | Sofa Set | sofa's & chairs","sofas-chairs | living-room","sofas-chairs","title: \bsofa\b|\bsofabed\b|\bsuite\b|\bsectional\b|\bseater\b"
"9495671112003","L17B66- 80X80 CM","","Wall Art","rugs","accessories | objects","tags: \bmirror\b|wall art|wall decoration|\bpainting\b|\bcanvas\b|\bcushion\b|\bvase\b"
"9495688741187","S18B68 - 80X80 CM","","Wall Art","rugs","accessories | objects","tags: \bmirror\b|wall art|wall decoration|\bpainting\b|\bcanvas\b|\bcushion\b|\bvase\b"
"9495690510659","FAM-2465 - 80X80 CM","","Wall Art","rugs","accessories | objects","tags: \bmirror\b|wall art|wall decoration|\bpainting\b|\bcanvas\b|\bcushion\b|\bvase\b"
"9495691624771","FAM-2434 - 60X90 CM","","Wall Art","rugs","accessories | objects","tags: \bmirror\b|wall art|wall decoration|\bpainting\b|\bcanvas\b|\bcushion\b|\bvase\b"
"9495692509507","FAM-1533 - 80X80 CM","","Wall Art","rugs","accessories | objects","tags: \bmirror\b|wall art|wall decoration|\bpainting\b|\bcanvas\b|\bcushion\b|\bvase\b"
"9495693328707","FAM-1626 - 90X60 CM","","Wall Art","rugs","accessories | objects","tags: \bmirror\b|wall art|wall decoration|\bpainting\b|\bcanvas\b|\bcushion\b|\bvase\b"
"9495694606659","FAM-0637 - 80X80 CM","","Wall Art","rugs","accessories | objects","tags: \bmirror\b|wall art|wall decoration|\bpainting\b|\bcanvas\b|\bcushion\b|\bvase\b"
"9495697457475","FAM-0669 - 90X60 CM","","Wall Art","rugs","accessories | objects","tags: \bmirror\b|wall art|wall decoration|\bpainting\b|\bcanvas\b|\bcushion\b|\bvase\b"
"9496219353411","L19T18 - 80X80 CM","","Wall Art","rugs","accessories | objects","tags: \bmirror\b|wall art|wall decoration|\bpainting\b|\bcanvas\b|\bcushion\b|\bvase\b"
"9496240685379","L18B111 - 80X80 CM","","Wall Art","rugs","accessories | objects","tags: \bmirror\b|wall art|wall decoration|\bpainting\b|\bcanvas\b|\bcushion\b|\bvase\b"
"9496241570115","FAM-2471-1 - 80X80 CM","","Wall Art","rugs","accessories | objects","tags: \bmirror\b|wall art|wall decoration|\bpainting\b|\bcanvas\b|\bcushion\b|\bvase\b"
"9496242848067","FAM-2527 - 80X80 CM","","Wall Art","rugs","accessories | objects","tags: \bmirror\b|wall art|wall decoration|\bpainting\b|\bcanvas\b|\bcushion\b|\bvase\b"
"9496244683075","FAM-1375 - 80X80 CM","","Wall Art","rugs","accessories | objects","tags: \bmirror\b|wall art|wall decoration|\bpainting\b|\bcanvas\b|\bcushion\b|\bvase\b"
"9496247435587","ZH6068- 80X80 CM","","Wall Art","rugs","accessories | objects","tags: \bmirror\b|wall art|wall decoration|\bpainting\b|\bcanvas\b|\bcushion\b|\bvase\b"
"9496268243267","FAM-2523- 90X60 CM","","Wall Art","rugs","accessories | objects","tags: \bmirror\b|wall art|wall decoration|\bpainting\b|\bcanvas\b|\bcushion\b|\bvase\b"
"9496276369731","FAM-0328 - 80X80 CM","","Wall Art","rugs","accessories | objects","tags: \bmirror\b|wall art|wall decoration|\bpainting\b|\bcanvas\b|\bcushion\b|\bvase\b"
"9496282890563","FAM-0117 - 80X80 CM","","Wall Art","rugs","accessories | objects","tags: \bmirror\b|wall art|wall decoration|\bpainting\b|\bcanvas\b|\bcushion\b|\bvase\b"
"9496283775299","FAM-2520 - 80X80 CM","","Wall Art","rugs","accessories | objects","tags: \bmirror\b|wall art|wall decoration|\bpainting\b|\bcanvas\b|\bcushion\b|\bvase\b"
"9493617738051","Donegal Cream Ottoman","","bedroom furniture | Blanket Box | blanket boxes | Ottoman","bedroom-furniture | bedroom","bedroom-furniture","tags: wardrobe|\brobes?\b|bedside|\blockers?\b|headboard|dressing table|\btallboy\b|\bchest\b|blanket box"
"9493612331331","Donegal Cream Bed","beds","Bedframes | bedroom | bedroom furniture | beds | Fabric & Divan Beds","bedroom-furniture | bedroom","beds | beds-mattresses","title: bedframe|bed frame|\bbeds?\b|\bdivan\b|headboard.*base"
"9493608071491","Donegal Grey Ottoman","","bedroom furniture | Blanket Box | blanket boxes | Ottoman","bedroom-furniture | bedroom","bedroom-furniture","tags: wardrobe|\brobes?\b|bedside|\blockers?\b|headboard|dressing table|\btallboy\b|\bchest\b|blanket box"
"9493602894147","Donegal Grey Bed","beds","Bedframes | bedroom | bedroom furniture | beds","bedroom-furniture | bedroom","beds | beds-mattresses","title: bedframe|bed frame|\bbeds?\b|\bdivan\b|headboard.*base"
"9493594145091","Roscommon Locker","","bedside | Bedside Locker | Bedside Lockers | Drawer Bedside | Locker | locker bedside table | Lockers & Bedsides","bedroom-furniture | bedroom","bedroom-furniture","title: wardrobe|\brobes?\b|bedside|\blockers?\b|headboard|dressing table|\btallboy\b|\bchest\b|blanket box"
"9493592080707","Roscommon Bed","beds","Bedframes | bedroom | bedroom furniture | beds | Roscommon Bed","bedroom-furniture | bedroom","beds | beds-mattresses","title: bedframe|bed frame|\bbeds?\b|\bdivan\b|headboard.*base"
"9473791426883","Nevada 6 Drawer Chest (Black Gloss) WH","","6 drawer chest | bedroom | bedroom furniture | chest | Chest of Drawers | drawer chest | sale | Storage chest","bedroom-furniture | bedroom","bedroom-furniture","title: wardrobe|\brobes?\b|bedside|\blockers?\b|headboard|dressing table|\btallboy\b|\bchest\b|blanket box"
"9473786741059","Nevada 6 Drawer Chest (Grey Gloss/Light Oak Effect Veneer) WH","","6 drawer chest | bedroom | bedroom furniture | chest | Chest of Drawers | drawer chest | sale | Storage chest","bedroom-furniture | bedroom","bedroom-furniture","title: wardrobe|\brobes?\b|bedside|\blockers?\b|headboard|dressing table|\btallboy\b|\bchest\b|blanket box"
"9473782645059","Nevada 6 Drawer Chest (White Gloss) WH","","6 drawer chest | bedroom | bedroom furniture | chest | Chest of Drawers | drawer chest | sale | Storage chest","bedroom-furniture | bedroom","bedroom-furniture","title: wardrobe|\brobes?\b|bedside|\blockers?\b|headboard|dressing table|\btallboy\b|\bchest\b|blanket box"
"9473779106115","Nevada 5 Drawer Narrow Chest (White Gloss) WH","","5 chest drawer | 5 drawer chest | 5 drawer chest drawers | 5 drawer chest of drawers | bedroom | bedroom furniture | chest | Chest of Drawers | drawer chest | narrow chest | sale | Storage chest | tall chest | Tallboy","bedroom-furniture | bedroom","bedroom-furniture","title: wardrobe|\brobes?\b|bedside|\blockers?\b|headboard|dressing table|\btallboy\b|\bchest\b|blanket box"
"9473735131459","Nevada 5 Drawer Narrow Chest (Grey Gloss/Light Oak Effect Veneer) WH","","5 chest drawer | 5 drawer chest | 5 drawer chest drawers | 5 drawer chest of drawers | chest | Chest of Drawers | drawer chest | narrow chest | sale | Storage chest | tall chest | Tallboy","bedroom-furniture | bedroom","bedroom-furniture","title: wardrobe|\brobes?\b|bedside|\blockers?\b|headboard|dressing table|\btallboy\b|\bchest\b|blanket box"
"9473725759811","Nevada 5 Drawer Low Wardrobe (Grey Gloss/Light Oak Effect Veneer) WH","","bedroom | bedroom furniture | bedroom wardrobe | sale | wardrobe cabinet | Wardrobes","bedroom-furniture | bedroom | kids-furniture","bedroom-furniture","title: wardrobe|\brobes?\b|bedside|\blockers?\b|headboard|dressing table|\btallboy\b|\bchest\b|blanket box"
"9473698496835","Nevada 5 Drawer Low Wardrobe (White Gloss) WH","","bedroom | bedroom furniture | bedroom wardrobe | sale | wardrobe cabinet | Wardrobes","bedroom-furniture | bedroom | kids-furniture","bedroom-furniture","title: wardrobe|\brobes?\b|bedside|\blockers?\b|headboard|dressing table|\btallboy\b|\bchest\b|blanket box"
"9451478974787","Nevada 4 Drawer Dressing Table Set (White Gloss) WH","Dressing table","bedroom | bedroom furniture | Dressing table | Dressing Tables | sale","bedroom-furniture | bedroom","bedroom-furniture","title: wardrobe|\brobes?\b|bedside|\blockers?\b|headboard|dressing table|\btallboy\b|\bchest\b|blanket box"
"9451473862979","Nevada 4 Drawer Dressing Table Set (Grey Gloss/Light Oak Effect Veneer) WH","Dressing table","bedroom | bedroom furniture | Dressing table | Dressing Tables | sale","bedroom-furniture | bedroom","bedroom-furniture","title: wardrobe|\brobes?\b|bedside|\blockers?\b|headboard|dressing table|\btallboy\b|\bchest\b|blanket box"
"9451448074563","Nevada 4 Door 2 Drawer Mirrored Wardrobe (Grey Gloss/Light Oak Effect Veneer) WH","","bedroom | bedroom furniture | bedroom wardrobe | sale | wardrobe cabinet | Wardrobes","bedroom-furniture | bedroom | kids-furniture","bedroom-furniture","title: wardrobe|\brobes?\b|bedside|\blockers?\b|headboard|dressing table|\btallboy\b|\bchest\b|blanket box"
"9451336139075","Nevada 4 Door 2 Drawer Mirrored Wardrobe (White Gloss) WH","","bedroom | bedroom furniture | bedroom wardrobe | sale | wardrobe cabinet | Wardrobes","bedroom-furniture | bedroom | kids-furniture","bedroom-furniture","title: wardrobe|\brobes?\b|bedside|\blockers?\b|headboard|dressing table|\btallboy\b|\bchest\b|blanket box"
"9451261460803","Nevada 3+2 Drawer Chest (Grey Gloss/Light Oak Effect Veneer) - WH","Chest","3 Drawer | 3 Drawer Chest | chest | Chest of Drawers | drawer chest | nevada | Storage chest","bedroom-furniture | bedroom","bedroom-furniture","title: wardrobe|\brobes?\b|bedside|\blockers?\b|headboard|dressing table|\btallboy\b|\bchest\b|blanket box"
"9451250319683","Nevada 3 Drawer Chest (Grey Gloss/Light Oak Effect Veneer) - WH","Chest","3 Drawer | 3 Drawer Chest | chest | Chest of Drawers | drawer chest | nevada | Storage chest","bedroom-furniture | bedroom","bedroom-furniture","title: wardrobe|\brobes?\b|bedside|\blockers?\b|headboard|dressing table|\btallboy\b|\bchest\b|blanket box"
"9448799437123","Nevada 3 Drawer Bedside Grey Gloss/Light Oak Effect Veneer - WH","Bedside locker","3 Drawer | Bedside Lockers | Lockers & Bedsides | nevada","bedroom-furniture | bedroom","bedroom-furniture","title: wardrobe|\brobes?\b|bedside|\blockers?\b|headboard|dressing table|\btallboy\b|\bchest\b|blanket box"
"8720949739843","Grace Gas-Lift Headboard","beds","4""6 | 4ft6 | 5"" | 5ft | adjustable base with headboard | beds | Beige Fabric Headboard | Gas Lift Bed | Headboards | headboards for adjustable base beds | headboards for adjustable bases","bedroom-furniture | bedroom","bedroom-furniture","title: wardrobe|\brobes?\b|bedside|\blockers?\b|headboard|dressing table|\btallboy\b|\bchest\b|blanket box"
"9409496842563","Waterford Blanket Box","Bedroom","bedroom | bedroom furniture | Blanket Box | blanket boxes | blanket storage box | Green | grey blanket box | grey fabric blanket box | Waterford Blanket Box","bedroom-furniture | bedroom","bedroom-furniture","title: wardrobe|\brobes?\b|bedside|\blockers?\b|headboard|dressing table|\btallboy\b|\bchest\b|blanket box"
"9409484521795","Waterford Locker","Bedside locker","bedroom | bedroom furniture | Bedside Lockers | Lockers & Bedsides | Waterford Locker","bedroom-furniture | bedroom","bedroom-furniture","title: wardrobe|\brobes?\b|bedside|\blockers?\b|headboard|dressing table|\btallboy\b|\bchest\b|blanket box"
"9409455292739","Waterford Bed Grey","beds","Bedframes | bedroom | bedroom furniture | beds | sale | Storage Bed | Waterford Bed Grey","beds | beds-mattresses | bedroom","beds | beds-mattresses","title: bedframe|bed frame|\bbeds?\b|\bdivan\b|headboard.*base"
"9409434648899","Waterford Bed Green","beds","Bedframes | bedroom | bedroom furniture | beds | sale | Storage Bed | Waterford Bed Green","beds | beds-mattresses | bedroom","beds | beds-mattresses","title: bedframe|bed frame|\bbeds?\b|\bdivan\b|headboard.*base"
"8630277964099","Evan 1 Seater Lift & Rise Sultry","","armchairs | Electric Chairs | Lift & Rise","living-room","sofas-chairs","title: \bsofa\b|\bsofabed\b|\bsuite\b|\bsectional\b|\bseater\b"
"9426557731139","Nevada 3 Door 2 Drawer Mirrored Wardrobe (Grey Gloss/Light Oak Effect Veneer) WH","","bedroom | bedroom furniture | bedroom wardrobe | sale | wardrobe cabinet | Wardrobes","bedroom-furniture | bedroom | kids-furniture","bedroom-furniture","title: wardrobe|\brobes?\b|bedside|\blockers?\b|headboard|dressing table|\btallboy\b|\bchest\b|blanket box"
"9426552357187","Nevada 3 Door 2 Drawer Mirrored Wardrobe (White Gloss) WH","","bedroom | bedroom furniture | bedroom wardrobe | sale | wardrobe cabinet | Wardrobes","bedroom-furniture | bedroom | kids-furniture","bedroom-furniture","title: wardrobe|\brobes?\b|bedside|\blockers?\b|headboard|dressing table|\btallboy\b|\bchest\b|blanket box"
"9426322882883","Nevada 2 Door Corner Wardrobe (Grey Gloss/Light Oak Effect Veneer) WH","","bedroom | bedroom furniture | bedroom wardrobe | Nevada 2 Door Corner Wardrobe (White Gloss) | sale | wardrobe cabinet | Wardrobes","bedroom-furniture | bedroom | kids-furniture","bedroom-furniture","title: wardrobe|\brobes?\b|bedside|\blockers?\b|headboard|dressing table|\btallboy\b|\bchest\b|blanket box"
"9415407665475","Nevada 2 Door 1 Drawer Wardrobe Bedroom Set (Grey Gloss/Light Oak Effect Veneer) WH","Bedroom","bedroom | bedroom furniture | bedroom wardrobe | bedside | Bedside Locker | Bedside Lockers | chest | Chest of Drawers | Drawer Bedside | locker bedside table | Lockers & Bedsides | Nevada 2 Door 1 Drawer Wardrobe Bedroom Set (Grey Gloss/Light Oak Effect Veneer) | sale | wardrobe cabinet | Wardrobes","bedroom-furniture | bedroom | kids-furniture","bedroom-furniture","title: wardrobe|\brobes?\b|bedside|\blockers?\b|headboard|dressing table|\btallboy\b|\bchest\b|blanket box"
"9415338459459","Nevada 2 Door All Hanging Wardrobe (Grey Gloss/Light Oak Effect Veneer) WH","","bedroom | bedroom furniture | bedroom wardrobe | Nevada 2 Door All Hanging Wardrobe (Grey Gloss/Light Oak Effect Veneer) | sale | wardrobe cabinet | Wardrobes","bedroom-furniture | bedroom | kids-furniture","bedroom-furniture","title: wardrobe|\brobes?\b|bedside|\blockers?\b|headboard|dressing table|\btallboy\b|\bchest\b|blanket box"
"9415274004803","Nevada 2 Door 1 Drawer Wardrobe (White Gloss) WH","","bedroom | bedroom furniture | bedroom wardrobe | Nevada 2 Door 1 Drawer Wardrobe (White Gloss) | sale | wardrobe cabinet | Wardrobes","bedroom-furniture | bedroom | kids-furniture","bedroom-furniture","title: wardrobe|\brobes?\b|bedside|\blockers?\b|headboard|dressing table|\btallboy\b|\bchest\b|blanket box"
"9415226687811","Nevada 1 Door 1 Drawer Wardrobe (Grey Gloss/Light Oak Effect Veneer) WH","","bedroom | bedroom furniture | bedroom wardrobe | Nevada 1 Door 1 Drawer Wardrobe (Grey Gloss/Light Oak Effect Veneer) | sale | wardrobe cabinet | Wardrobes","bedroom-furniture | bedroom | kids-furniture","bedroom-furniture","title: wardrobe|\brobes?\b|bedside|\blockers?\b|headboard|dressing table|\btallboy\b|\bchest\b|blanket box"
"8756654178627","Durham Coffee Table - WH","","Coffee Tables | Durham Coffee Table","dining","living-room","title: coffee|\bconsole\b|\bnest\b|\bside table\b|\bend table\b|\boccasional table\b|\bbookcase\b|\bcabinet\b|\btv\b|\bmedia unit\b|\bdisplay unit\b"
"6958394147003","London 3 Drawer Locker","Bedroom","Lockers & Bedsides","bedroom-furniture | bedroom","bedroom-furniture","title: wardrobe|\brobes?\b|bedside|\blockers?\b|headboard|dressing table|\btallboy\b|\bchest\b|blanket box"
"6965215822011","Oscar Nest of 3 Tables","Living Room","Nest of Tables","dining","living-room","title: coffee|\bconsole\b|\bnest\b|\bside table\b|\bend table\b|\boccasional table\b|\bbookcase\b|\bcabinet\b|\btv\b|\bmedia unit\b|\bdisplay unit\b"
"6965192130747","Oscar Lamp Table","Living Room","Lamp Table","living-room","lighting | objects","title: \blamp\b|\bsconce\b|\blight\b|\bchandelier\b"
"6965207236795","Oscar Large Extension Table","Dining","Dining Chairs & Benches | Dining Tables","dining","dining","tags: dining|\bbar stool\b|\bbarstool\b|\bbreakfast\b|\bbench\b|\bsideboard\b"
"6965166178491","Oscar Butterfly Extension Table 1.4 Metre","Dining","Dining Tables","dining","dining","tags: dining|\bbar stool\b|\bbarstool\b|\bbreakfast\b|\bbench\b|\bsideboard\b"
"6965213692091","Oscar Low Dining Chair","Dining","Dining Chairs & Benches","dining","dining","title: dining|\bbar stool\b|\bbarstool\b|\bbreakfast\b|\bbench\b|\bsideboard\b"
"6945729708219","Bella 3+4 Drawer Chest","Bedroom","Chest of Drawers","bedroom-furniture | bedroom","bedroom-furniture","title: wardrobe|\brobes?\b|bedside|\blockers?\b|headboard|dressing table|\btallboy\b|\bchest\b|blanket box"
"8612246552899","Parker Headboard","","Headboards","bedroom-furniture | bedroom","bedroom-furniture","title: wardrobe|\brobes?\b|bedside|\blockers?\b|headboard|dressing table|\btallboy\b|\bchest\b|blanket box"
"8612246487363","Oasis Base","","Fabric & Divan Beds","sofas-chairs | chairs-footstools | living-room","beds | beds-mattresses","tags: bedframe|bed frame|\bbeds?\b|\bdivan\b|headboard.*base"
"6965147500731","Oscar 1 Drawer Mini Console Table","Living Room","Console Tables","dining","living-room","title: coffee|\bconsole\b|\bnest\b|\bside table\b|\bend table\b|\boccasional table\b|\bbookcase\b|\bcabinet\b|\btv\b|\bmedia unit\b|\bdisplay unit\b"
"9182453891395","Mattia Lift & Rise Chair","Sofas & Chairs","armchairs | Electric Chairs | FABRIC & LEATHER ARMCHAIRS | Leather Armchairs | Lift & Rise | sofa's & chairs","sofas-chairs | chairs-footstools | living-room","chairs-footstools | sofas-chairs","title: \barmchairs?\b|\barm chairs?\b|\baccent chairs?\b|\boccasional chairs?\b|\bfireside\b|\brecliner\b|\brocking\b|\bfootstools?\b|lift.*rise|\bbean bag\b"
"8612246454595","Oasis Base + Wilson Headboard","","Fabric & Divan Beds | Headboards","bedroom-furniture | bedroom","beds | beds-mattresses","title: headboard and base set"
"9183609553219","Ember Fireside Fabric Chair","","2 seater sofa | 2 seater sofas | 2 Seaters | armchair | armchairs | Chairs | FABRIC & LEATHER ARMCHAIRS | Fabric Armchairs | loveseat | sofa's & chairs","sofas-chairs | chairs-footstools | living-room","chairs-footstools | sofas-chairs","title: \barmchairs?\b|\barm chairs?\b|\baccent chairs?\b|\boccasional chairs?\b|\bfireside\b|\brecliner\b|\brocking\b|\bfootstools?\b|lift.*rise|\bbean bag\b"
"9183595168067","Blaze Fireside Fabric Chair","","2 seater sofa | 2 seater sofas | 2 Seaters | armchair | armchairs | Chairs | FABRIC & LEATHER ARMCHAIRS | Fabric Armchairs | loveseat | sofa's & chairs","sofas-chairs | chairs-footstools | living-room","chairs-footstools | sofas-chairs","title: \barmchairs?\b|\barm chairs?\b|\baccent chairs?\b|\boccasional chairs?\b|\bfireside\b|\brecliner\b|\brocking\b|\bfootstools?\b|lift.*rise|\bbean bag\b"
"6819410575547","Brandon Armchair","Sofas & Chairs","Occasional Chairs","sofas-chairs | chairs-footstools | living-room","chairs-footstools | sofas-chairs","title: \barmchairs?\b|\barm chairs?\b|\baccent chairs?\b|\boccasional chairs?\b|\bfireside\b|\brecliner\b|\brocking\b|\bfootstools?\b|lift.*rise|\bbean bag\b"
"9182311481667","Wendy Boucle Chair","Sofas & Chairs","1 seater | armchair | armchairs | Chairs | FABRIC & LEATHER ARMCHAIRS | Fabric Armchairs | fabric sofa | Occasional Chairs | sofa's & chairs","sofas-chairs | chairs-footstools | living-room","sofas-chairs","tags: \bsofa\b|\bsofabed\b|\bsuite\b|\bsectional\b|\bseater\b"
"9182265344323","Reese Accent Chair","","1 seater | armchair | armchairs | Chairs | FABRIC & LEATHER ARMCHAIRS | Fabric Armchairs | fabric sofa | Occasional Chairs | Reese Accent Chair | sofa's & chairs","sofas-chairs | chairs-footstools | living-room","chairs-footstools | sofas-chairs","title: \barmchairs?\b|\barm chairs?\b|\baccent chairs?\b|\boccasional chairs?\b|\bfireside\b|\brecliner\b|\brocking\b|\bfootstools?\b|lift.*rise|\bbean bag\b"
"8629913223491","Bray Accent Chair","Sofas & Chairs","Bray Accent Chair | Chairs | Occasional Chairs | sofa's & chairs","sofas-chairs | chairs-footstools | living-room","chairs-footstools | sofas-chairs","title: \barmchairs?\b|\barm chairs?\b|\baccent chairs?\b|\boccasional chairs?\b|\bfireside\b|\brecliner\b|\brocking\b|\bfootstools?\b|lift.*rise|\bbean bag\b"
"9176145068355","Sophie Static Sofa","Sofas & Chairs","2 seat sofa | 2 seater sofa | 2 seater sofas | 2 Seaters | 3 seater | 3 Seaters | fabric sofa | sofa 2 seater | sofa for sale | Sofa Set | sofa's & chairs","sofas-chairs | living-room","sofas-chairs","title: \bsofa\b|\bsofabed\b|\bsuite\b|\bsectional\b|\bseater\b"
"9176125342019","Charlotte Armchair","Sofas & Chairs","armchair | armchairs | FABRIC & LEATHER ARMCHAIRS | Fabric Armchairs | fabric sofa | Graphite | Living Room | loveseat | sofa for sale | sofa's & chairs | Winter Moss","sofas-chairs | chairs-footstools | living-room","chairs-footstools | sofas-chairs","title: \barmchairs?\b|\barm chairs?\b|\baccent chairs?\b|\boccasional chairs?\b|\bfireside\b|\brecliner\b|\brocking\b|\bfootstools?\b|lift.*rise|\bbean bag\b"
"9176074715459","Ricardo Motion Sofa","Sofas & Chairs","1 seater | 2 seat sofa | 2 seater recliner sofa | 2 seater sofa | 2 seater sofas | 2 Seaters | 3 seater | 3 Seaters | armchair | armchairs | Electric Chairs | FABRIC & LEATHER ARMCHAIRS | Fabric Armchairs | fabric sofa | Recliner Chairs | sofa 2 seater | sofa for sale | Sofa Set | sofa's & chairs","sofas-chairs | living-room","sofas-chairs","title: \bsofa\b|\bsofabed\b|\bsuite\b|\bsectional\b|\bseater\b"
"6967169286331","Salou Double Wardrobe With Drawers","Bedroom","Wardrobes","bedroom-furniture | bedroom","bedroom-furniture","title: wardrobe|\brobes?\b|bedside|\blockers?\b|headboard|dressing table|\btallboy\b|\bchest\b|blanket box"
"9175059661123","Whitney Double Wardrobe - White","Bedroom","bedroom wardrobe | Wardrobes | white wardrobe | Whitney Double Warerobe - White","bedroom-furniture | bedroom","bedroom-furniture","title: wardrobe|\brobes?\b|bedside|\blockers?\b|headboard|dressing table|\btallboy\b|\bchest\b|blanket box"
"9175155736899","Capri Dining Chair","Dining","capri dining chair | comfort | Dining Chair | Dining Chairs & Benches | Grey | metal legs | midnight blue | padded seat | sage green | Salmon | taupe","dining","dining","title: dining|\bbar stool\b|\bbarstool\b|\bbreakfast\b|\bbench\b|\bsideboard\b"
"9175211508035","Gabriel Dining Chair","Dining","comfort | Dining Chair | Dining Chairs & Benches | Grey | metal legs | midnight blue | padded seat | sage green | Salmon | taupe","dining","dining","title: dining|\bbar stool\b|\bbarstool\b|\bbreakfast\b|\bbench\b|\bsideboard\b"
"8765182542147","Kendra Accent Chair Grey Fabric","","CHAIRS & FOOTSTOOLS | Kendra Accent Chair Grey Fabric | Occasional Chairs","dining","chairs-footstools | sofas-chairs","title: \barmchairs?\b|\barm chairs?\b|\baccent chairs?\b|\boccasional chairs?\b|\bfireside\b|\brecliner\b|\brocking\b|\bfootstools?\b|lift.*rise|\bbean bag\b"
"9180502884675","T108019S Lamp","Living Room","lamp | lamps | Living Room","lighting | objects","lighting | objects","title: \blamp\b|\bsconce\b|\blight\b|\bchandelier\b"
"9180415099203","T209023 Lamp","Living Room","lamp | lamps | Living Room","lighting | objects","lighting | objects","title: \blamp\b|\bsconce\b|\blight\b|\bchandelier\b"
"9180409168195","T209026 Lamp","Living Room","lamp | lamps | Living Room","lighting | objects","lighting | objects","title: \blamp\b|\bsconce\b|\blight\b|\bchandelier\b"
"9180391801155","T209027 Lamp","Living Room","lamp | lamps | Living Room | T209027 Lamp","lighting | objects","lighting | objects","title: \blamp\b|\bsconce\b|\blight\b|\bchandelier\b"
"9180413624643","T209024 Lamp","Living Room","lamp | lamps | Living Room","lighting | objects","lighting | objects","title: \blamp\b|\bsconce\b|\blight\b|\bchandelier\b"
"9180422799683","T108015B Lamp","Living Room","lamp | lamps | Living Room","lighting | objects","lighting | objects","title: \blamp\b|\bsconce\b|\blight\b|\bchandelier\b"
"9180420669763","T108040A Lamp","Living Room","lamp | lamps | Living Room","lighting | objects","lighting | objects","title: \blamp\b|\bsconce\b|\blight\b|\bchandelier\b"
"9180418998595","T108020B Lamp","Living Room","lamp | lamps | Living Room","lighting | objects","lighting | objects","title: \blamp\b|\bsconce\b|\blight\b|\bchandelier\b"
"9180417687875","T209022 Lamp","Living Room","lamp | lamps | Living Room","lighting | objects","lighting | objects","title: \blamp\b|\bsconce\b|\blight\b|\bchandelier\b"
"9180485648707","T2314 Lamp","Living Room","lamp | lamps | Living Room","lighting | objects","lighting | objects","title: \blamp\b|\bsconce\b|\blight\b|\bchandelier\b"
"9180449702211","T108011 Lamp","Living Room","lamp | lamps | Living Room","lighting | objects","lighting | objects","title: \blamp\b|\bsconce\b|\blight\b|\bchandelier\b"
"9180443214147","T108002 Lamp","Living Room","lamp | lamps | Living Room","lighting | objects","lighting | objects","title: \blamp\b|\bsconce\b|\blight\b|\bchandelier\b"
"9180429156675","T209018W Lamp","Living Room","lamp | lamps | Living Room","lighting | objects","lighting | objects","title: \blamp\b|\bsconce\b|\blight\b|\bchandelier\b"
"9180498395459","T2312 Lamp","Living Room","lamp | lamps | Living Room","lighting | objects","lighting | objects","title: \blamp\b|\bsconce\b|\blight\b|\bchandelier\b"
"9180496986435","T2311 Lamp","Living Room","lamp | lamps | Living Room","lighting | objects","lighting | objects","title: \blamp\b|\bsconce\b|\blight\b|\bchandelier\b"
"9180495085891","T2313 Lamp","Living Room","lamp | lamps | Living Room","lighting | objects","lighting | objects","title: \blamp\b|\bsconce\b|\blight\b|\bchandelier\b"
"9180492497219","T2315 Lamp","Living Room","lamp | lamps | Living Room","lighting | objects","lighting | objects","title: \blamp\b|\bsconce\b|\blight\b|\bchandelier\b"
"9180499837251","F209029 Lamp","Living Room","lamp | lamps | Living Room","lighting | objects","lighting | objects","title: \blamp\b|\bsconce\b|\blight\b|\bchandelier\b"
"9180501016899","F209028 Lamp","Living Room","lamp | lamps | Living Room","lighting | objects","lighting | objects","title: \blamp\b|\bsconce\b|\blight\b|\bchandelier\b"
"9135441609027","Giada Recliner Chair","Living Room","1 seater | Electric Chairs | FABRIC & LEATHER ARMCHAIRS | Giada Recliner Chair | Leather Armchairs | Leather Chairs | Light Grey | recliner | Recliner Chairs | Sapphire Blue","sofas-chairs | chairs-footstools | living-room","chairs-footstools | sofas-chairs","title: \barmchairs?\b|\barm chairs?\b|\baccent chairs?\b|\boccasional chairs?\b|\bfireside\b|\brecliner\b|\brocking\b|\bfootstools?\b|lift.*rise|\bbean bag\b"
"9132445827395","Conrad Steel Blue Recliner","Sofas & Chairs","1 seater | 2 seat sofa | 2 seater recliner sofa | 2 Seaters | 3 seater | 3 Seaters | armchair | armchairs | Conrad Steel Blue Recliner | Electric Chairs | FABRIC & LEATHER ARMCHAIRS | Fabric Armchairs | fabric sofa | Living Room | livingroom | manual recliner | Recliner Chairs | sofa 2 seater | sofa's & chairs | swivel","sofas-chairs | living-room","chairs-footstools | sofas-chairs","title: \barmchairs?\b|\barm chairs?\b|\baccent chairs?\b|\boccasional chairs?\b|\bfireside\b|\brecliner\b|\brocking\b|\bfootstools?\b|lift.*rise|\bbean bag\b"
"8821772812611","Roma Dining Set","Dining","Dining Sets","dining","dining","title: dining|\bbar stool\b|\bbarstool\b|\bbreakfast\b|\bbench\b|\bsideboard\b"
"9135514648899","Leroy Electric Recliner","Sofas & Chairs","1 seater | 2 seat sofa | 2 seater recliner sofa | 2 seater sofa | 2 seater sofas | 2 seater with console | 3 seater | 3 Seaters | armchair | armchairs | chestnut | Corner | Corner Sofa | Electric Chairs | FABRIC & LEATHER ARMCHAIRS | Fabric Armchairs | fabric sofa | Living Room | livingroom | Recliner Chairs | sofa 2 seater | sofa for sale | sofa's & chairs","sofas-chairs | chairs-footstools | living-room","chairs-footstools | sofas-chairs","title: \barmchairs?\b|\barm chairs?\b|\baccent chairs?\b|\boccasional chairs?\b|\bfireside\b|\brecliner\b|\brocking\b|\bfootstools?\b|lift.*rise|\bbean bag\b"
"9135460974915","Herbert Electric Motion Chair","Sofas & Chairs","1 seater | 2 seat sofa | 2 seater recliner sofa | 2 seater sofa | 2 seater sofas | 2 seater with console | 3 seater | 3 Seaters | armchair | armchairs | chestnut | Corner | Corner Sofa | Electric Chairs | FABRIC & LEATHER ARMCHAIRS | Fabric Armchairs | fabric sofa | Faux Suede | Herbert Electric Motion Chair | Living Room | livingroom | manual recliner | Recliner Chairs | sofa 2 seater | sofa for sale | sofa's & chairs","sofas-chairs | chairs-footstools | living-room","sofas-chairs","tags: \bsofa\b|\bsofabed\b|\bsuite\b|\bsectional\b|\bseater\b"
"9135448686915","Glenwood Electric Motion Sofa","Sofas & Chairs","1 seater | 2 seat sofa | 2 seater recliner sofa | 2 seater sofa | 2 seater sofas | 2 seater with console | 3 seater | 3 Seaters | armchair | armchairs | chestnut | Electric Chairs | FABRIC & LEATHER ARMCHAIRS | Fabric Armchairs | fabric sofa | Faux Suede | Glenwood Electric Motion Sofa | Living Room | livingroom | manual recliner | Recliner Chairs | sofa 2 seater | sofa for sale | sofa's & chairs","sofas-chairs | living-room","sofas-chairs","title: \bsofa\b|\bsofabed\b|\bsuite\b|\bsectional\b|\bseater\b"
"9135415001411","Ebba Recliner Chair","Sofas & Chairs","1 seat | 1 seater | Dark Grey | FABRIC & LEATHER ARMCHAIRS | Fabric Armchairs | fabric sofa | Green | Indigo | Light Grey | Living Room | livingroom | recliner | Recliner Chairs | sofa's & chairs","sofas-chairs | chairs-footstools | living-room","chairs-footstools | sofas-chairs","title: \barmchairs?\b|\barm chairs?\b|\baccent chairs?\b|\boccasional chairs?\b|\bfireside\b|\brecliner\b|\brocking\b|\bfootstools?\b|lift.*rise|\bbean bag\b"
"9132420792643","Casey Recliner","Sofas & Chairs","1 seater | 2 seat sofa | 2 seater recliner sofa | 2 seater sofa | 2 seater sofas | 2 seater with console | 3 seater | 3 Seaters | armchair | armchairs | Corner | Corner Sofa | FABRIC & LEATHER ARMCHAIRS | Fabric Armchairs | fabric sofa | Faux Suede | Living Room | livingroom | manual recliner | Recliner Chairs | sofa 2 seater | sofa for sale | sofa's & chairs","sofas-chairs | chairs-footstools | living-room","chairs-footstools | sofas-chairs","title: \barmchairs?\b|\barm chairs?\b|\baccent chairs?\b|\boccasional chairs?\b|\bfireside\b|\brecliner\b|\brocking\b|\bfootstools?\b|lift.*rise|\bbean bag\b"
"9131624038723","Aurora Italian Leather Sofa - Tan","Sofas & Chairs","1 seater | 2 seat sofa | 2 seater sofa | 2 seater sofas | 2 Seaters | 2.5 Seater | Aurora Italian Leather Sofa | FABRIC & LEATHER ARMCHAIRS | fabric sofa | Leather Armchairs | Leather Chairs | Ottoman | sofa 2 seater | sofa for sale | sofa's & chairs | Storage","sofas-chairs | living-room","sofas-chairs","title: \bsofa\b|\bsofabed\b|\bsuite\b|\bsectional\b|\bseater\b"
"6819441279163","Snug Milano Bean Chair","Kids Furniture","bean bag chair black | Bean Bags | black and white bean bag chair | Snug Milano Bean Chair - Black Snug Bean Chair","sofas-chairs | chairs-footstools | living-room","chairs-footstools | sofas-chairs","tags: \barmchairs?\b|\barm chairs?\b|\baccent chairs?\b|\boccasional chairs?\b|\bfireside\b|\brecliner\b|\brocking\b|\bfootstools?\b|lift.*rise|\bbean bag\b"
"6945702772923","Aintree Double Robe","Bedroom","best double rob | double robe | rob double | Wardrobes","bedroom-furniture | bedroom","bedroom-furniture","title: wardrobe|\brobes?\b|bedside|\blockers?\b|headboard|dressing table|\btallboy\b|\bchest\b|blanket box"
"8802447688003","Quebec Wave Edge Console Table - WH","","Console Tables","dining","living-room","title: coffee|\bconsole\b|\bnest\b|\bside table\b|\bend table\b|\boccasional table\b|\bbookcase\b|\bcabinet\b|\btv\b|\bmedia unit\b|\bdisplay unit\b"
"8756666794307","EDDIE COFFEE TABLE Grey/Sonoma Effect - WH","","Coffee Tables | Eddie | Grey","dining","living-room","title: coffee|\bconsole\b|\bnest\b|\bside table\b|\bend table\b|\boccasional table\b|\bbookcase\b|\bcabinet\b|\btv\b|\bmedia unit\b|\bdisplay unit\b"
"8756517241155","Athens Rectangular Coffee Table Concrete Effect/Black - WH","","Athens Rectangular Coffee Table | Black | Coffee Tables | Concrete Effect","dining","living-room","title: coffee|\bconsole\b|\bnest\b|\bside table\b|\bend table\b|\boccasional table\b|\bbookcase\b|\bcabinet\b|\btv\b|\bmedia unit\b|\bdisplay unit\b"
"8756510196035","Athens Oval Coffee Table Concrete Effect/Black - WH","","Athens Duo Coffee Table Set | Black | Coffee Tables | Concrete Effect","dining","living-room","title: coffee|\bconsole\b|\bnest\b|\bside table\b|\bend table\b|\boccasional table\b|\bbookcase\b|\bcabinet\b|\btv\b|\bmedia unit\b|\bdisplay unit\b"
"8756453867843","Aspen Coffee Table White Oak/Stone Effect - WH","","Aspen Coffee Table | Coffee Tables | Oak | Stone Effect | White","dining","living-room","title: coffee|\bconsole\b|\bnest\b|\bside table\b|\bend table\b|\boccasional table\b|\bbookcase\b|\bcabinet\b|\btv\b|\bmedia unit\b|\bdisplay unit\b"
"6967471440059","Vicenza Coffee Table Light Grey","Living Room","Coffee Tables","dining","lighting | objects","title: \blamp\b|\bsconce\b|\blight\b|\bchandelier\b"
"8639690277187","Dario Round Table with Chrome Legs","Dining","Dining Tables | Round Table","dining","dining","tags: dining|\bbar stool\b|\bbarstool\b|\bbreakfast\b|\bbench\b|\bsideboard\b"
"6965205696699","Oscar Large Dining Chair - PU Seat","Dining","Dining Chairs & Benches","dining","dining","title: dining|\bbar stool\b|\bbarstool\b|\bbreakfast\b|\bbench\b|\bsideboard\b"
"6965198651579","Oscar Large Chair - Wooden Seat","Dining","Dining Chairs & Benches","dining","dining","tags: dining|\bbar stool\b|\bbarstool\b|\bbreakfast\b|\bbench\b|\bsideboard\b"
"6949860704443","Delta Oak 2 Drawer Locker","Bedroom","Lockers & Bedsides","bedroom-furniture | bedroom","bedroom-furniture","title: wardrobe|\brobes?\b|bedside|\blockers?\b|headboard|dressing table|\btallboy\b|\bchest\b|blanket box"
"6958360133819","Kylie 5 Drawer Chest","Bedroom","Chest of Drawers | drawer chest | drawer dresser | dresser drawyer | kylie chest","bedroom-furniture | bedroom","bedroom-furniture","title: wardrobe|\brobes?\b|bedside|\blockers?\b|headboard|dressing table|\btallboy\b|\bchest\b|blanket box"
"6967165780155","Salou 4+2 Drawer Chest","Bedroom","Chest of Drawers","bedroom-furniture | bedroom","bedroom-furniture","title: wardrobe|\brobes?\b|bedside|\blockers?\b|headboard|dressing table|\btallboy\b|\bchest\b|blanket box"
"6945740783803","Bella Two Drawer Bedside Locker","Bedroom","Lockers & Bedsides","bedroom-furniture | bedroom","bedroom-furniture","title: wardrobe|\brobes?\b|bedside|\blockers?\b|headboard|dressing table|\btallboy\b|\bchest\b|blanket box"
"6945735016635","Bella 3+4 Drawer Wide Chest","Bedroom","Chest of Drawers","bedroom-furniture | bedroom","bedroom-furniture","title: wardrobe|\brobes?\b|bedside|\blockers?\b|headboard|dressing table|\btallboy\b|\bchest\b|blanket box"
"6947242836155","Daniella Double Wardrobe with Drawer","Bedroom","Double wardrobe with drawer | small wooden wardrobe with drawers | wardrobe with drawers and shelf | Wardrobes | wooden wardrobe with drawer","bedroom-furniture | bedroom","bedroom-furniture","title: wardrobe|\brobes?\b|bedside|\blockers?\b|headboard|dressing table|\btallboy\b|\bchest\b|blanket box"
"6947245228219","Daniella Two Drawer Bedside Locker","Bedroom","Lockers & Bedsides","bedroom-furniture | bedroom","bedroom-furniture","title: wardrobe|\brobes?\b|bedside|\blockers?\b|headboard|dressing table|\btallboy\b|\bchest\b|blanket box"
"9113152520515","Blaine Sectional 2R-C-2R","Sofas & Chairs","armchair | armchairs | Blaine Chestnut | Blaine Sectional | Blaine Steel Blue | Corner | Corner Sofa | Electric Chairs | Fabric Armchairs | fabric sofa | Living Room | livingroom | Recliner Chairs | sofa for sale | sofa's & chairs","sofas-chairs | chairs-footstools | living-room","sofas-chairs","title: \bsofa\b|\bsofabed\b|\bsuite\b|\bsectional\b|\bseater\b"
"9113253937475","Snug Milano Bean Chair Boucle","Kids Furniture","Bean Bags | Bean Chair | childrens chairs | dark green | Fabric Bean Chair | kids chairs | Kids Furniture | navy | navy blue | navy chair | rust | Snug Milano Bean Chair Boucle","sofas-chairs | chairs-footstools | living-room","kids-furniture","product_type: Kids Furniture"
"9113274745155","Waterville Swivel & Glide Chair","Sofas & Chairs","1 seater | 1R | armchair | armchairs | chestnut | Dark Grey | Electric Chairs | FABRIC & LEATHER ARMCHAIRS | Fabric Armchairs | leroy grey | Light Grey | Light Grey Fabric | Recliner Chairs | Waterville Swivel & Glide Chair","sofas-chairs | chairs-footstools | living-room","sofas-chairs","tags: \bsofa\b|\bsofabed\b|\bsuite\b|\bsectional\b|\bseater\b"
"8782126448963","Treviso Dining Table WH","Dining","Dining Tables","dining","dining","title: dining|\bbar stool\b|\bbarstool\b|\bbreakfast\b|\bbench\b|\bsideboard\b"
"9068664258883","Felicia Swivel Chair","Sofas & Chairs","Occasional Chairs","sofas-chairs | chairs-footstools | living-room","chairs-footstools | sofas-chairs","tags: \barmchairs?\b|\barm chairs?\b|\baccent chairs?\b|\boccasional chairs?\b|\bfireside\b|\brecliner\b|\brocking\b|\bfootstools?\b|lift.*rise|\bbean bag\b"
"9061486002499","Montreal Stool","","Montreal Stool | stool | Stools","dining","","Owner classification required"
"9061482266947","Montreal Dining Set","Dining","dining | Dining Chairs & Benches | Dining Sets | Montreal Dining Set","dining","dining","title: dining|\bbar stool\b|\bbarstool\b|\bbreakfast\b|\bbench\b|\bsideboard\b"
"9061472338243","Kimberley Robe","","bedroom | bedroom furniture | bedroom wardrobe | Grey | Kimberley Robe | sale | wardrobe cabinet | Wardrobes | White | white wardrobe","bedroom-furniture | bedroom","bedroom-furniture","title: wardrobe|\brobes?\b|bedside|\blockers?\b|headboard|dressing table|\btallboy\b|\bchest\b|blanket box"
"9061451006275","Chrissie Stool","Furniture","Black Legs | CHAIRS & FOOTSTOOLS | Chrissie Stool | Dark Grey Microfibre Stool | sale | Stools","dining","chairs-footstools | sofas-chairs","tags: \barmchairs?\b|\barm chairs?\b|\baccent chairs?\b|\boccasional chairs?\b|\bfireside\b|\brecliner\b|\brocking\b|\bfootstools?\b|lift.*rise|\bbean bag\b"
"9087401492803","Angela Dining Chair","Dining","Angela Dining Chair | comfort | Dining Chair | Dining Chairs & Benches | Grey | metal legs | midnight blue | padded seat | sage green | Salmon | taupe","dining","dining","title: dining|\bbar stool\b|\bbarstool\b|\bbreakfast\b|\bbench\b|\bsideboard\b"
"9087415353667","Anya Dining Chair","Dining","Anya Dining Chair | comfort | Dining Chair | Dining Chairs & Benches | Grey | metal legs | midnight blue | padded seat | sage green | Salmon | taupe","dining","dining","title: dining|\bbar stool\b|\bbarstool\b|\bbreakfast\b|\bbench\b|\bsideboard\b"
"9087356010819","Fredrik 2 Drawer Console Table","Living Room","Console Table | Console Tables | Fredrik 2 Drawer Console Table | Grey | Living Room | livingroom | Oak | Walnut","dining","living-room","title: coffee|\bconsole\b|\bnest\b|\bside table\b|\bend table\b|\boccasional table\b|\bbookcase\b|\bcabinet\b|\btv\b|\bmedia unit\b|\bdisplay unit\b"
"6945696186555","Aintree 3 Drawer Locker","Bedroom","3 drawer bedside locker | 3 drawer file cabinet locking bar | 3 drawer lock | Lockers & Bedsides | locking 3 drawer file cabinet","bedroom-furniture | bedroom | kids-furniture","bedroom-furniture","title: wardrobe|\brobes?\b|bedside|\blockers?\b|headboard|dressing table|\btallboy\b|\bchest\b|blanket box"
"6958397128891","London 4+2 Drawer Chest","Bedroom","Chest of Drawers","bedroom-furniture | bedroom","bedroom-furniture","title: wardrobe|\brobes?\b|bedside|\blockers?\b|headboard|dressing table|\btallboy\b|\bchest\b|blanket box"
"8640951451971","Silvia Chair - Chrome Legs","Dining","Chairs | Chrome Legs | dining | Dining Chair | Dining Chairs & Benches","dining","dining","tags: dining|\bbar stool\b|\bbarstool\b|\bbreakfast\b|\bbench\b|\bsideboard\b"
"8640942604611","Silvia Chair - Black Legs","Dining","Black Legs Chair | Chairs","dining","dining","product_type: Dining"
"6952944697531","Fredrik Chair","Dining","brown leather chair | brown velvet chairhair | Dining Chairs & Benches | fredericia spine chair | fredrik kayser chair","dining","dining","tags: dining|\bbar stool\b|\bbarstool\b|\bbreakfast\b|\bbench\b|\bsideboard\b"
"8639564054851","Lucy Hanging Mirror","","Mirror","accessories | objects","accessories | objects","title: \bmirror\b|wall art|wall decoration|\bpainting\b|\bcanvas\b|\bcushion\b|\bvase\b"
"8639562940739","Lucy One Drawer Locker","","bedroom furniture | bedrooom | Lockers & Bedsides","bedroom-furniture | bedroom","bedroom-furniture","title: wardrobe|\brobes?\b|bedside|\blockers?\b|headboard|dressing table|\btallboy\b|\bchest\b|blanket box"
"8765186343235","Kendra Rocking Chair Grey Fabric - WH","","CHAIRS & FOOTSTOOLS | Kendra Rocking Chair Grey Fabric | Occasional Chairs","dining","chairs-footstools | sofas-chairs","title: \barmchairs?\b|\barm chairs?\b|\baccent chairs?\b|\boccasional chairs?\b|\bfireside\b|\brecliner\b|\brocking\b|\bfootstools?\b|lift.*rise|\bbean bag\b"
"9073975525699","Hugo 2.1 Metre Table with Pedestal Leg","Dining","dining | dining table for sale | Dining Tables | Grey | huge dining room table | huge dining room tables | huge dining table | Hugo 2.1 Metre Table with Pedestal Leg | hugo dining table | metal pedestal legs | Oak | table | tables | tables for sale | Walnut","dining","dining","tags: dining|\bbar stool\b|\bbarstool\b|\bbreakfast\b|\bbench\b|\bsideboard\b"
"9072457679171","Tapas Round Table","Dining","dining | dining table for sale | Dining Tables | Grey | Oak | round dining table | table | tables | tables for sale | Tapas Round Table | Walnut","dining","dining","tags: dining|\bbar stool\b|\bbarstool\b|\bbreakfast\b|\bbench\b|\bsideboard\b"
"9072438968643","Tapas Square Table","Dining","dining | dining table for sale | Dining Tables | Grey | Oak | Tapas Square Table | Walnut","dining","dining","tags: dining|\bbar stool\b|\bbarstool\b|\bbreakfast\b|\bbench\b|\bsideboard\b"
"9072432087363","Vetro Lamp Table","Living Room","Grey | home goods table lamps for sale | Lamp Table | lamp tables for sale | Oak | sale | shelf | table lamps for sale near me | Vetro Lamp Table | Walnut","living-room","lighting | objects","title: \blamp\b|\bsconce\b|\blight\b|\bchandelier\b"
"9072435396931","Vetro Console Table","Living Room","Console Table | Console Tables | Grey | Living Room | livingroom | Oak | shelf | Vetro Console Table | Walnut","dining","living-room","title: coffee|\bconsole\b|\bnest\b|\bside table\b|\bend table\b|\boccasional table\b|\bbookcase\b|\bcabinet\b|\btv\b|\bmedia unit\b|\bdisplay unit\b"
"9072426713411","Vetro Coffee Table","Living Room","Coffee Table | coffee table for small living room | coffee table for small spaces | Coffee Tables | glass top | Grey | Living Room | Oak | shelf | Vetro Coffee Table | Walnut | wooden","dining","living-room","title: coffee|\bconsole\b|\bnest\b|\bside table\b|\bend table\b|\boccasional table\b|\bbookcase\b|\bcabinet\b|\btv\b|\bmedia unit\b|\bdisplay unit\b"
"9072419340611","George Lamp Table","","George Lamp Table | grey marble | grey oak | Lamp Table | lamp tables for sale | Oak | Oak Grey","living-room","lighting | objects","title: \blamp\b|\bsconce\b|\blight\b|\bchandelier\b"
"9072406397251","George Coffee Table","Living Room","Coffee Table | coffee table for small living room | coffee table for small spaces | Coffee Tables | George Coffee Table | Grey | grey marble | grey oak | Living Room | Oak | Oak Grey | sale","dining","living-room","title: coffee|\bconsole\b|\bnest\b|\bside table\b|\bend table\b|\boccasional table\b|\bbookcase\b|\bcabinet\b|\btv\b|\bmedia unit\b|\bdisplay unit\b"
"9061622186307","Francesca Wide Chest","","bedroom | bedroom furniture | chest | Chest of Drawers | drawer chest | Francesca  Wide Chest | Francesca 6 Drawer Wide Chest | Storage chest","bedroom-furniture | bedroom","bedroom-furniture","title: wardrobe|\brobes?\b|bedside|\blockers?\b|headboard|dressing table|\btallboy\b|\bchest\b|blanket box"
"9061619597635","Francesca Tall Chest","","5 chest drawer | 5 drawer chest | 5 drawer chest drawers | 5 drawer chest of drawers | bedroom | bedroom furniture | Chest of Drawers | drawer chest | Francesca 5 Drawer Tall Chest | Francesca Tall Chest | Storage chest | tall chest","bedroom-furniture | bedroom","bedroom-furniture","title: wardrobe|\brobes?\b|bedside|\blockers?\b|headboard|dressing table|\btallboy\b|\bchest\b|blanket box"
"8985817579843","Newark Dining Set","Dining","dining | Dining Chairs & Benches | Dining Sets | Grey | newark dining | Newark Dining Set | newark dinner | sale","dining","dining","title: dining|\bbar stool\b|\bbarstool\b|\bbreakfast\b|\bbench\b|\bsideboard\b"
"9061375017283","Farrell Chests","Chest","3 Drawer Chest | 4 Drawer Chest | bedroom furniture | Chest of Drawers | drawer chest | Farrell Chests | Light Grey Fabric | Metal frame | sale | Storage chest | tall chest","bedroom-furniture | bedroom","bedroom-furniture","tags: wardrobe|\brobes?\b|bedside|\blockers?\b|headboard|dressing table|\btallboy\b|\bchest\b|blanket box"
"9061030265155","Farrell Locker","Bedside locker","bedroom furniture | Farrell Locker | Grey | Light Grey Fabric | Lockers & Bedsides | Metal frame | sale","bedroom-furniture | bedroom","bedroom-furniture","title: wardrobe|\brobes?\b|bedside|\blockers?\b|headboard|dressing table|\btallboy\b|\bchest\b|blanket box"
"8821771108675","Napoli Dining Set","Dining","Dining Sets","dining","dining","title: dining|\bbar stool\b|\bbarstool\b|\bbreakfast\b|\bbench\b|\bsideboard\b"
"9061634015555","Blox Wide Chest","Kids Furniture","6 drawer chest | bedroom | bedroom furniture | Blox 6 Drawer Wide Chest | Blox Wide Chest | chest | Chest of Drawers | drawer chest | LEGO","bedroom-furniture | bedroom | kids-furniture","bedroom-furniture","title: wardrobe|\brobes?\b|bedside|\blockers?\b|headboard|dressing table|\btallboy\b|\bchest\b|blanket box"
"9061630968131","Blox Chest of Drawers","Kids Furniture","4 Drawer Chest | bedroom | bedroom furniture | Blox 4 Drawer Chest | Blox Chest of Drawers | chest | Chest of Drawers | drawer chest | LEGO | Storage chest | tall chest","bedroom-furniture | bedroom | kids-furniture","bedroom-furniture","title: wardrobe|\brobes?\b|bedside|\blockers?\b|headboard|dressing table|\btallboy\b|\bchest\b|blanket box"
"9072477700419","Doda Tall Bookcase","","Bookcases | Doda Tall Bookcase | furniture | rustic | sale | shelf | shelves | vintage","living-room","living-room","title: coffee|\bconsole\b|\bnest\b|\bside table\b|\bend table\b|\boccasional table\b|\bbookcase\b|\bcabinet\b|\btv\b|\bmedia unit\b|\bdisplay unit\b"
"9072472883523","Doda Dining Table","Dining","dining | dining table for sale | Dining Tables | Doda Dining Table | table | tables for sale","dining","dining","title: dining|\bbar stool\b|\bbarstool\b|\bbreakfast\b|\bbench\b|\bsideboard\b"
"9072474587459","Doda Coffee Table","Living Room","Coffee Table | coffee table for small living room | coffee table for small spaces | Coffee Tables | Dark Oak | Doda Coffee Table | Living Room | livingroom | Rustic Oak | sale","dining","living-room","title: coffee|\bconsole\b|\bnest\b|\bside table\b|\bend table\b|\boccasional table\b|\bbookcase\b|\bcabinet\b|\btv\b|\bmedia unit\b|\bdisplay unit\b"
"9072464757059","Erik Table 1.6 Metre","Dining","dining | dining table for sale | Dining Tables | erik  dining table | erik  table of dining | erik dining table set | Erik Table 1.6 Metre | Erik Table 1.6 Metre Grey | erika dining table | Oak | table | tables for sale | Walnut","dining","dining","tags: dining|\bbar stool\b|\bbarstool\b|\bbreakfast\b|\bbench\b|\bsideboard\b"
"9062523601219","Canyon Lamp Table","Living Room","Canyon Lamp Table Grey Oak | Canyon Lamp Table Marble | Canyon Lamp Table Oak | Lamp Table | lamp tables for sale | Living Room | livingroom | sale | table lamps for sale near me","living-room","lighting | objects","title: \blamp\b|\bsconce\b|\blight\b|\bchandelier\b"
"9062533824835","Canyon Coffee Table","","Canyon Coffee Table Grey Oak | Canyon Coffee Table Marble | Canyon Coffee Table Oak | Coffee Table | coffee table for small living room | coffee table for small spaces | Coffee Tables | furniture | Living Room | livingroom | Round coffee table","dining","living-room","title: coffee|\bconsole\b|\bnest\b|\bside table\b|\bend table\b|\boccasional table\b|\bbookcase\b|\bcabinet\b|\btv\b|\bmedia unit\b|\bdisplay unit\b"
"9061613666627","Francesca Bed","","4 ft 6 bed size | 4 ft 6 in | 4""6 | 4.6 ft | 4.6 ft bed | 4ft6 | 4ft6 bed in cm | 4ft6 beds | 4ft6 beds4ft6 bed frame | 4ft6 double bed | 4ft6 double bed dimensions | 5 ft | 5 ft bed | 5 ft bed size | 5"" | 5ft | 5ft bed size | 5ft beds | 5ft long bed | Bedframes | bedroom | bedroom furniture | beds | Francesca Bed | king size | Wooden Beds","beds | beds-mattresses | bedroom","beds | beds-mattresses","title: bedframe|bed frame|\bbeds?\b|\bdivan\b|headboard.*base"
"8985625526595","Rukas 0024A Rug","","120cm x 170cm | 160cm x 220cm | 200cm x 290cm | all rugs | carpet rugs | Extra Large Rug | Large Rug | Medium Rug | Rukas 0024A Rug | sale","rugs | rugs-modern","rugs","title: \brug\b|\brunner\b"
"9061064966467","Quebec Dining Table WH","Dining","best dining quebec | Dining Tables | quebec dining | quebec fine dining | quebec of  dining","dining","dining","title: dining|\bbar stool\b|\bbarstool\b|\bbreakfast\b|\bbench\b|\bsideboard\b"
"7734343565499","Chelsea Bed","Bedroom","bedroom | beds | Fabric & Divan Beds | sale","beds | beds-mattresses | bedroom","beds | beds-mattresses","title: bedframe|bed frame|\bbeds?\b|\bdivan\b|headboard.*base"
"8612247667011","Silver TV Unit S32M-SV","","","living-room","living-room","title: coffee|\bconsole\b|\bnest\b|\bside table\b|\bend table\b|\boccasional table\b|\bbookcase\b|\bcabinet\b|\btv\b|\bmedia unit\b|\bdisplay unit\b"
"6965132034235","Oscar 2+3 Drawer Chest","Bedroom","Chest of Drawers","bedroom-furniture | bedroom","bedroom-furniture","title: wardrobe|\brobes?\b|bedside|\blockers?\b|headboard|dressing table|\btallboy\b|\bchest\b|blanket box"
"8821734244675","Ohio Bunk Bed","","bedroom | bedroom furniture | beds | Bunk Beds","mattresses | beds-mattresses","kids-furniture | beds | beds-mattresses","title: \bbunk\b|\bcabin\b|\bmid.?sleeper\b|\bhigh.?sleeper\b|\btriple sleeper\b"
"6952915534011","Fredrik 1.2 Metre Table Walnut","Dining","Dining Tables","dining","dining","tags: dining|\bbar stool\b|\bbarstool\b|\bbreakfast\b|\bbench\b|\bsideboard\b"
"6952961212603","Fredrik Coffee Table","Living Room","Coffee Tables","dining","living-room","title: coffee|\bconsole\b|\bnest\b|\bside table\b|\bend table\b|\boccasional table\b|\bbookcase\b|\bcabinet\b|\btv\b|\bmedia unit\b|\bdisplay unit\b"
"6953248882875","Fredrik Round Table","Dining","dining table for sale | Dining Tables | round dining table | round table near me | round tables for sale | roundtable near me | tables for sale","dining","dining","tags: dining|\bbar stool\b|\bbarstool\b|\bbreakfast\b|\bbench\b|\bsideboard\b"
"6953226895547","Fredrik Dining Table 1.6 Metre","Dining","Dining Tables","dining","dining","title: dining|\bbar stool\b|\bbarstool\b|\bbreakfast\b|\bbench\b|\bsideboard\b"
"6952907899067","Fredrik 1.2 Metre Table Oak","Dining","Dining Tables","dining","dining","tags: dining|\bbar stool\b|\bbarstool\b|\bbreakfast\b|\bbench\b|\bsideboard\b"
"6947234578619","Daniella 3+4 Drawer Wide Chest","Bedroom","Chest of Drawers","bedroom-furniture | bedroom","bedroom-furniture","title: wardrobe|\brobes?\b|bedside|\blockers?\b|headboard|dressing table|\btallboy\b|\bchest\b|blanket box"
"8985752502595","Harriet Tilt & Rise Chair","Sofas & Chairs","armchairs | chair for sale | chair sale | Chairs | chairs for sale near me | Dark Grey | Electric Chairs | FABRIC & LEATHER ARMCHAIRS | Fabric Armchairs | Harriet Tilt & Rise Chair | Light Grey | Recliner Chairs | sale | sofa's & chairs","sofas-chairs | chairs-footstools | living-room","sofas-chairs","tags: \bsofa\b|\bsofabed\b|\bsuite\b|\bsectional\b|\bseater\b"
"8978759778627","Fredrik Bench","Dining","dining | dining bench | Fredrik Bench | Oak | sale | Walnut | X-legs","dining","dining","title: dining|\bbar stool\b|\bbarstool\b|\bbreakfast\b|\bbench\b|\bsideboard\b"
"8978737234243","Fredrik 1800 Table X Leg","Dining table","dining | dining table for sale | Dining Tables | Fredrik Oak 1800 Table X Leg | Fredrik Walnut X leg Table | sale","dining","dining","tags: dining|\bbar stool\b|\bbarstool\b|\bbreakfast\b|\bbench\b|\bsideboard\b"
"8978658099523","Rebecca Leather Dining Chair","Dining","Basil Green | chair sale | Chairs | Cognac | dining | Grey | Lagoon Blue | Leather Chairs | Rebecca Leather Dining Chair | sale","dining","dining","title: dining|\bbar stool\b|\bbarstool\b|\bbreakfast\b|\bbench\b|\bsideboard\b"
"8985555861827","Katie Armchair","Sofas & Chairs","armchairs | chair for sale | chair sale | Chairs | chairs for sale near me | Fabric Armchairs | Grey | Katie Armchair | mink | sale | Silver","sofas-chairs | chairs-footstools | living-room","chairs-footstools | sofas-chairs","title: \barmchairs?\b|\barm chairs?\b|\baccent chairs?\b|\boccasional chairs?\b|\bfireside\b|\brecliner\b|\brocking\b|\bfootstools?\b|lift.*rise|\bbean bag\b"
"8985860407619","Writing Desk Grey","","Computer Desk | Desks | Grey | office desk | sale | Study Desk | Writing Desk","home-office","home-office","title: \bdesk\b|\boffice\b|\bworkstation\b"
"6884151722171","Archie Armchair","Sofas & Chairs","Fabric Armchairs","sofas-chairs | chairs-footstools | living-room","chairs-footstools | sofas-chairs","title: \barmchairs?\b|\barm chairs?\b|\baccent chairs?\b|\boccasional chairs?\b|\bfireside\b|\brecliner\b|\brocking\b|\bfootstools?\b|lift.*rise|\bbean bag\b"
"8647901970755","Alicante Round Set","","alicant  table set | alicante table | alice dining table | alices table | Dining Chairs & Benches | Dining Sets | grey round dining room set | grey round dining set | grey round dining table set | round dining table set grey","dining","dining","tags: dining|\bbar stool\b|\bbarstool\b|\bbreakfast\b|\bbench\b|\bsideboard\b"
"8945344348483","Columbia Console Table","Console Table","Columbia | Console Table | Console Tables | sale","dining","living-room","title: coffee|\bconsole\b|\bnest\b|\bside table\b|\bend table\b|\boccasional table\b|\bbookcase\b|\bcabinet\b|\btv\b|\bmedia unit\b|\bdisplay unit\b"
"8945330848067","Chantelle Console Table","Console Table","chantelle | Console Table | Console Tables | sale | table","dining","living-room","title: coffee|\bconsole\b|\bnest\b|\bside table\b|\bend table\b|\boccasional table\b|\bbookcase\b|\bcabinet\b|\btv\b|\bmedia unit\b|\bdisplay unit\b"
"7001162776763","Royal Coil Regency Mattress","Mattress","3ft | 4ft | 4ft6 | 5ft | 6ft | discount | mattresses | regency comfort mattress | Regency Mattress | royal coil regency mattress | royal regency | royal regent","mattresses | beds-mattresses","mattresses | beds-mattresses","title: \bmattress\b|\btopper\b"
"8611164127555","Skye Rug 242","","all rugs | modern","rugs | rugs-modern","rugs | rugs-modern","title: \brug\b|\brunner\b"
"8630327705923","Union Fabric Bean Chair - Brown (Kaki)","Kids Furniture","Bean Chair | Fabric Bean Chair","sofas-chairs | chairs-footstools | living-room","kids-furniture","product_type: Kids Furniture"
"6815460851899","Aspen Sofa Bed","Living Room","aspen pet sofa bed | aspen sofa bed | aspen sofa bed reviews | best sleeper sofas | Fold up Beds | full size sleeper sofa | Sofa Beds | sofa beds for sale","sofas-chairs | living-room","sofas-chairs","title: \bsofa\b|\bsofabed\b|\bsuite\b|\bsectional\b|\bseater\b"
"6954694148283","Juliet 3 Drawer Locker","Bedroom","Lockers & Bedsides","bedroom-furniture | bedroom","bedroom-furniture","title: wardrobe|\brobes?\b|bedside|\blockers?\b|headboard|dressing table|\btallboy\b|\bchest\b|blanket box"
"8821759639875","Beverly Set","Dining","Dining Sets","dining","dining","tags: dining|\bbar stool\b|\bbarstool\b|\bbreakfast\b|\bbench\b|\bsideboard\b"
"8910964719939","Arizona Triple Sleeper – White (4' Base)","","best triple sleeper  beds | Bunk Beds | bunk beds triple sleeper | triple sleeper bed | triple sleeper beds","kids-furniture | beds | beds-mattresses | bedroom","kids-furniture | beds | beds-mattresses","title: \bbunk\b|\bcabin\b|\bmid.?sleeper\b|\bhigh.?sleeper\b|\btriple sleeper\b"
"8909369311555","Silvia Bar Stool with Chrome Legs","Dining","Stools","dining","dining","title: dining|\bbar stool\b|\bbarstool\b|\bbreakfast\b|\bbench\b|\bsideboard\b"
"8909343523139","Silvia Bar Stool with Black Legs","Dining","Stools","dining","dining","title: dining|\bbar stool\b|\bbarstool\b|\bbreakfast\b|\bbench\b|\bsideboard\b"
"8821774221635","Verona Dining Set","Dining","Dining Sets","dining","dining","title: dining|\bbar stool\b|\bbarstool\b|\bbreakfast\b|\bbench\b|\bsideboard\b"
"8821752365379","Edel Console Table","Living Room","Console Tables","dining","living-room","title: coffee|\bconsole\b|\bnest\b|\bside table\b|\bend table\b|\boccasional table\b|\bbookcase\b|\bcabinet\b|\btv\b|\bmedia unit\b|\bdisplay unit\b"
"8821735129411","Solteira Bunk Bed","","bedroom | bedroom furniture | beds | Bunk Beds","kids-furniture | beds | beds-mattresses | bedroom","kids-furniture | beds | beds-mattresses","title: \bbunk\b|\bcabin\b|\bmid.?sleeper\b|\bhigh.?sleeper\b|\btriple sleeper\b"
"8821733622083","Colton Bunk Bed","","bedroom | bedroom furniture | beds | Bunk Beds","kids-furniture | beds | beds-mattresses | bedroom","kids-furniture | beds | beds-mattresses","title: \bbunk\b|\bcabin\b|\bmid.?sleeper\b|\bhigh.?sleeper\b|\btriple sleeper\b"
"8821721956675","Como folding bed","","Fold up Beds","beds | beds-mattresses | bedroom","beds | beds-mattresses","title: bedframe|bed frame|\bbeds?\b|\bdivan\b|headboard.*base"
"8821639512387","Holly Bed","","Wooden Beds","beds | beds-mattresses | bedroom","beds | beds-mattresses","title: bedframe|bed frame|\bbeds?\b|\bdivan\b|headboard.*base"
"8821630533955","Colton 3' Bed","Bedroom","Wooden Beds","beds | beds-mattresses | bedroom","beds | beds-mattresses","title: bedframe|bed frame|\bbeds?\b|\bdivan\b|headboard.*base"
"6849127186619","Detroit Coffee Table","Living Room","Coffee Tables","dining","living-room","title: coffee|\bconsole\b|\bnest\b|\bside table\b|\bend table\b|\boccasional table\b|\bbookcase\b|\bcabinet\b|\btv\b|\bmedia unit\b|\bdisplay unit\b"
"8648138621251","Raffa Dining Set","Dining","dining | Dining Sets","dining","dining","title: dining|\bbar stool\b|\bbarstool\b|\bbreakfast\b|\bbench\b|\bsideboard\b"
"6954714693819","Juliet Curved Bed","Bedroom","Wooden Beds","beds | beds-mattresses | bedroom","beds | beds-mattresses","title: bedframe|bed frame|\bbeds?\b|\bdivan\b|headboard.*base"
"8640815268163","Verona Lamp Table","","Lamp Table","living-room","lighting | objects","title: \blamp\b|\bsconce\b|\blight\b|\bchandelier\b"
"8794596344131","Jay-Be Revolution Folding Bed with Rebound e-Fibre Mattress - Single","","Fold up Beds","mattresses | beds-mattresses","mattresses | beds-mattresses","title: \bmattress\b|\btopper\b"
"8777586868547","Argyle Triple Sleeper - Rustic Pine (4' Base)","","Bunk Beds","living-room","kids-furniture | beds | beds-mattresses","title: \bbunk\b|\bcabin\b|\bmid.?sleeper\b|\bhigh.?sleeper\b|\btriple sleeper\b"
"8777580380483","Argyle Bunk Bed - Light Antique","","Bunk Beds","kids-furniture | beds | beds-mattresses | bedroom","kids-furniture | beds | beds-mattresses","title: \bbunk\b|\bcabin\b|\bmid.?sleeper\b|\bhigh.?sleeper\b|\btriple sleeper\b"
"8777558032707","Denmark Large Sliderobe 1.5m","","Wardrobes","bedroom-furniture | bedroom","bedroom-furniture","tags: wardrobe|\brobes?\b|bedside|\blockers?\b|headboard|dressing table|\btallboy\b|\bchest\b|blanket box"
"8777545777475","Nova 6 Drawer Chest - Oak","Chest","Chest of Drawers","bedroom-furniture | bedroom","bedroom-furniture","title: wardrobe|\brobes?\b|bedside|\blockers?\b|headboard|dressing table|\btallboy\b|\bchest\b|blanket box"
"8777542009155","Nova 5 Drawer Wide Chest - White","Chest","5 drawer chest | 5 drawer chest drawers | Chest of Drawers","bedroom-furniture | bedroom","bedroom-furniture","title: wardrobe|\brobes?\b|bedside|\blockers?\b|headboard|dressing table|\btallboy\b|\bchest\b|blanket box"
"8777539060035","Nova 5 Drawer Wide Chest - Oak","Chest","5 drawer chest | 5 drawer chest drawers | Chest of Drawers","bedroom-furniture | bedroom","bedroom-furniture","title: wardrobe|\brobes?\b|bedside|\blockers?\b|headboard|dressing table|\btallboy\b|\bchest\b|blanket box"
"8777529753923","Nova 5 Drawer Narrow Chest - Oak","Chest","Chest of Drawers | narrow chest | Tall Boy | tall chest | Tallboy","bedroom-furniture | bedroom","bedroom-furniture","title: wardrobe|\brobes?\b|bedside|\blockers?\b|headboard|dressing table|\btallboy\b|\bchest\b|blanket box"
"8777523724611","Nova 3 Drawer Chest - White","Chest","Chest of Drawers","bedroom-furniture | bedroom","bedroom-furniture","title: wardrobe|\brobes?\b|bedside|\blockers?\b|headboard|dressing table|\btallboy\b|\bchest\b|blanket box"
"8777512780099","Nova 3 Drawer Chest - Oak","Chest","Chest of Drawers","bedroom-furniture | bedroom","bedroom-furniture","title: wardrobe|\brobes?\b|bedside|\blockers?\b|headboard|dressing table|\btallboy\b|\bchest\b|blanket box"
"8777497674051","Nelly 2 Door Mirrored Wardrobe (105cm) - Graphite Lamela Artisan","","Wardrobes","bedroom-furniture | bedroom","bedroom-furniture","title: wardrobe|\brobes?\b|bedside|\blockers?\b|headboard|dressing table|\btallboy\b|\bchest\b|blanket box"
"8776788214083","Argyle Bed","","Wooden Beds","beds | beds-mattresses | bedroom","beds | beds-mattresses","title: bedframe|bed frame|\bbeds?\b|\bdivan\b|headboard.*base"
"8776739062083","Function Plus Desk- White","","Desks","home-office","home-office","title: \bdesk\b|\boffice\b|\bworkstation\b"
"8776731984195","Function Plus Corner Desk - White/Oak","","Desks","home-office","home-office","title: \bdesk\b|\boffice\b|\bworkstation\b"
"8765516120387","Nevada 2 Drawer Bedside White Gloss - WH","Bedside locker","2 Drawer | Bedside Lockers | Lockers & Bedsides | nevada","bedroom-furniture | bedroom","bedroom-furniture","title: wardrobe|\brobes?\b|bedside|\blockers?\b|headboard|dressing table|\btallboy\b|\bchest\b|blanket box"
"8765502914883","Nevada 2 Drawer Bedside Grey Gloss/Light Oak Effect Veneer - WH","Bedside locker","2 Drawer | Bedside Lockers | Lockers & Bedsides | nevada","bedroom-furniture | bedroom","bedroom-furniture","title: wardrobe|\brobes?\b|bedside|\blockers?\b|headboard|dressing table|\btallboy\b|\bchest\b|blanket box"
"8765487055171","Nevada 3 Drawer Bedside White Gloss - WH","Bedside locker","3 Drawer | Bedside Lockers | Lockers & Bedsides | nevada","bedroom-furniture | bedroom","bedroom-furniture","title: wardrobe|\brobes?\b|bedside|\blockers?\b|headboard|dressing table|\btallboy\b|\bchest\b|blanket box"
"8640932938051","Fredrik Chair PU","Dining","chair for room | Chairs | Dining Chair | frederick chair | Office Chairs | sale","dining","home-office","tags: \bdesk\b|\boffice\b|\bworkstation\b"
"8756820345155","Quebec Round Coffee Table Set Medium Oak Effect/Black - WH","","Coffee Table | Quebec | Round coffee table","dining","living-room","title: coffee|\bconsole\b|\bnest\b|\bside table\b|\bend table\b|\boccasional table\b|\bbookcase\b|\bcabinet\b|\btv\b|\bmedia unit\b|\bdisplay unit\b"
"8756809990467","Ottawa 1 Drawer Coffee Table Medium Oak Effect/Black - WH","","1 Drawer Coffee Table Medium | Coffee Table | Ottawa","dining","living-room","title: coffee|\bconsole\b|\bnest\b|\bside table\b|\bend table\b|\boccasional table\b|\bbookcase\b|\bcabinet\b|\btv\b|\bmedia unit\b|\bdisplay unit\b"
"8756524417347","Athens Round Coffee Table Set Concrete Effect/Black - WH","","Athens | Black | Coffee Tables | Concrete Effect | Round Coffee Table Set","dining","living-room","title: coffee|\bconsole\b|\bnest\b|\bside table\b|\bend table\b|\boccasional table\b|\bbookcase\b|\bcabinet\b|\btv\b|\bmedia unit\b|\bdisplay unit\b"
"8644725506371","Kilkenny Side Gas-Lift Bed","","4ft6 beds | 4ft6 beds4ft6 bed frame | 5ft bed size | 5ft beds | 5ft long bed | lift bed frame | lift storage bed | lift up bed | lift up storage bed | lifting beds | mink bed | side gas lift bed | side lift gas bed | Storage Bed","beds | beds-mattresses | bedroom","beds | beds-mattresses","title: bedframe|bed frame|\bbeds?\b|\bdivan\b|headboard.*base"
"8720894656835","Ashley Sky Blue Bed","beds","4""6 | 4ft6 | 5"" | 5ft | Ashley Sky Blue Bed | beds | blue sky bedding | Fabric & Divan Beds | fabric-bed | sky blue bed linen | sky blue bedding sets | sky blue bedroom","beds | beds-mattresses | bedroom","beds | beds-mattresses","title: bedframe|bed frame|\bbeds?\b|\bdivan\b|headboard.*base"
"8720782262595","Charlotte Bed","beds","5"" | 5ft | 6"" | 6ft | beds | Charlotte Bed | Wooden Beds","beds | beds-mattresses | bedroom","beds | beds-mattresses","title: bedframe|bed frame|\bbeds?\b|\bdivan\b|headboard.*base"
"8698308690243","Natural Sleep Nature's Finest Mattress","Mattress","3ft | 4ft | 4ft6 | 5ft | 6ft | mattresses | nature's finest | nature's finest mattress | nature's finest mattress reviews","mattresses | beds-mattresses","mattresses | beds-mattresses","title: \bmattress\b|\btopper\b"
"8681318187331","Quebec Wave Edge Nest of Tables - WH","nest of tables","livingroom | Nest of Tables","dining","living-room","title: coffee|\bconsole\b|\bnest\b|\bside table\b|\bend table\b|\boccasional table\b|\bbookcase\b|\bcabinet\b|\btv\b|\bmedia unit\b|\bdisplay unit\b"
"8681314713923","Quebec Straight Edge Nest of Tables - WH","nest of tables","livingroom | Nest of Tables","dining","living-room","title: coffee|\bconsole\b|\bnest\b|\bside table\b|\bend table\b|\boccasional table\b|\bbookcase\b|\bcabinet\b|\btv\b|\bmedia unit\b|\bdisplay unit\b"
"8681312190787","Ottawa 3 Drawer Console Table - WH","Console Table","Console Tables | livingroom","dining","living-room","title: coffee|\bconsole\b|\bnest\b|\bside table\b|\bend table\b|\boccasional table\b|\bbookcase\b|\bcabinet\b|\btv\b|\bmedia unit\b|\bdisplay unit\b"
"7777742291131","Toronto Sliding Wardrobe 2.5 BR","","bedroom | bedroom furniture | Wardrobes","bedroom-furniture | bedroom","bedroom-furniture","title: wardrobe|\brobes?\b|bedside|\blockers?\b|headboard|dressing table|\btallboy\b|\bchest\b|blanket box"
"7088655663291","Memphis High Sleeper Bunk","","","kids-furniture | beds | beds-mattresses | bedroom","kids-furniture | beds | beds-mattresses","title: \bbunk\b|\bcabin\b|\bmid.?sleeper\b|\bhigh.?sleeper\b|\btriple sleeper\b"
"8658896847171","Natural Sleep Florence Mattress","","3ft | 4ft | 4ft6 | florence mattress | florence mattress review | mattress firm florence | mattress florence ky | mattress outlet florence sc | mattress store florence | mattress stores florence | mattress stores florence al | mattress stores in florence al | mattresses | mattresses in florence","mattresses | beds-mattresses","mattresses | beds-mattresses","title: \bmattress\b|\btopper\b"
"8656624877891","Natural Sleep Flotation Comfort Mattress","","3ft | 4ft | 4ft6 | 5ft | 6ft | bedroom | floating mattress | flotation mattress | mattresses | sale | ultimate flotation mattress | ultimate mattress","mattresses | beds-mattresses","mattresses | beds-mattresses","title: \bmattress\b|\btopper\b"
"8656619798851","Natural Sleep Origin Support Mattress","","3ft | 4ft | 4ft6 | 5ft | 6ft | bedroom | mattress natural | mattresses | natural mattress | natural sleep mattress | nature sleep mattress | natures sleep mattress | sale","mattresses | beds-mattresses","mattresses | beds-mattresses","title: \bmattress\b|\btopper\b"
"7675717157051","Chantelle Dining Chair","Dining","dining | Dining Chairs & Benches | discount | sale","dining","dining","title: dining|\bbar stool\b|\bbarstool\b|\bbreakfast\b|\bbench\b|\bsideboard\b"
"8647957020995","Courtney Dining Set","Dining","dining | Dining Sets","dining","dining","title: dining|\bbar stool\b|\bbarstool\b|\bbreakfast\b|\bbench\b|\bsideboard\b"
"8648168243523","Harry Stool","","Bar Stool | Stools","dining","dining","tags: dining|\bbar stool\b|\bbarstool\b|\bbreakfast\b|\bbench\b|\bsideboard\b"
"8648379695427","Jack Fireside Chair","","armchairs | Chairs","sofas-chairs | chairs-footstools | living-room","chairs-footstools | sofas-chairs","title: \barmchairs?\b|\barm chairs?\b|\baccent chairs?\b|\boccasional chairs?\b|\bfireside\b|\brecliner\b|\brocking\b|\bfootstools?\b|lift.*rise|\bbean bag\b"
"8648169619779","Lisbon PU Chair","","Chairs","sofas-chairs | chairs-footstools | living-room","","Owner classification required"
"8648393687363","Manhattan TV Unit","","TV Unit","living-room","living-room","title: coffee|\bconsole\b|\bnest\b|\bside table\b|\bend table\b|\boccasional table\b|\bbookcase\b|\bcabinet\b|\btv\b|\bmedia unit\b|\bdisplay unit\b"
"8648313110851","Marriot Bed","","Bedframes | bedroom | bedroom furniture | beds","beds | beds-mattresses | bedroom","beds | beds-mattresses","title: bedframe|bed frame|\bbeds?\b|\bdivan\b|headboard.*base"
"8648394768707","Oak Writing Desk","","Writing Desk","home-office","home-office","title: \bdesk\b|\boffice\b|\bworkstation\b"
"8648189149507","Olive Cream & Oak Stool","","Bar Stool | Stools","dining","dining","tags: dining|\bbar stool\b|\bbarstool\b|\bbreakfast\b|\bbench\b|\bsideboard\b"
"8648306786627","Rochester Cream & Oak chair","Dining","Chairs | Dining Chair | Dining Chairs & Benches","dining","dining","tags: dining|\bbar stool\b|\bbarstool\b|\bbreakfast\b|\bbench\b|\bsideboard\b"
"8648311046467","Thames Cream & Oak Chair","","Chairs | sofa's & chairs","sofas-chairs | chairs-footstools | living-room","sofas-chairs","tags: \bsofa\b|\bsofabed\b|\bsuite\b|\bsectional\b|\bseater\b"
"8648402665795","Vera Fireside Chair","","armchairs | Chairs | Fabric Armchairs | Occasional Chairs | sofa's & chairs","sofas-chairs | chairs-footstools | living-room","chairs-footstools | sofas-chairs","title: \barmchairs?\b|\barm chairs?\b|\baccent chairs?\b|\boccasional chairs?\b|\bfireside\b|\brecliner\b|\brocking\b|\bfootstools?\b|lift.*rise|\bbean bag\b"
"8648144322883","Washington 5′ Oak Set","Dining","dining | Dining Chairs & Benches | Dining Sets","dining","dining","tags: dining|\bbar stool\b|\bbarstool\b|\bbreakfast\b|\bbench\b|\bsideboard\b"
"8648343880003","Columbia Coffee Table","Living Room","Coffee Tables","dining","living-room","title: coffee|\bconsole\b|\bnest\b|\bside table\b|\bend table\b|\boccasional table\b|\bbookcase\b|\bcabinet\b|\btv\b|\bmedia unit\b|\bdisplay unit\b"
"8648153006403","Columbia Chair","","Chairs","sofas-chairs | chairs-footstools | living-room","","Owner classification required"
"8648336245059","Chantelle Coffee Table","","Coffee Tables","dining","living-room","title: coffee|\bconsole\b|\bnest\b|\bside table\b|\bend table\b|\boccasional table\b|\bbookcase\b|\bcabinet\b|\btv\b|\bmedia unit\b|\bdisplay unit\b"
"8647940473155","Chantelle Compact Set","Dining","chantelle dining | chantelle dining set | chantelle dining sets | Dining Chairs & Benches | dining set of chantelle | Dining Sets","dining","dining","tags: dining|\bbar stool\b|\bbarstool\b|\bbreakfast\b|\bbench\b|\bsideboard\b"
"8647908098371","Chantelle 4′ Grey Fixed Top Dining Set","Dining","dining | Dining Chairs & Benches | Dining Sets | grey dining room table | grey dining set | grey dining table | grey dining table set","dining","dining","title: dining|\bbar stool\b|\bbarstool\b|\bbreakfast\b|\bbench\b|\bsideboard\b"
"8646706659651","Platinum Mattress","Bedroom","3ft | 3ft mattress | 4ft | 4ft6 | 5ft | 6ft | beauty sleep platinum mattress | bedroom | diamond mattress | diamond mattresses | euro mattress | mattress sales | mattresses | platinum mattres | sale","mattresses | beds-mattresses","mattresses | beds-mattresses","title: \bmattress\b|\btopper\b"
"8612247339331","Rukas 0549 Rug","","all rugs | area rugs contemporary | contemporary area rug | contemporary area rugs | contemporary rug | contemporary rugs | modern","rugs | rugs-modern","rugs | rugs-modern","title: \brug\b|\brunner\b"
"8612247404867","Rukas 0557 Rug","","120 170 rug | 120 x 170 rug in feet | 120 x 170 rug size | 170 x 120 rug | all rugs | grey rug 120 x 170 | grey shaggy rug 120 x 170 | modern","rugs | rugs-shaggy","rugs | rugs-shaggy | rugs-modern","title: \brug\b|\brunner\b"
"8612247568707","Rukas 0565 Rug","","120 170 rug | 120 x 170 rug in feet | 120 x 170 rug size | 170 x 120 rug | all rugs | grey rug 120 x 170 | grey shaggy rug 120 x 170 | modern | shag carpet | shag rug | shag rugs | shaggy rug | shaggy rugs","rugs | rugs-shaggy","rugs | rugs-shaggy | rugs-modern","title: \brug\b|\brunner\b"
"8612249108803","Twist 10620 Rug","","all rugs | mdoern","rugs | rugs-modern","rugs","title: \brug\b|\brunner\b"
"8612249239875","Twist 10629 Rug","","all rugs | modern","rugs | rugs-modern","rugs | rugs-modern","title: \brug\b|\brunner\b"
"8612249338179","Twist 10638 Rug","","","rugs | rugs-modern","rugs","title: \brug\b|\brunner\b"
"8612249436483","Twist 1752 Rug","","all rugs | modern","rugs | rugs-modern","rugs | rugs-modern","title: \brug\b|\brunner\b"
"8612247208259","Rukas 0509 Rug","","cotton area rugs | cotton carpet | cotton rug | cotton rugs | modern | white cotton","rugs | rugs-modern","rugs | rugs-modern","title: \brug\b|\brunner\b"
"8612247109955","Rukas 0254 Rug","","all rugs | carpet fabric | fabric for carpet | fabric rug | fabrica rugs | rug fabric | traditional","rugs | rugs-traditional","rugs | rugs-traditional","title: \brug\b|\brunner\b"
"8612249600323","Twist 1991 Rug","","all rugs | moden","rugs | rugs-modern","rugs","title: \brug\b|\brunner\b"
"8612249764163","Twist 2098 Rug","","all rugs | modern","rugs | rugs-traditional","rugs | rugs-modern","title: \brug\b|\brunner\b"
"8612250321219","Twist Terracotta T1009 Rug","","all rugs | modern","rugs | rugs-modern","rugs | rugs-modern","title: \brug\b|\brunner\b"
"8612250222915","Twist T1739 Rug","","all rugs | modern","rugs | rugs-traditional","rugs | rugs-modern","title: \brug\b|\brunner\b"
"8612250091843","Twist T1009 Green Rug","","all rugs | modern","rugs | rugs-modern","rugs | rugs-modern","title: \brug\b|\brunner\b"
"8612249960771","Twist Grey T1009 Rug","","all rugs | modern","rugs | rugs-modern","rugs | rugs-modern","title: \brug\b|\brunner\b"
"8612249862467","Twist Brown T1009 Rug","","all rugs | modern","rugs | rugs-modern","rugs | rugs-modern","title: \brug\b|\brunner\b"
"8612246880579","Rukas 0241 Rug","","classic area rugs | classic rug styles | classic rugs | classic style rugs | classic styling accent rug","rugs | rugs-modern","rugs","title: \brug\b|\brunner\b"
"8612246815043","Rukas 0204A Rug -","","120 x 170 rug in feet | 120 x 170 rug size | 120 x 170 rugs | 170 x 120 rug | all modern rugs | all rugs | modern | modern area rug | Modern rug","rugs | rugs-modern","rugs | rugs-modern","title: \brug\b|\brunner\b"
"8612246716739","Rukas 0032 Rug","","120 x 170 rug in feet | 120 x 170 rug size | 160 x 220 rug in feet | 160 x 220 rug size | 160 x 220 rugs | 170 x 120 rug | grey rug 120 x 170 | grey rug 200 x 290 | grey shaggy rug 120 x 170 | rugs 200 x 290 | traditional","rugs | rugs-shaggy","rugs | rugs-shaggy | rugs-traditional","title: \brug\b|\brunner\b"
"8612245635395","Maple 1027 Rug","","sale | traditional","rugs | rugs-traditional","rugs | rugs-traditional","title: \brug\b|\brunner\b"
"8612245471555","Maple 0927A Rug","","sale | traditional","rugs | rugs-traditional","rugs | rugs-traditional","title: \brug\b|\brunner\b"
"8612237803843","Bodrum BD0278 Rug","","modern | sale","rugs | rugs-modern","rugs | rugs-modern","title: \brug\b|\brunner\b"
"8612237738307","Bodrum 0511 Rug","","modern | sale","rugs | rugs-modern","rugs | rugs-modern","title: \brug\b|\brunner\b"
"8612237902147","Bodrum BD238A Rug","","modern | sale","rugs | rugs-modern","rugs | rugs-modern","title: \brug\b|\brunner\b"
"8639565005123","Lucy Double Wardrobe","","Wardrobes","bedroom-furniture | bedroom","bedroom-furniture","title: wardrobe|\brobes?\b|bedside|\blockers?\b|headboard|dressing table|\btallboy\b|\bchest\b|blanket box"
"8639563923779","Lucy 3 Drawer Chest","","bedroom furniture | Chest of Drawers","bedroom-furniture | bedroom","bedroom-furniture","title: wardrobe|\brobes?\b|bedside|\blockers?\b|headboard|dressing table|\btallboy\b|\bchest\b|blanket box"
"8639440748867","Lucy 3ft Bed","","Bedframes | bedroom | bedroom furniture | beds","beds | beds-mattresses | bedroom","beds | beds-mattresses","title: bedframe|bed frame|\bbeds?\b|\bdivan\b|headboard.*base"
"8639432753475","Whitney 3+2 Drawer Chest","","Chest of Drawers","bedroom-furniture | bedroom","bedroom-furniture","title: wardrobe|\brobes?\b|bedside|\blockers?\b|headboard|dressing table|\btallboy\b|\bchest\b|blanket box"
"8639422857539","Whitney 3 Drawer Locker","","Lockers & Bedsides","bedroom-furniture | bedroom","bedroom-furniture","title: wardrobe|\brobes?\b|bedside|\blockers?\b|headboard|dressing table|\btallboy\b|\bchest\b|blanket box"
"8639405293891","Whitney White Bed","","Bedframes | bedroom furniture | beds","mattresses | beds-mattresses","beds | beds-mattresses","title: bedframe|bed frame|\bbeds?\b|\bdivan\b|headboard.*base"
"8639334089027","Jack 6 Drawer Wide Chest","","6 drawer chest | 6-drawer dresser tall | bedroom furniture | Chest of Drawers | tall 6 drawer dresser | tall dresser 6 drawers | wooden dresser 6 drawer","bedroom-furniture | bedroom","bedroom-furniture","title: wardrobe|\brobes?\b|bedside|\blockers?\b|headboard|dressing table|\btallboy\b|\bchest\b|blanket box"
"8639334482243","Jack 5 Drawer Tall Chest","","5 chest drawer | 5 drawer chest | 5 drawer chest drawers | 5 drawer chest of drawers | bedroom furniture | chest 5 drawer | Chest of Drawers","bedroom-furniture | bedroom","bedroom-furniture","title: wardrobe|\brobes?\b|bedside|\blockers?\b|headboard|dressing table|\btallboy\b|\bchest\b|blanket box"
"8639296176451","Jack 2 Drawer Locker","","2 draw dresser | 2 Drawer | 2 drawers | 2 drawers chest | bedroom | bedroom furniture | jack 2 drawer | Lockers & Bedsides","bedroom-furniture | bedroom","bedroom-furniture","title: wardrobe|\brobes?\b|bedside|\blockers?\b|headboard|dressing table|\btallboy\b|\bchest\b|blanket box"
"8639278711107","Jack Bed","","4 ft 6 bed size | 4 ft 6 in | 4.6 ft | 4.6 ft bed | bed jack | bedroom | beds","beds | beds-mattresses | bedroom","beds | beds-mattresses","title: bedframe|bed frame|\bbeds?\b|\bdivan\b|headboard.*base"
"8639683854659","Dario 1.4 Metre Dining Table with Chrome Legs","Dining","Chairs | chrome table leg | chrome table legs | dining | Dining Chairs & Benches | Dining Tables | table chrome legs | table legs chrome","dining","dining","title: dining|\bbar stool\b|\bbarstool\b|\bbreakfast\b|\bbench\b|\bsideboard\b"
"8639675760963","Dario 1.4 Metre Dining Table with Black Legs","Dining","Chairs | Dining Tables","dining","dining","title: dining|\bbar stool\b|\bbarstool\b|\bbreakfast\b|\bbench\b|\bsideboard\b"
"8640133824835","Branca Dining Chair","Dining","Chairs | Dining Chairs & Benches","dining","dining","title: dining|\bbar stool\b|\bbarstool\b|\bbreakfast\b|\bbench\b|\bsideboard\b"
"8640826868035","Vicenza Dining Chair Tuape","Dining","Dining Chairs & Benches","dining","dining","title: dining|\bbar stool\b|\bbarstool\b|\bbreakfast\b|\bbench\b|\bsideboard\b"
"8640808354115","Infinity Lamp Table","","Lamp Table","living-room","lighting | objects","title: \blamp\b|\bsconce\b|\blight\b|\bchandelier\b"
"8640889618755","Liana Chair with Black Legs","Dining","Chairs","dining","dining","product_type: Dining"
"8640922124611","Liana Chair Chrome Legs","Dining","Chairs | Chrome Legs","dining","dining","product_type: Dining"
"8640938017091","Retro Dining Chair","Dining","Chairs | Dining Chairs & Benches","dining","dining","title: dining|\bbar stool\b|\bbarstool\b|\bbreakfast\b|\bbench\b|\bsideboard\b"
"8640187400515","Retro Bar Stool","","Bar Stool | Stools","dining","dining","title: dining|\bbar stool\b|\bbarstool\b|\bbreakfast\b|\bbench\b|\bsideboard\b"
"8640194347331","Talia Bar Stool","","Bar Stool | Stools","dining","dining","title: dining|\bbar stool\b|\bbarstool\b|\bbreakfast\b|\bbench\b|\bsideboard\b"
"8639697256771","Branca Bench PU","","2 Seaters","living-room","dining","title: dining|\bbar stool\b|\bbarstool\b|\bbreakfast\b|\bbench\b|\bsideboard\b"
"8630273638723","Callie Accent Chair","","Chairs | Office Chairs","sofas-chairs | chairs-footstools | living-room","chairs-footstools | sofas-chairs","title: \barmchairs?\b|\barm chairs?\b|\baccent chairs?\b|\boccasional chairs?\b|\bfireside\b|\brecliner\b|\brocking\b|\bfootstools?\b|lift.*rise|\bbean bag\b"
"8630289269059","Boston Sofa Bed","","Fold up Beds | Sofa Beds","sofas-chairs | living-room","sofas-chairs","title: \bsofa\b|\bsofabed\b|\bsuite\b|\bsectional\b|\bseater\b"
"8612237672771","Bodrum 0496 Rug","","modern | sale","rugs | rugs-modern","rugs | rugs-modern","title: \brug\b|\brunner\b"
"8612249043267","Tower Gas Lift - 5FT","","Fabric & Divan Beds | Gas Lift Bed","bedroom-furniture | bedroom","beds | beds-mattresses","tags: bedframe|bed frame|\bbeds?\b|\bdivan\b|headboard.*base"
"8612248846659","Taylor Bed","","Fabric & Divan Beds","bedroom-furniture | bedroom","beds | beds-mattresses","title: bedframe|bed frame|\bbeds?\b|\bdivan\b|headboard.*base"
"8612248617283","TV Unit T32-S","","","living-room","living-room","title: coffee|\bconsole\b|\bnest\b|\bside table\b|\bend table\b|\boccasional table\b|\bbookcase\b|\bcabinet\b|\btv\b|\bmedia unit\b|\bdisplay unit\b"
"8612248518979","Soho Locker","","Lockers & Bedsides","bedroom-furniture | bedroom","bedroom-furniture","title: wardrobe|\brobes?\b|bedside|\blockers?\b|headboard|dressing table|\btallboy\b|\bchest\b|blanket box"
"8612248191299","Soho Footstool","Living Room","Dining Chairs & Benches | footstool | Footstools","sofas-chairs | chairs-footstools | living-room","chairs-footstools | sofas-chairs","title: \barmchairs?\b|\barm chairs?\b|\baccent chairs?\b|\boccasional chairs?\b|\bfireside\b|\brecliner\b|\brocking\b|\bfootstools?\b|lift.*rise|\bbean bag\b"
"8612247699779","Silver TV Unit S36M","","sale | TV Unit","living-room","living-room","title: coffee|\bconsole\b|\bnest\b|\bside table\b|\bend table\b|\boccasional table\b|\bbookcase\b|\bcabinet\b|\btv\b|\bmedia unit\b|\bdisplay unit\b"
"8612246323523","Oasis Base + Hogan Headboard","","Fabric & Divan Beds | Headboards","bedroom-furniture | bedroom","beds | beds-mattresses","title: headboard and base set"
"8612246192451","Mayo Bed Grey","","Fabric & Divan Beds","beds | beds-mattresses | bedroom","beds | beds-mattresses","title: bedframe|bed frame|\bbeds?\b|\bdivan\b|headboard.*base"
"8612246028611","Mayo Bed Beige","","Fabric & Divan Beds | sale","beds | beds-mattresses | bedroom","beds | beds-mattresses","title: bedframe|bed frame|\bbeds?\b|\bdivan\b|headboard.*base"
"8612244554051","Kingston Standard Bed","","Fabric & Divan Beds | sale","bedroom-furniture | bedroom","beds | beds-mattresses","title: bedframe|bed frame|\bbeds?\b|\bdivan\b|headboard.*base"
"8612244324675","Kilkenny Silver Locker","","gym lockers | gym lockers for sale | locker near me | locker with storage | Lockers & Bedsides | sale | storage locker near me","bedroom-furniture | bedroom","bedroom-furniture","title: wardrobe|\brobes?\b|bedside|\blockers?\b|headboard|dressing table|\btallboy\b|\bchest\b|blanket box"
"8612244062531","Kilkenny Silver Bed","","Fabric & Divan Beds | sale","bedroom-furniture | bedroom","beds | beds-mattresses","title: bedframe|bed frame|\bbeds?\b|\bdivan\b|headboard.*base"
"8612243636547","Kilkenny Grey Bed","","Fabric & Divan Beds | gray bed | grey bed frame | grey bed set | grey bedding | grey bedframe | grey beds | kilkenny beds | kilkenny ireland bed | sale","bedroom-furniture | bedroom","beds | beds-mattresses","title: bedframe|bed frame|\bbeds?\b|\bdivan\b|headboard.*base"
"8612242096451","Hogan Headboard","","Headboards | sale","bedroom-furniture | bedroom","bedroom-furniture","title: wardrobe|\brobes?\b|bedside|\blockers?\b|headboard|dressing table|\btallboy\b|\bchest\b|blanket box"
"8612241277251","Galway Silver Bed","","Fabric & Divan Beds | sale","bedroom-furniture | bedroom","beds | beds-mattresses","title: bedframe|bed frame|\bbeds?\b|\bdivan\b|headboard.*base"
"8612240818499","Galway Grey Bed","","Fabric & Divan Beds","bedroom-furniture | bedroom","beds | beds-mattresses","title: bedframe|bed frame|\bbeds?\b|\bdivan\b|headboard.*base"
"8612239900995","DP48-SV TV STAND","","","rugs","living-room","title: coffee|\bconsole\b|\bnest\b|\bside table\b|\bend table\b|\boccasional table\b|\bbookcase\b|\bcabinet\b|\btv\b|\bmedia unit\b|\bdisplay unit\b"
"8612239016259","Chair & Footstool 1986","","Fabric Armchairs | Occasional Chairs | sale","sofas-chairs | chairs-footstools | living-room","chairs-footstools | sofas-chairs","title: \barmchairs?\b|\barm chairs?\b|\baccent chairs?\b|\boccasional chairs?\b|\bfireside\b|\brecliner\b|\brocking\b|\bfootstools?\b|lift.*rise|\bbean bag\b"
"8612238328131","Carlow Beige Side Gas Lift Bed","","Fabric & Divan Beds | sale","bedroom-furniture | bedroom","beds | beds-mattresses","title: bedframe|bed frame|\bbeds?\b|\bdivan\b|headboard.*base"
"8612238098755","Brazil Bed","","fabric bed | sale","beds | beds-mattresses | bedroom","beds | beds-mattresses","title: bedframe|bed frame|\bbeds?\b|\bdivan\b|headboard.*base"
"8612237410627","Arizona Bed DE","","fabric-bed","bedroom-furniture | bedroom","beds | beds-mattresses","title: bedframe|bed frame|\bbeds?\b|\bdivan\b|headboard.*base"
"8612237377859","A60-U","","","rugs","","Owner classification required"
"8612237214019","5280 - TV Unit","","tv  units | tv stand | tv stands | unit  of tv","living-room","living-room","title: coffee|\bconsole\b|\bnest\b|\bside table\b|\bend table\b|\boccasional table\b|\bbookcase\b|\bcabinet\b|\btv\b|\bmedia unit\b|\bdisplay unit\b"
"8611165667651","Venus Rug - Grey Red","","all rugs | shaggy","rugs | rugs-shaggy","rugs | rugs-shaggy","title: \brug\b|\brunner\b"
"8611165536579","Venus Rug - Grey Gold","","all rugs | shaggy","rugs | rugs-shaggy","rugs | rugs-shaggy","title: \brug\b|\brunner\b"
"8611165372739","Venus Rug - Black Grey","","","rugs | rugs-shaggy","rugs","title: \brug\b|\brunner\b"
"8611165307203","Venus Rug - Beige Brown","","all rugs | shaggy","rugs | rugs-shaggy","rugs | rugs-shaggy","title: \brug\b|\brunner\b"
"8611165241667","Venice Rug - White 2941","","all rugs | shaggy","rugs | rugs-shaggy","rugs | rugs-shaggy","title: \brug\b|\brunner\b"
"8611165110595","Venice Rug - Grey 2941","","all rugs | shaggy","rugs | rugs-shaggy","rugs | rugs-shaggy","title: \brug\b|\brunner\b"
"8611165045059","Venice Rug - Grey 1721","","all rugs | shaggy","rugs | rugs-shaggy","rugs | rugs-shaggy","title: \brug\b|\brunner\b"
"8611165012291","Venice Rug - Grey 1696","","all rugs | shaggy","rugs | rugs-shaggy","rugs | rugs-shaggy","title: \brug\b|\brunner\b"
"8611164881219","Venice Rug - Blue 2941","","all rugs | shaggy","rugs | rugs-shaggy","rugs | rugs-shaggy","title: \brug\b|\brunner\b"
"8611164815683","Venice Rug - Blue 1794","","all rugs | shaggy","rugs | rugs-shaggy","rugs | rugs-shaggy","title: \brug\b|\brunner\b"
"8611164651843","Venice Rug - Blue 1696","","all rugs | shaggy","rugs | rugs-shaggy","rugs | rugs-shaggy","title: \brug\b|\brunner\b"
"8611164455235","Storm Rug 972","","","rugs | rugs-modern","rugs","title: \brug\b|\brunner\b"
"8611164258627","Storm Rug 752","","","rugs | rugs-modern","rugs","title: \brug\b|\brunner\b"
"8611162292547","Saturn Rug - Grey Red","","all rugs","rugs | rugs-shaggy","rugs","title: \brug\b|\brunner\b"
"8611162095939","Saturn Rug - Grey Gold","","all rugs | shaggy","rugs | rugs-shaggy","rugs | rugs-shaggy","title: \brug\b|\brunner\b"
"8611161833795","Saturn Rug - Black Grey","","","rugs | rugs-shaggy","rugs","title: \brug\b|\brunner\b"
"8611161604419","Saturn Rug - Beige Brown","","all rugs | shaggy","rugs | rugs-shaggy","rugs | rugs-shaggy","title: \brug\b|\brunner\b"
"8611160883523","Primrose Rug Choc-Red","","all rugs | tradional","rugs | rugs-modern","rugs","title: \brug\b|\brunner\b"
"8611160588611","Primrose Rug Beige-Brown","","all rugs | traditional","rugs | rugs-traditional","rugs | rugs-traditional","title: \brug\b|\brunner\b"
"8611160228163","Prada Silver Rug","","all rugs | shaggy","rugs | rugs-shaggy","rugs | rugs-shaggy","title: \brug\b|\brunner\b"
"8611160129859","Prada Red Rug","","all rugs","rugs | rugs-shaggy","rugs","title: \brug\b|\brunner\b"
"8611159966019","Prada Mink Rug","","all rugs | shaggy","rugs | rugs-shaggy","rugs | rugs-shaggy","title: \brug\b|\brunner\b"
"8611159769411","Prada Grey Rug","","all rugs | shaggy","rugs | rugs-shaggy","rugs | rugs-shaggy","title: \brug\b|\brunner\b"
"8611159507267","Prada Cream Rug","","all rugs | shaggy","rugs | rugs-shaggy","rugs | rugs-shaggy","title: \brug\b|\brunner\b"
"8611159114051","Prada Coral Rug","","all rugs | shaggy","rugs | rugs-shaggy","rugs | rugs-shaggy","title: \brug\b|\brunner\b"
"8611158524227","Prada Aquamarine Rug","","all rugs | shaggy","rugs | rugs-shaggy","rugs | rugs-shaggy","title: \brug\b|\brunner\b"
"8611158327619","Pluton Rug - Grey Red","","all rugs | shaggy","rugs | rugs-shaggy","rugs | rugs-shaggy","title: \brug\b|\brunner\b"
"8611158131011","Pluton Rug - Grey Gold","","all rugs | shaggy","rugs | rugs-shaggy","rugs | rugs-shaggy","title: \brug\b|\brunner\b"
"8611157934403","Pluton Rug - Beige Brown","","all rugs | shaggy","rugs | rugs-shaggy","rugs | rugs-shaggy","title: \brug\b|\brunner\b"
"8611157705027","Pluton Rug - Black Grey","","all rugs | shaggy","rugs | rugs-shaggy","rugs | rugs-shaggy","title: \brug\b|\brunner\b"
"8611157410115","Ottova Rug Red","","","rugs | rugs-shaggy","rugs","title: \brug\b|\brunner\b"
"8611157082435","Milo Rug - Salmon 02","","sale | shaggy | traditional","rugs | rugs-shaggy","rugs | rugs-shaggy | rugs-traditional","title: \brug\b|\brunner\b"
"8611156984131","Milo Rug - Navy 03","","sale | shaggy | traditional","rugs | rugs-shaggy","rugs | rugs-shaggy | rugs-traditional","title: \brug\b|\brunner\b"
"8611156853059","Milo Rug - Mustard 05","","sale | shaggy | traditional","rugs | rugs-shaggy","rugs | rugs-shaggy | rugs-traditional","title: \brug\b|\brunner\b"
"8611156787523","Milo Rug - Grey 01","","all rugs | sale | shaggy | traditional","rugs | rugs-shaggy","rugs | rugs-shaggy | rugs-traditional","title: \brug\b|\brunner\b"
"8611156656451","Milo Rug - Black 04","","sale | shaggy | traditionaal","rugs | rugs-shaggy","rugs | rugs-shaggy","title: \brug\b|\brunner\b"
"8611156590915","Milo Rug - Beige 06","","sale | shaggy | traditional","rugs | rugs-shaggy","rugs | rugs-shaggy | rugs-traditional","title: \brug\b|\brunner\b"
"8611156099395","Max Rug 791","","modern | traditionaol","rugs | rugs-modern","rugs | rugs-modern","title: \brug\b|\brunner\b"
"8611155968323","Max Rug 671","","modern | sale | traditional","rugs | rugs-traditional","rugs | rugs-traditional | rugs-modern","title: \brug\b|\brunner\b"
"8611155870019","Mason Rug - 110 Grey Mustard","","mason olive rug | mason rug | masonic area rugs | masonic floor rug s | modern | sale","rugs | rugs-modern","rugs | rugs-modern","title: \brug\b|\brunner\b"
"8611155607875","Mason Rug - 109 Grey Orange","","mason jar rug | mason olive rug | masonic area rugs | masonic floor rugs | masonic rug for sale","rugs | rugs-modern","rugs","title: \brug\b|\brunner\b"
"8611155378499","Mason Rug - 108 Grey Blue","","","rugs | rugs-modern","rugs","title: \brug\b|\brunner\b"
"8611154723139","Mason Rug - 105 Grey Blue","","modern","rugs | rugs-modern","rugs | rugs-modern","title: \brug\b|\brunner\b"
"8611154362691","Mason Rug - 103 Navy Grey","","modern | sale","rugs | rugs-modern","rugs | rugs-modern","title: \brug\b|\brunner\b"
"8611153314115","Kiss 800 Rug","","sale | traditional","rugs | rugs-traditional","rugs | rugs-traditional","title: \brug\b|\brunner\b"
"8611152953667","Kiss 070 Rug","","sale | traditional","rugs | rugs-traditional","rugs | rugs-traditional","title: \brug\b|\brunner\b"
"8611152855363","Jasper Rug Beige","","modern | sale | traditional","rugs | rugs-traditional","rugs | rugs-traditional | rugs-modern","title: \brug\b|\brunner\b"
"8611151479107","Ivy Rug 092","","shaggy","rugs | rugs-shaggy","rugs | rugs-shaggy","title: \brug\b|\brunner\b"
"8611151053123","Ivy Rug 022","","sale | shaggy","rugs | rugs-shaggy","rugs | rugs-shaggy","title: \brug\b|\brunner\b"
"8611150856515","Harper Rug 652","","","rugs | rugs-modern","rugs","title: \brug\b|\brunner\b"
"8611150692675","Harper Rug 592","","","rugs | rugs-modern","rugs","title: \brug\b|\brunner\b"
"8611150463299","Harper Rug 522","","sale | shaggy","rugs | rugs-shaggy","rugs | rugs-shaggy","title: \brug\b|\brunner\b"
"8611150332227","Empire Rug Silver","","sale | shaggy","rugs | rugs-shaggy","rugs | rugs-shaggy","title: \brug\b|\brunner\b"
"8611150201155","Empire Rug Ochre","","sale | shaggy","rugs | rugs-shaggy","rugs | rugs-shaggy","title: \brug\b|\brunner\b"
"8611150037315","Empire Rug Grey","","","rugs | rugs-modern","rugs","title: \brug\b|\brunner\b"
"8611149644099","Empire Rug Charcoal","","sale | tradional","rugs | rugs-modern","rugs","title: \brug\b|\brunner\b"
"8611149250883","Elise Rug Silver","","modern | sale","rugs | rugs-modern","rugs | rugs-modern","title: \brug\b|\brunner\b"
"8611148529987","Elise Rug Cream-Red","","modern | sale","rugs | rugs-modern","rugs | rugs-modern","title: \brug\b|\brunner\b"
"8611147776323","Darcy Rug Navy","","modern | sale","rugs | rugs-modern","rugs | rugs-modern","title: \brug\b|\brunner\b"
"8611146957123","Darcy Rug Beige","","modern | sale","rugs | rugs-modern","rugs | rugs-modern","title: \brug\b|\brunner\b"
"8611145646403","Dakar Rug - Gold","","modern | sale","rugs | rugs-modern","rugs | rugs-modern","title: \brug\b|\brunner\b"
"8611144892739","Cruz Rug - Taupe 04","","area rugs santa cruz | sale | santa cruz dot rug | santa cruz screaming hand rug | santa cruz skateboard rug | shaggy | surya santa cruz rug","rugs | rugs-shaggy","rugs | rugs-shaggy","title: \brug\b|\brunner\b"
"8611144565059","Cruz Rug - Red 02","","sale | shaggy","rugs | rugs-shaggy","rugs | rugs-shaggy","title: \brug\b|\brunner\b"
"8611144270147","Cruz Rug - Navy 03","","","rugs | rugs-shaggy","rugs","title: \brug\b|\brunner\b"
"8611143844163","Cruz Rug - Mustard 06","","","rugs | rugs-shaggy","rugs","title: \brug\b|\brunner\b"
"8611143254339","Cruz Rug - Green 05","","","rugs | rugs-shaggy","rugs","title: \brug\b|\brunner\b"
"8611142730051","Cruz Rug - Black 01","","","rugs | rugs-shaggy","rugs","title: \brug\b|\brunner\b"
"8611142074691","Chad Rug 592","","sale | shaggy","rugs | rugs-shaggy","rugs | rugs-shaggy","title: \brug\b|\brunner\b"
"8611141321027","Chad Rug 572","","sale | shaggy","rugs | rugs-shaggy","rugs | rugs-shaggy","title: \brug\b|\brunner\b"
"8611140108611","Broadway Rug - 5296A","","modern | sale | traditional","rugs | rugs-traditional","rugs | rugs-traditional | rugs-modern","title: \brug\b|\brunner\b"
"8611139289411","Broadway Rug - 5293A","","modern | sale | traditional","rugs | rugs-traditional","rugs | rugs-traditional | rugs-modern","title: \brug\b|\brunner\b"
"8611138699587","Broadway Rug - 5185A","","modern | sale | traditional","rugs | rugs-traditional","rugs | rugs-traditional | rugs-modern","title: \brug\b|\brunner\b"
"8611138240835","Broadway Rug - 5182A","","modern | sale | traitional","rugs | rugs-modern","rugs | rugs-modern","title: \brug\b|\brunner\b"
"8611137585475","Broadway Rug - 5008A","","modern | sale | traditional","rugs | rugs-traditional","rugs | rugs-traditional | rugs-modern","title: \brug\b|\brunner\b"
"8611136897347","Broadway Rug - 4950A","","modern | sale | traditional","rugs | rugs-traditional","rugs | rugs-traditional | rugs-modern","title: \brug\b|\brunner\b"
"8611136209219","Broadway Rug - 4945A","","modern | sale | traditional","rugs | rugs-traditional","rugs | rugs-traditional | rugs-modern","title: \brug\b|\brunner\b"
"8611134079299","Blaze Rug - Toupe Beige 03","","sale | shaggy","rugs | rugs-shaggy","rugs | rugs-shaggy","title: \brug\b|\brunner\b"
"8611133980995","Blaze Rug - Navy Blue 02","","sale | shaggy","rugs | rugs-shaggy","rugs | rugs-shaggy","title: \brug\b|\brunner\b"
"8611133817155","Blaze Rug - Ivory Orange 01","","sale | shaggy","rugs | rugs-shaggy","rugs | rugs-shaggy","title: \brug\b|\brunner\b"
"8611133489475","Blaze Rug - Grey 04","","modern | sale","rugs | rugs-shaggy","rugs | rugs-modern","title: \brug\b|\brunner\b"
"8611132866883","Aspire Rug - 108","","","rugs | rugs-modern","rugs","title: \brug\b|\brunner\b"
"8611132440899","Aspire Rug - 107","","","rugs | rugs-modern","rugs","title: \brug\b|\brunner\b"
"8611132080451","Aspire Rug - 106","","","rugs | rugs-modern","rugs","title: \brug\b|\brunner\b"
"8611131359555","Aspire Rug - 104","","","rugs | rugs-modern","rugs","title: \brug\b|\brunner\b"
"8611131261251","Aspire Rug - Gold","","gold modern rug | modern gold rug | modern gold rugs | modern rugs gold","rugs | rugs-modern","rugs | rugs-modern","title: \brug\b|\brunner\b"
"8611131195715","Aspire Rug - Silver","","rug silver | silver area rug | silver area rugs | silver rug","rugs | rugs-modern","rugs","title: \brug\b|\brunner\b"
"8611131130179","Aspire Rug - Blue","","aspire blue area rugs | aspire blue rug | aspre blue area rugs | blue rugs aspire","rugs | rugs-modern","rugs","title: \brug\b|\brunner\b"
"8611130704195","Ashton Rug - Toupe Beige 02","","beige area rug | beige area rugs | beige rug | beige rugs","rugs | rugs-shaggy","rugs","title: \brug\b|\brunner\b"
"8611130507587","Ashton Rug - Mustard Cream 04","","cream and mustard rug | mustard and cream rug | mustard cream area rug | mustard cream area rugs","rugs | rugs-shaggy","rugs","title: \brug\b|\brunner\b"
"8611130147139","Ashton Rug - Ivory Orange 01","","Ashton Rug - Ivory Orange | geometric  ivory orange  rugs | geometric area rugs ivory orange | geometric rug ivory orange | ivory orange  geometric area rug","rugs | rugs-shaggy","rugs","title: \brug\b|\brunner\b"
"8611129917763","Ashton Rug - Grey 05","","ashton gray rugs | gray area rug | gray rug | gray rugs | grey rug","rugs | rugs-shaggy","rugs","title: \brug\b|\brunner\b"
"8611129753923","Ashton Rug - Blue Navy 03","","ashton  navy blue rugs | ashton navy blue area rugs | ashton navy blue rug | ashton rugs navy  blue","rugs | rugs-shaggy","rugs","title: \brug\b|\brunner\b"
"8611129622851","Asher Rug Grey-Red","","","rugs | rugs-modern","rugs","title: \brug\b|\brunner\b"
"8611129360707","Asher Rug Grey-Mustard","","gray and mustard rug | grey and mustard rug | grey and mustard rugs uk | grey mustard rug","rugs | rugs-modern","rugs","title: \brug\b|\brunner\b"
"8611129000259","Asher Rug Grey-Beige","","","rugs | rugs-modern","rugs","title: \brug\b|\brunner\b"
"8611128770883","Alisa Rug - Grey Black","","black and gray rug | black and grey area rugs | black grey rug | grey & black rugs","rugs | rugs-modern","rugs","title: \brug\b|\brunner\b"
"8611128607043","Alisa Rug - Dark Grey Black","","alisa area rugs | alisa collection rugs | alisa rugs natural | black dark grey  rugs | black sofa and dark grey rug | dark black grey area rug | dark grey and black rug","rugs | rugs-modern","rugs","title: \brug\b|\brunner\b"
"8611127820611","Alaska Rug 5 - 104 White","","","rugs | rugs-modern","rugs","title: \brug\b|\brunner\b"
"8611127755075","Alaska Rug 4 - 108","","","rugs | rugs-modern","rugs","title: \brug\b|\brunner\b"
"8611127624003","Alaska Rug 3 - 123A","","","rugs | rugs-modern","rugs","title: \brug\b|\brunner\b"
"8611127591235","Alaska Rug 2 - 104 Blue","","","rugs | rugs-modern","rugs","title: \brug\b|\brunner\b"
"8611127492931","Alaska Rug 1 - 115A","","modern area rug | modern area rugs | modern rugs","rugs | rugs-modern","rugs | rugs-modern","title: \brug\b|\brunner\b"
"8611099410755","Accra Rug - Grey Lilac","","","rugs | rugs-modern","rugs","title: \brug\b|\brunner\b"
"8611099312451","Accra Rug - Grey Gold","","","rugs | rugs-modern","rugs","title: \brug\b|\brunner\b"
"8611099148611","Accra Rug - Grey Black","","black and grey area rugs | black and grey rug | black grey rug | grey & black rugs","rugs | rugs-modern","rugs","title: \brug\b|\brunner\b"
"8611099083075","Accra Rug - Cream Red","","red and cream area rugs | red and cream rug | red and cream rugs | red cream rug","rugs | rugs-modern","rugs","title: \brug\b|\brunner\b"
"8361295315267","Ortho Guest Bed with trundle / 2 Mattresses FE","","bedroom furniture | Fabric & Divan Beds | fabric bed | sale | Storage Bed","mattresses | beds-mattresses","beds | beds-mattresses","title: bedframe|bed frame|\bbeds?\b|\bdivan\b|headboard.*base"
"7777741799611","Toronto Sliding Wardrobe BR","","bedroom | bedroom furniture | sale | Wardrobes","bedroom-furniture | bedroom","bedroom-furniture","title: wardrobe|\brobes?\b|bedside|\blockers?\b|headboard|dressing table|\btallboy\b|\bchest\b|blanket box"
"7755757027515","Max Sofa Bed","","bed sofa | Fold up Beds | sale | small sofa beds | sofa bed sale | Sofa Beds | sofa beds for sale | sofa for sale | sofa's & chairs","sofas-chairs | living-room","sofas-chairs","title: \bsofa\b|\bsofabed\b|\bsuite\b|\bsectional\b|\bseater\b"
"7755736285371","Paradise Mattress - G05","","4ft6 | 5ft | 6ft | mattress paradise | mattresses | paradise mattress | paradise mattress price | paradise mattress reviews | sale | sleep paradise mattress","mattresses | beds-mattresses","mattresses | beds-mattresses","title: \bmattress\b|\btopper\b"
"7755733631163","Aloe Vera G02","","3ft | 4ft | 4ft6 | 5ft | 6ft | bedroom | sale","mattresses | beds-mattresses","","Owner classification required"
"7744478052539","Kensington Bed Frame","","bedroom | Fabric & Divan Beds","bedroom-furniture | bedroom","beds | beds-mattresses","title: bedframe|bed frame|\bbeds?\b|\bdivan\b|headboard.*base"
"7674884096187","Columbia Table & Chairs","Dining","columbia dining | columbia dining halls | dining | dining columbia | Dining Sets | sale","dining","dining","tags: dining|\bbar stool\b|\bbarstool\b|\bbreakfast\b|\bbench\b|\bsideboard\b"
"7674868564155","Chantelle Cappuccino Set","Dining","dining | Dining Sets | discount | sale","dining","dining","tags: dining|\bbar stool\b|\bbarstool\b|\bbreakfast\b|\bbench\b|\bsideboard\b"
"7466781868219","Denmark Sliding Wardrobe","Bedroom","bedroom | bedroom furniture | Wardrobes","bedroom-furniture | bedroom","bedroom-furniture","title: wardrobe|\brobes?\b|bedside|\blockers?\b|headboard|dressing table|\btallboy\b|\bchest\b|blanket box"
"7418400243899","Lagan 5 Drawer Chest HB","Furniture","5 drawer chest | Chest of Drawers | sale","bedroom-furniture | bedroom","bedroom-furniture","title: wardrobe|\brobes?\b|bedside|\blockers?\b|headboard|dressing table|\btallboy\b|\bchest\b|blanket box"
"7413474492603","Lagan Bed Frame HB","Bedroom","beds | sale | Wooden Beds","beds | beds-mattresses | bedroom","beds | beds-mattresses","title: bedframe|bed frame|\bbeds?\b|\bdivan\b|headboard.*base"
"6849249083579","Troy Study-Writing Desk","Living Room","Desks | Grey | Oak | Office furniture | Troy Writing Desk | Walnut","home-office","home-office","title: \bdesk\b|\boffice\b|\bworkstation\b"
"7083404198075","Staten TV Unit","","TV Unit","living-room","living-room","title: coffee|\bconsole\b|\bnest\b|\bside table\b|\bend table\b|\boccasional table\b|\bbookcase\b|\bcabinet\b|\btv\b|\bmedia unit\b|\bdisplay unit\b"
"7081979674811","Troy Bookcase","Living Room","Bookcases | Troy Bookcase","living-room","living-room","title: coffee|\bconsole\b|\bnest\b|\bside table\b|\bend table\b|\boccasional table\b|\bbookcase\b|\bcabinet\b|\btv\b|\bmedia unit\b|\bdisplay unit\b"
"7051384455355","Home Trends Furniture Gift Voucher","Gift Voucher","Gift Card","","gift-vouchers","title: gift.*(?:voucher|card)"
"7048497660091","Polly Storage Bed Frame DI","Bedroom","Fabric & Divan Beds | Storage Bed","beds | beds-mattresses | bedroom","beds | beds-mattresses","title: bedframe|bed frame|\bbeds?\b|\bdivan\b|headboard.*base"
"7048490713275","Lola Storage Bed Frame DI","Bedroom","Fabric & Divan Beds | Storage Bed","beds | beds-mattresses | bedroom","beds | beds-mattresses","title: bedframe|bed frame|\bbeds?\b|\bdivan\b|headboard.*base"
"7048486781115","Mayfair Wingback Storage Bed Frame DD","Bedroom","Fabric & Divan Beds | Storage Bed","beds | beds-mattresses | bedroom","beds | beds-mattresses","title: bedframe|bed frame|\bbeds?\b|\bdivan\b|headboard.*base"
"7048482750651","Chiswick Storage Bed Frame DD","Bedroom","Fabric & Divan Beds | Storage Bed","beds | beds-mattresses | bedroom","beds | beds-mattresses","title: bedframe|bed frame|\bbeds?\b|\bdivan\b|headboard.*base"
"7019219419323","Roma 27“ Headboard AJ","Bedroom","Headboards","bedroom-furniture | bedroom","bedroom-furniture","title: wardrobe|\brobes?\b|bedside|\blockers?\b|headboard|dressing table|\btallboy\b|\bchest\b|blanket box"
"7019205558459","Panel 27"" Headboard AJ","Bedroom","Headboards | sale","bedroom-furniture | bedroom","bedroom-furniture","title: wardrobe|\brobes?\b|bedside|\blockers?\b|headboard|dressing table|\btallboy\b|\bchest\b|blanket box"
"7019191009467","Button Top 27"" Headboard","Bedroom","Headboards","bedroom-furniture | bedroom","bedroom-furniture","title: wardrobe|\brobes?\b|bedside|\blockers?\b|headboard|dressing table|\btallboy\b|\bchest\b|blanket box"
"7016713978043","Button Top 27"" Headboard & Base","Bedroom","Fabric & Divan Beds","bedroom-furniture | bedroom","beds | beds-mattresses","title: headboard and base set"
"7019043782843","Deep Panel 27"" Headboard & Base AJ","Bedroom","deep panel bed headboard | deep panelled headboards | Fabric & Divan Beds | headboard panelling design | panel bed headboard","bedroom-furniture | bedroom","beds | beds-mattresses","title: headboard and base set"
"7019010425019","Button Top 27"" Headboard & Base (4 Drawer or Jumbo Drawer)","Bedroom","bed base and headboard | bed base with headboard | Fabric & Divan Beds | king size base   with headboard | mattress base and headboard","","beds | beds-mattresses","title: headboard and base set"
"7016711356603","Clara Headboard & Base","Bedroom","adjustable base with headboard | attach headboard to adjustable base | Fabric & Divan Beds | headboards for adjustable base beds | headboards for adjustable bases","bedroom-furniture | bedroom","beds | beds-mattresses","title: headboard and base set"
"7018779967675","Band 27"" Headboard & Base with Drawer AJ","Bedroom","band style headboard  drawer | band style headboard and  drawer | band style headboard with drawer | Fabric & Divan Beds | Modern band headboard with drawer","bedroom-furniture | bedroom","beds | beds-mattresses","title: headboard and base set"
"7016535785659","Band 27"" Headboard & Base AJ","Bedroom","band style headboard | Fabric & Divan Beds | Fabric band headboard | Modern band headboard | Traditional band headboard","","beds | beds-mattresses","title: headboard and base set"
"7009924382907","Boston Sliding Wardrobe","Bedroom","Wardrobes","bedroom-furniture | bedroom","bedroom-furniture","title: wardrobe|\brobes?\b|bedside|\blockers?\b|headboard|dressing table|\btallboy\b|\bchest\b|blanket box"
"7009888370875","Cuba Sliding Wardrobe","Bedroom","Wardrobes","bedroom-furniture | bedroom","bedroom-furniture","title: wardrobe|\brobes?\b|bedside|\blockers?\b|headboard|dressing table|\btallboy\b|\bchest\b|blanket box"
"7001241911483","Opal 6ft Mattress","Mattress","6ft | mattresses","","mattresses | beds-mattresses","title: \bmattress\b|\btopper\b"
"7001241223355","Opal 5ft Mattress","Mattress","5 ft | 5 ft mattress | 5ft | mattress | mattresses | opal 5 ft","","mattresses | beds-mattresses","title: \bmattress\b|\btopper\b"
"7001240109243","Opal 4ft6 Mattress","Mattress","4ft6 | mattresses | opal 4 ft | opal 4ft  mattress | opal mattress","mattresses | beds-mattresses","mattresses | beds-mattresses","title: \bmattress\b|\btopper\b"
"7001239552187","Opal 4ft Mattress","Mattress","4ft | mattresses | opal | opal 4ft  mattress | opal mattress review | the opal mattress","","mattresses | beds-mattresses","title: \bmattress\b|\btopper\b"
"7001238700219","Opal 3ft Mattress","Mattress","3ft | 3ft mattress | mattresses | opal mattress | opal mattress review | sale","","mattresses | beds-mattresses","title: \bmattress\b|\btopper\b"
"7001216647355","Madrid Mattress","Mattress","3ft | 4ft | 4ft6 | 4ft6 beds | 5ft | 6ft | damask fabric | damask fabric mattress | damask fabrics | damask mattress | discount | madrid mattress | mattresses","mattresses | beds-mattresses","mattresses | beds-mattresses","title: \bmattress\b|\btopper\b"
"7001167659195","Royal Coil Luxury Opulence Mattress","Mattress","3ft | 4ft6 | 5ft | 6ft | luxury matress | Luxury Opulance Mattress | mattresses | royal lux | royal luxury | royal luxury bed | sale","mattresses | beds-mattresses","mattresses | beds-mattresses","title: \bmattress\b|\btopper\b"
"6999852318907","Royal Coil Superb Mattress","Mattress","3ft | 4.6 ft mattress | 4ft6 | 5ft | 6ft | mattresses | superb mattress | superba mattress | the  superb 4.6 ft  mattress","mattresses | beds-mattresses","mattresses | beds-mattresses","title: \bmattress\b|\btopper\b"
"6999784882363","Royal Coil Supreme Mattress","Mattress","3ft | 4ft | 4ft6 | 5ft | 6ft | mattresses","mattresses | beds-mattresses","mattresses | beds-mattresses","title: \bmattress\b|\btopper\b"
"6965137473723","Oscar Slatted Bed","Bedroom","Wooden Beds","beds | beds-mattresses | bedroom","beds | beds-mattresses","title: bedframe|bed frame|\bbeds?\b|\bdivan\b|headboard.*base"
"6967481073851","Vicenza Lamp Table","Living Room","Lamp Table","living-room","lighting | objects","title: \blamp\b|\bsconce\b|\blight\b|\bchandelier\b"
"6967476912315","Vicenza Console Table","Living Room","console table ez living | Console Tables | vicenza console table | vienna console table | vintage console table ireland","dining","living-room","title: coffee|\bconsole\b|\bnest\b|\bside table\b|\bend table\b|\boccasional table\b|\bbookcase\b|\bcabinet\b|\btv\b|\bmedia unit\b|\bdisplay unit\b"
"6967421862075","Vicenza 1.6 Metre Fixed Table Light Grey","Dining","Dining Tables","dining","lighting | objects","title: \blamp\b|\bsconce\b|\blight\b|\bchandelier\b"
"6967397253307","Vicenza 1.6 Metre Extension Table","Dining","Dining Tables","dining","dining","tags: dining|\bbar stool\b|\bbarstool\b|\bbreakfast\b|\bbench\b|\bsideboard\b"
"6967357112507","Verona Coffee Table","Living Room","Coffee Tables","dining","living-room","title: coffee|\bconsole\b|\bnest\b|\bside table\b|\bend table\b|\boccasional table\b|\bbookcase\b|\bcabinet\b|\btv\b|\bmedia unit\b|\bdisplay unit\b"
"6967173316795","Talia Velvet Chair","Dining","Dining Chairs & Benches | velvet chairs dining | velvet dining chair | velvet dining chairs | velvet dinning chairs","dining","dining","tags: dining|\bbar stool\b|\bbarstool\b|\bbreakfast\b|\bbench\b|\bsideboard\b"
"6967168237755","Salou Curved Bed","Bedroom","Wooden Beds","beds | beds-mattresses | bedroom","beds | beds-mattresses","title: bedframe|bed frame|\bbeds?\b|\bdivan\b|headboard.*base"
"6967162142907","Salou 3 Drawer Locker","Bedroom","Lockers & Bedsides","bedroom-furniture | bedroom","bedroom-furniture","title: wardrobe|\brobes?\b|bedside|\blockers?\b|headboard|dressing table|\btallboy\b|\bchest\b|blanket box"
"6965603139771","Rimini Chair PU","Dining","Dining Chairs & Benches","dining","dining","tags: dining|\bbar stool\b|\bbarstool\b|\bbreakfast\b|\bbench\b|\bsideboard\b"
"6965228044475","Oscar Small Bookcase","Living Room","Bookcases","dining","living-room","title: coffee|\bconsole\b|\bnest\b|\bside table\b|\bend table\b|\boccasional table\b|\bbookcase\b|\bcabinet\b|\btv\b|\bmedia unit\b|\bdisplay unit\b"
"6965199700155","Oscar Coffee Table","Living Room","Coffee Tables","dining","living-room","title: coffee|\bconsole\b|\bnest\b|\bside table\b|\bend table\b|\boccasional table\b|\bbookcase\b|\bcabinet\b|\btv\b|\bmedia unit\b|\bdisplay unit\b"
"6965196554427","Oscar Coffee Table with drawer","Living Room","Coffee Tables","dining","living-room","title: coffee|\bconsole\b|\bnest\b|\bside table\b|\bend table\b|\boccasional table\b|\bbookcase\b|\bcabinet\b|\btv\b|\bmedia unit\b|\bdisplay unit\b"
"6965169488059","Oscar Double Display Cabinet","Living Room","Cabinets","dining","living-room","title: coffee|\bconsole\b|\bnest\b|\bside table\b|\bend table\b|\boccasional table\b|\bbookcase\b|\bcabinet\b|\btv\b|\bmedia unit\b|\bdisplay unit\b"
"6965168275643","Oscar Corner TV Unit","Living Room","TV Unit","dining","living-room","title: coffee|\bconsole\b|\bnest\b|\bside table\b|\bend table\b|\boccasional table\b|\bbookcase\b|\bcabinet\b|\btv\b|\bmedia unit\b|\bdisplay unit\b"
"6965167653051","Oscar Coffee Table","Living Room","Coffee Tables","dining","living-room","title: coffee|\bconsole\b|\bnest\b|\bside table\b|\bend table\b|\boccasional table\b|\bbookcase\b|\bcabinet\b|\btv\b|\bmedia unit\b|\bdisplay unit\b"
"6965156020411","Oscar 3 Door 3 Drawer Sideboard","Dining","Sideboards","dining","dining","title: dining|\bbar stool\b|\bbarstool\b|\bbreakfast\b|\bbench\b|\bsideboard\b"
"6965154742459","Oscar 2 Drawer Console Table","Living Room","Console Table | Console Tables","dining","living-room","title: coffee|\bconsole\b|\bnest\b|\bside table\b|\bend table\b|\boccasional table\b|\bbookcase\b|\bcabinet\b|\btv\b|\bmedia unit\b|\bdisplay unit\b"
"6965153956027","Oscar 2 Door 2 Drawer Sideboard","Dining","Sideboards","dining","dining","title: dining|\bbar stool\b|\bbarstool\b|\bbreakfast\b|\bbench\b|\bsideboard\b"
"6965141340347","Oscar Double Wardrobe With Drawers","Bedroom","Wardrobes","bedroom-furniture | bedroom","bedroom-furniture","title: wardrobe|\brobes?\b|bedside|\blockers?\b|headboard|dressing table|\btallboy\b|\bchest\b|blanket box"
"6965140619451","Oscar 6 Drawer Wide Chest","Bedroom","Chest of Drawers","bedroom-furniture | bedroom","bedroom-furniture","title: wardrobe|\brobes?\b|bedside|\blockers?\b|headboard|dressing table|\btallboy\b|\bchest\b|blanket box"
"6965135802555","Oscar Curved Bed","Bedroom","Wooden Beds","beds | beds-mattresses | bedroom","beds | beds-mattresses","title: bedframe|bed frame|\bbeds?\b|\bdivan\b|headboard.*base"
"6965133181115","Oscar 3 Drawer Locker","Bedroom","Lockers & Bedsides","bedroom-furniture | bedroom","bedroom-furniture","title: wardrobe|\brobes?\b|bedside|\blockers?\b|headboard|dressing table|\btallboy\b|\bchest\b|blanket box"
"6965124366523","Munich Round Nest of Tables","Living Room","marble round nesting coffee table | marble round nesting side table | marble round nesting tables | Nest of Tables | round marble nesting coffee table | round marble nesting tables | round nesting tables marble top","dining","living-room","title: coffee|\bconsole\b|\bnest\b|\bside table\b|\bend table\b|\boccasional table\b|\bbookcase\b|\bcabinet\b|\btv\b|\bmedia unit\b|\bdisplay unit\b"
"6965087469755","Munich Lamp Table","Living Room","blue table lamps for sale | home goods table lamps for sale | Lamp Table | lamp tables for sale | munich table lamp | table lamps for sale near me","living-room","lighting | objects","title: \blamp\b|\bsconce\b|\blight\b|\bchandelier\b"
"6965086617787","Munich Coffee Table","Living Room","coffee table for gamers | coffee table for small living room | coffee table for small spaces | Coffee Tables | coffee tables for small spaces","dining","living-room","title: coffee|\bconsole\b|\bnest\b|\bside table\b|\bend table\b|\boccasional table\b|\bbookcase\b|\bcabinet\b|\btv\b|\bmedia unit\b|\bdisplay unit\b"
"6963916013755","Milan Lamp Table","Living Room","Lamp Table","living-room","lighting | objects","title: \blamp\b|\bsconce\b|\blight\b|\bchandelier\b"
"6963914932411","Milan Console Table","Living Room","Console Tables","dining","living-room","title: coffee|\bconsole\b|\bnest\b|\bside table\b|\bend table\b|\boccasional table\b|\bbookcase\b|\bcabinet\b|\btv\b|\bmedia unit\b|\bdisplay unit\b"
"6963914014907","Milan Coffee Table","Living Room","Coffee Tables","dining","living-room","title: coffee|\bconsole\b|\bnest\b|\bside table\b|\bend table\b|\boccasional table\b|\bbookcase\b|\bcabinet\b|\btv\b|\bmedia unit\b|\bdisplay unit\b"
"6958399815867","London Bed Frame","Bedroom","Wooden Beds","beds | beds-mattresses | bedroom","beds | beds-mattresses","title: bedframe|bed frame|\bbeds?\b|\bdivan\b|headboard.*base"
"6958364229819","Kylie Bed Frame","Bedroom","bed frame led | bed with lights | Kylie Light 3ft Bed | light bed canopy | light up bed frame | lighted canopy bed | Wooden Beds","beds | beds-mattresses | bedroom","beds | beds-mattresses","title: bedframe|bed frame|\bbeds?\b|\bdivan\b|headboard.*base"
"6958362427579","Kylie Double Wardrobe","Bedroom","bedroom wardrobe | double wardrobes for sale | wardrobe cabinet | wardrobe with drawers | Wardrobes | white wardrobe","bedroom-furniture | bedroom | kids-furniture","bedroom-furniture","title: wardrobe|\brobes?\b|bedside|\blockers?\b|headboard|dressing table|\btallboy\b|\bchest\b|blanket box"
"6958361215163","Kylie Bedside Locker","Bedroom","3 drawer bedside locker | bedside holster with lock | bedside table with lock | lock bedside table | locker bedside table | Lockers & Bedsides","bedroom-furniture | bedroom","bedroom-furniture","title: wardrobe|\brobes?\b|bedside|\blockers?\b|headboard|dressing table|\btallboy\b|\bchest\b|blanket box"
"6954531586235","Infinity Coffee Table","Living Room","Coffee Tables","dining","living-room","title: coffee|\bconsole\b|\bnest\b|\bside table\b|\bend table\b|\boccasional table\b|\bbookcase\b|\bcabinet\b|\btv\b|\bmedia unit\b|\bdisplay unit\b"
"6954476535995","Hanna Slatted Bed","Bedroom","discount | hanna bed | kids beds | queen bed with slats | slate bed | slatted bed base queen | slatted bed frame | slatted wooden beds | Wooden Beds","kids-furniture | beds | beds-mattresses | bedroom","beds | beds-mattresses","title: bedframe|bed frame|\bbeds?\b|\bdivan\b|headboard.*base"
"6953243148475","Fredrik Lamp Table","Living Room","blue table lamps for sale | home goods table lamps for sale | Lamp Table | lamp tables for sale | table lamps for sale near me","living-room","lighting | objects","title: \blamp\b|\bsconce\b|\blight\b|\bchandelier\b"
"6952973893819","Fredrik Desk (Flatpack)","Living Room","Desks | fredrik computer desk | fredrik ikea desk | fredrik ikea desk price | fredrik standing desk | ikea fredrik desk","home-office","home-office","title: \bdesk\b|\boffice\b|\bworkstation\b"
"6949888852155","Delta Oak Bed","Bedroom","Wooden Beds","beds | beds-mattresses | bedroom","beds | beds-mattresses","title: bedframe|bed frame|\bbeds?\b|\bdivan\b|headboard.*base"
"6949884559547","Delta Oak 3+4 Drawer Wide Chest","Bedroom","Chest of Drawers","bedroom-furniture | bedroom","bedroom-furniture","title: wardrobe|\brobes?\b|bedside|\blockers?\b|headboard|dressing table|\btallboy\b|\bchest\b|blanket box"
"6949868470459","Delta Oak 3+4 Drawer Tall Chest","Bedroom","Chest of Drawers","bedroom-furniture | bedroom","bedroom-furniture","title: wardrobe|\brobes?\b|bedside|\blockers?\b|headboard|dressing table|\btallboy\b|\bchest\b|blanket box"
"6947240542395","Daniella Bed","Bedroom","Wooden Beds","beds | beds-mattresses | bedroom","beds | beds-mattresses","title: bedframe|bed frame|\bbeds?\b|\bdivan\b|headboard.*base"
"6945740226747","Bella Double Wardrobe with Drawer","Bedroom","Wardrobes","bedroom-furniture | bedroom","bedroom-furniture","title: wardrobe|\brobes?\b|bedside|\blockers?\b|headboard|dressing table|\btallboy\b|\bchest\b|blanket box"
"6945737048251","Bella Bed","Bedroom","Wooden Beds","beds | beds-mattresses | bedroom","beds | beds-mattresses","title: bedframe|bed frame|\bbeds?\b|\bdivan\b|headboard.*base"
"6945718665403","Bamberg Chair Dark Grey","Dining","dark grey chair | dark grey dining chair | dark grey tub chair | dark grey tufted chair | Dining Chairs & Benches","dining","dining","tags: dining|\bbar stool\b|\bbarstool\b|\bbreakfast\b|\bbench\b|\bsideboard\b"
"6945713258683","Alana Slatted Bed","Bedroom","bed slats | discount | slatted bed base | slatted bed base queen | wood bed slats | Wooden Beds","beds | beds-mattresses | bedroom","beds | beds-mattresses","title: bedframe|bed frame|\bbeds?\b|\bdivan\b|headboard.*base"
"6945700151483","Aintree Bed","Bedroom","3ft bed | 3ft bed frame | 3ft bed risers | 3ft bed size | 3ft beds | 4ft6 bed in cm | 4ft6 beds | 4ft6 double bed | 4ft6 double bed dimensions | aintree | bed aintree | bed factory aintree | beds aintree | Wooden Beds","beds | beds-mattresses | bedroom","beds | beds-mattresses","title: bedframe|bed frame|\bbeds?\b|\bdivan\b|headboard.*base"
"6945698873531","Aintree 3+2 Drawer Chest","Bedroom","Chest of Drawers","bedroom-furniture | bedroom","bedroom-furniture","title: wardrobe|\brobes?\b|bedside|\blockers?\b|headboard|dressing table|\btallboy\b|\bchest\b|blanket box"
"6938831847611","Frankfurt Lamp Table","Living Room","Lamp Table","living-room","lighting | objects","title: \blamp\b|\bsconce\b|\blight\b|\bchandelier\b"
"6921613770939","Hollie Triple Bunk Bed","Bedroom","Bunk Beds","kids-furniture | beds | beds-mattresses | bedroom","kids-furniture | beds | beds-mattresses","title: \bbunk\b|\bcabin\b|\bmid.?sleeper\b|\bhigh.?sleeper\b|\btriple sleeper\b"
"6921598599355","Eric Corner Bunk","Bedroom","Bunk Beds","kids-furniture | beds | beds-mattresses | bedroom","kids-furniture | beds | beds-mattresses","title: \bbunk\b|\bcabin\b|\bmid.?sleeper\b|\bhigh.?sleeper\b|\btriple sleeper\b"
"6921593422011","Cassie Bunk Bed","Bedroom","Bunk Beds","kids-furniture | beds | beds-mattresses | bedroom","kids-furniture | beds | beds-mattresses","title: \bbunk\b|\bcabin\b|\bmid.?sleeper\b|\bhigh.?sleeper\b|\btriple sleeper\b"
"6921471983803","Robson Bed Frame","Bedroom","3ft | Bedframes | Wooden Beds","beds | beds-mattresses | bedroom","beds | beds-mattresses","title: bedframe|bed frame|\bbeds?\b|\bdivan\b|headboard.*base"
"6847046254779","Columbia Oak Dining Set","Dining","best dining in columbia sc | columbia dining | dining | dining hall columbia | dining halls columbia | Dining Sets","dining","dining","title: dining|\bbar stool\b|\bbarstool\b|\bbreakfast\b|\bbench\b|\bsideboard\b"
"6847023710395","Alicante Dining Set","Dining","alicante  dining set | alicante  dining set grey | alicante  garden dining set | alicante  wood dining set | alicante dining bench | alice dining | Dining Sets","garden-furniture","dining","title: dining|\bbar stool\b|\bbarstool\b|\bbreakfast\b|\bbench\b|\bsideboard\b"
"6884152082619","Roxy 2 Seater Sofa","Sofas & Chairs","2 seat sofa | 2 seater couch | 2 seater recliner sofa | 2 seater sofa | 2 seater sofas | 2 Seaters | sofa 2 seater","sofas-chairs | living-room","sofas-chairs","title: \bsofa\b|\bsofabed\b|\bsuite\b|\bsectional\b|\bseater\b"
"6849575846075","Sarah Black PU Office Chair","Living Room","Office Chairs | Office furniture","home-office","home-office","title: \bdesk\b|\boffice\b|\bworkstation\b"
"6849245184187","Oak Writing Desk with Drawers","Living Room","Desks | Office furniture","home-office","home-office","title: \bdesk\b|\boffice\b|\bworkstation\b"
"6849242333371","Gina Writing Desk","Living Room","Desks | Office furniture","home-office","home-office","title: \bdesk\b|\boffice\b|\bworkstation\b"
"6849201602747","Staten Console Table","Living Room","Console Tables","dining","living-room","title: coffee|\bconsole\b|\bnest\b|\bside table\b|\bend table\b|\boccasional table\b|\bbookcase\b|\bcabinet\b|\btv\b|\bmedia unit\b|\bdisplay unit\b"
"6849200586939","Staten Coffee Table","Living Room","Coffee Tables","dining","living-room","title: coffee|\bconsole\b|\bnest\b|\bside table\b|\bend table\b|\boccasional table\b|\bbookcase\b|\bcabinet\b|\btv\b|\bmedia unit\b|\bdisplay unit\b"
"6849188626619","Manhattan Coffee Table","Living Room","Coffee Tables","dining","living-room","title: coffee|\bconsole\b|\bnest\b|\bside table\b|\bend table\b|\boccasional table\b|\bbookcase\b|\bcabinet\b|\btv\b|\bmedia unit\b|\bdisplay unit\b"
"6849185218747","Manhattan Lamp Table","Living Room","Lamp Table","living-room","lighting | objects","title: \blamp\b|\bsconce\b|\blight\b|\bchandelier\b"
"6849171914939","Manhattan Console Table","Living Room","Console Tables","dining","living-room","title: coffee|\bconsole\b|\bnest\b|\bside table\b|\bend table\b|\boccasional table\b|\bbookcase\b|\bcabinet\b|\btv\b|\bmedia unit\b|\bdisplay unit\b"
"6849101299899","Boston Coffee Table","Living Room","Coffee Tables","dining","living-room","title: coffee|\bconsole\b|\bnest\b|\bside table\b|\bend table\b|\boccasional table\b|\bbookcase\b|\bcabinet\b|\btv\b|\bmedia unit\b|\bdisplay unit\b"
"6847396577467","Thames Extending Dining Set","Dining","Dining Sets","dining","dining","title: dining|\bbar stool\b|\bbarstool\b|\bbreakfast\b|\bbench\b|\bsideboard\b"
"6847291392187","Rochester Dining Set","Dining","dining in rochester | dining rochester | Dining Sets | rochester dining | rochester mi dining","dining","dining","title: dining|\bbar stool\b|\bbarstool\b|\bbreakfast\b|\bbench\b|\bsideboard\b"
"6847271108795","Nappa Grey & Oak Dining Set with Bench","Dining","Dining Sets","dining","dining","title: dining|\bbar stool\b|\bbarstool\b|\bbreakfast\b|\bbench\b|\bsideboard\b"
"6847184371899","Hampshire Grey Dining Set","Dining","dining new hampshire | Dining Sets | fine dining hampshire | hampshire dining | hampshire diningfine","dining","dining","title: dining|\bbar stool\b|\bbarstool\b|\bbreakfast\b|\bbench\b|\bsideboard\b"
"6847124570299","Galina Dining Set","Dining","Dining Sets","dining","dining","title: dining|\bbar stool\b|\bbarstool\b|\bbreakfast\b|\bbench\b|\bsideboard\b"
"6847052447931","Dropleaf Dining Set","Dining","Dining Sets","dining","dining","title: dining|\bbar stool\b|\bbarstool\b|\bbreakfast\b|\bbench\b|\bsideboard\b"
"6847028134075","Bolton Dining Set","Dining","Dining Sets","dining","dining","title: dining|\bbar stool\b|\bbarstool\b|\bbreakfast\b|\bbench\b|\bsideboard\b"
"6828614811835","Cassie Bed Frame","Bedroom","Bedframes | Wooden Beds","bedroom-furniture | bedroom | kids-furniture","beds | beds-mattresses","title: bedframe|bed frame|\bbeds?\b|\bdivan\b|headboard.*base"
"6819445276859","Quilted Bean Bag","Kids Furniture","bean bag chair pink | bean bag pink | Bean Bags | pink bean bag | pink beanbag","living-room","chairs-footstools | sofas-chairs","title: \barmchairs?\b|\barm chairs?\b|\baccent chairs?\b|\boccasional chairs?\b|\bfireside\b|\brecliner\b|\brocking\b|\bfootstools?\b|lift.*rise|\bbean bag\b"
"6819444228283","Kid's Recliner With Cupholder","Kids Furniture","baby recliner | Chairs | childrens chairs | childrens recliner | kids chairs | kids recliner | toddler recliner","sofas-chairs | chairs-footstools | living-room","chairs-footstools | sofas-chairs","title: \barmchairs?\b|\barm chairs?\b|\baccent chairs?\b|\boccasional chairs?\b|\bfireside\b|\brecliner\b|\brocking\b|\bfootstools?\b|lift.*rise|\bbean bag\b"
"6819411296443","Lynn Accent Chair","Sofas & Chairs","Occasional Chairs","sofas-chairs | chairs-footstools | living-room","chairs-footstools | sofas-chairs","title: \barmchairs?\b|\barm chairs?\b|\baccent chairs?\b|\boccasional chairs?\b|\bfireside\b|\brecliner\b|\brocking\b|\bfootstools?\b|lift.*rise|\bbean bag\b"
"6819410346171","Kenmare Chair & Footstool","Sofas & Chairs","Footstool Chairs | Occasional Chairs | Recliner Chairs","sofas-chairs | chairs-footstools | living-room","chairs-footstools | sofas-chairs","title: \barmchairs?\b|\barm chairs?\b|\baccent chairs?\b|\boccasional chairs?\b|\bfireside\b|\brecliner\b|\brocking\b|\bfootstools?\b|lift.*rise|\bbean bag\b"
"6819410018491","Kirkby Sofa Bed","Living Room","Fold up Beds | Sofa Beds","sofas-chairs | living-room","sofas-chairs","title: \bsofa\b|\bsofabed\b|\bsuite\b|\bsectional\b|\bseater\b"
"6815460786363","Emily Patchwork Cube","Kids Furniture","Chairs","sofas-chairs | chairs-footstools | living-room","kids-furniture","product_type: Kids Furniture"
"6815460720827","Annah Linen Patchwork Chair Multicolour","Kids Furniture","Chairs","sofas-chairs | chairs-footstools | living-room","kids-furniture","product_type: Kids Furniture"
