id,demo_title,live_title,display_title,old_slug,live_handle,new_slug,finding
"15403730207043","","Troy Cabinet - HJ","Troy Cabinet","","troy-bookcase-hj-copy","troy-cabinet","New live product"
"15401114239299","Tucker Sofa Bed IM","Tucker Sofa Bed IM","Tucker Sofa Bed","tucker-sofa-bed-im-copy","tucker-sofa-bed-im-copy","tucker-sofa-bed","Live title retained; live handle may be historic"
"8794723549507","Horizontal Wall Beds AL","Horizontal Wall Beds AL","Horizontal Wall Beds","horizontal-wall-beds-2","horizontal-wall-beds-2","horizontal-wall-beds","Live title retained; live handle may be historic"
"15390796513603","Scottsboro Full Foam Sofa Bed - IM","Scottsboro Full Foam Sofa Bed - IM","Scottsboro Full Foam Sofa Bed","scottsboro-full-foam-sofa-bed-im","scottsboro-full-foam-sofa-bed-im","scottsboro-full-foam-sofa-bed","Live title retained; live handle may be historic"
"15390769905987","Arga Sofa Bed - IM","Arga Sofa Bed - IM","Arga Sofa Bed","arga-sofa-bed-im","arga-sofa-bed-im","arga-sofa-bed","Live title retained; live handle may be historic"
"15369388196163","Viera bedframe","Viera bedframe","Viera bedframe","valeria-bedframe","valeria-bedframe","viera-bedframe","Live title retained; live handle may be historic"
"15369386754371","Antrim bedframe","Antrim bedframe","Antrim bedframe","waterford-bedframe-copy","waterford-bedframe-copy","antrim-bedframe","Live title retained; live handle may be historic"
"15369376891203","Waterford bedframe","Waterford bedframe","Waterford bedframe","donegal-ottoman-storage-bed-copy","donegal-ottoman-storage-bed-copy","waterford-bedframe","Live title retained; live handle may be historic"
"15369361916227","Donegal Ottoman Storage Bed","Donegal Ottoman Storage Bed","Donegal Ottoman Storage Bed","clifften-ottoman-storage-bed-copy","clifften-ottoman-storage-bed-copy","donegal-ottoman-storage-bed","Live title retained; live handle may be historic"
"15369135391043","Clifften Ottoman Storage Bed","Clifften Ottoman Storage Bed","Clifften Ottoman Storage Bed","new-york-storage-bed-copy","new-york-storage-bed-copy","clifften-ottoman-storage-bed","Live title retained; live handle may be historic"
"15369130770755","New York Storage Bed","New York Storage Bed","New York Storage Bed","frida-storage-bed-hb-copy","frida-storage-bed-hb-copy","new-york-storage-bed","Live title retained; live handle may be historic"
"8611130868035","Aspire Rug - Coral","Aspire Rug - Coral","Aspire Rug - Coral","aspirerug-100-coral","aspirerug-100-coral","aspire-rug-coral","Live title retained; live handle may be historic"
"8612243767619","Kilkenny Grey Locker-GI","Kilkenny Grey Locker-GI","Kilkenny Grey Locker","kilkenny-grey-locker","kilkenny-grey-locker","kilkenny-grey-locker","Live title retained; live handle may be historic"
"8612244029763","Kilkenny Mink Locker-GI","Kilkenny Mink Locker-GI","Kilkenny Mink Locker","kilkenny-mink-locker","kilkenny-mink-locker","kilkenny-mink-locker","Live title retained; live handle may be historic"
"8612246618435","R60-M GI","R60-M GI","R60-M","r60-m","r60-m","r60-m","Live title retained; live handle may be historic"
"8361262252355","ROISIN 2 SEATER SOFA BED HT","ROISIN 2 SEATER SOFA BED HT","Roisin 2 Seater Sofa Bed","roisin-2-seater-sofa-bed","roisin-2-seater-sofa-bed","roisin-2-seater-sofa-bed","Live title retained; live handle may be historic"
"15362542960963","Malta Suite - GIE","Malta Suite - GIE","Malta Suite","malta-suite-gie","malta-suite-gie","malta-suite","Live title retained; live handle may be historic"
"8699020738883","Natural Sleep Origin Restore Mattress","Natural Sleep Origin Restore Mattress","Natural Sleep Origin Restore Mattress","natural-sleep-rest","natural-sleep-rest","natural-sleep-origin-restore-mattress","Live title retained; live handle may be historic"
"8699017789763","Natural Sleep Origin Hibernate Mattress","Natural Sleep Origin Hibernate Mattress","Natural Sleep Origin Hibernate Mattress","natural-sleep-hibernate","natural-sleep-hibernate","natural-sleep-origin-hibernate-mattress","Live title retained; live handle may be historic"
"8704020152643","Natural Sleep Platinum Comfort Mattress","Natural Sleep Platinum Comfort Mattress","Natural Sleep Platinum Comfort Mattress","natural-sleep-platinum-latex","natural-sleep-platinum-latex","natural-sleep-platinum-comfort-mattress","Live title retained; live handle may be historic"
"8698292175171","Natural Sleep Nature's Touch Mattress","Natural Sleep Nature's Touch Mattress","Natural Sleep Nature's Touch Mattress","natural-sleep-natures-touch-mattress","natural-sleep-natures-touch-mattress","natural-sleep-natures-touch-mattress","Live title retained; live handle may be historic"
"8978708726083","Fredrik Bar Stools PU GA","Fredrik Bar Stools PU GA","Fredrik Bar Stools PU","fredrik-bar-stools-pu","fredrik-bar-stools-pu","fredrik-bar-stools-pu","Live title retained; live handle may be historic"
"15335257899331","Frida Storage bed HB","Frida Storage bed HB","Frida Storage bed HB","freda-storage-bed-hb","freda-storage-bed-hb","frida-storage-bed-hb","Live title retained; live handle may be historic"
"15334191497539","Cedar Wood 2 Drawer Locker","Cedar Wood 2 Drawer Locker","Cedar Wood 2 Drawer Locker","ella-3-drawer-locker-light-grey-oak-hb-copy","ella-3-drawer-locker-light-grey-oak-hb-copy","cedar-wood-2-drawer-locker","Live title retained; live handle may be historic"
"15333210390851","Concept Vertical Wall Bed","Concept Vertical Wall Bed","Concept Vertical Wall Bed","vertical-wall-bed","vertical-wall-bed","concept-vertical-wall-bed","Live title retained; live handle may be historic"
"8798938235203","Vertical Wall Beds AL","Vertical Wall Beds AL","Vertical Wall Beds","vertical-wall-beds","vertical-wall-beds","vertical-wall-beds","Live title retained; live handle may be historic"
"15310062715203","Aspen Corner Garden Furniture Set","Aspen Corner Garden Furniture Set","Aspen Corner Garden Furniture Set","aspen-corner-garden-furniture-set","aspen-corner-garden-furniture-set","aspen-corner-garden-furniture-set","Live title retained; live handle may be historic"
"15298336194883","Elizabeth Ivory Metal Bed - 4'6","Elizabeth Ivory Metal Bed - 4'6","Elizabeth Ivory Metal Bed - 4'6","elizabeth-ivory-metal-bed-46","elizabeth-ivory-metal-bed-46","elizabeth-ivory-metal-bed-46","Live title retained; live handle may be historic"
"15298328232259","Shannon Mattress","Shannon Mattress","Shannon Mattress","cashel-mattress-copy","cashel-mattress-copy","shannon-mattress","Live title retained; live handle may be historic"
"9062542541123","Isra Console Table Marble GA","Isra Console Table Marble GA","Isra Console Table Marble","isra-console-table-marble","isra-console-table-marble","isra-console-table-marble","Live title retained; live handle may be historic"
"9062545621315","Isra Lamp Table Marble GA","Isra Lamp Table Marble GA","Isra Lamp Table Marble","isra-lamp-table-marble","isra-lamp-table-marble","isra-lamp-table-marble","Live title retained; live handle may be historic"
"15269849891139","Limerick Storage Bed","Limerick Storage Bed","Limerick Storage Bed","wicklow-storage-bed-copy","wicklow-storage-bed-copy","limerick-storage-bed","Live title retained; live handle may be historic"
"15269847859523","Wicklow Storage Bed","Wicklow Storage Bed","Wicklow Storage Bed","wicklow-storage-bed","wicklow-storage-bed","wicklow-storage-bed","Live title retained; live handle may be historic"
"15265178321219","Sheraton Recliner Sofa Range","Sheraton Recliner Sofa Range","Sheraton Recliner Sofa Range","kingsley-recliner-sofa-range-copy","kingsley-recliner-sofa-range-copy","sheraton-recliner-sofa-range","Live title retained; live handle may be historic"
"15265177764163","Kerry Recliner Sofa Range","Kerry Recliner Sofa Range","Kerry Recliner Sofa Range","kingsley-recliner-sofa-range","kingsley-recliner-sofa-range","kerry-recliner-sofa-range","Live title retained; live handle may be historic"
"7674039828667","Taylor Patchwork Chair (original) - HJ","Taylor Patchwork Chair (original) - HJ","Taylor Patchwork Chair (original)","taylor-patchwork-chair-original","taylor-patchwork-chair-original","taylor-patchwork-chair-original","Live title retained; live handle may be historic"
"8945405264195","Melissa Nest Table HJ","Melissa Nest Table HJ","Melissa Nest Table","melissa-nest-table","melissa-nest-table","melissa-nest-table","Live title retained; live handle may be historic"
"8612247929155","Sligo Gas Lift Bed-GI","Sligo Gas Lift Bed-GI","Sligo Gas Lift Bed","sligo-gas-lift-bed-sligo-gas-lift-4-6-bed-w-x-170","sligo-gas-lift-bed-sligo-gas-lift-4-6-bed-w-x-170","sligo-gas-lift-bed","Live title retained; live handle may be historic"
"15239233339715","Carlow Beige Bed - GI","Carlow Beige Bed - GI","Carlow Beige Bed","carlow-beige-bed-gi","carlow-beige-bed-gi","carlow-beige-bed","Live title retained; live handle may be historic"
"8612243833155","Kilkenny Mink Bed-GI","Kilkenny Mink Bed-GI","Kilkenny Mink Bed","kilkenny-mink-bed-4ft6","kilkenny-mink-bed-4ft6","kilkenny-mink-bed","Live title retained; live handle may be historic"
"15233630798147","Metro Sofa Bed - JB","Metro Sofa Bed - JB","Metro Sofa Bed","metro-sofa-bed-jb","metro-sofa-bed-jb","metro-sofa-bed","Live title retained; live handle may be historic"
"15149848953155","Turner Leisure Chair w/Footstool IM","Turner Leisure Chair w/Footstool IM","Turner Leisure Chair w/Footstool","turner-leisure-chair-w-footstool","turner-leisure-chair-w-footstool","turner-leisure-chair-w-footstool","Live title retained; live handle may be historic"
"14875251671363","Malvern 2 Door Bedroom Range WS","Malvern 2 Door Bedroom Range WS","Malvern 2 Door Bedroom Range","malvern-2-door-bedroom-range","malvern-2-door-bedroom-range","malvern-2-door-bedroom-range","Live title retained; live handle may be historic"
"6847039537339","Chelsea Dining Set with Bench - HJ","Chelsea Dining Set with Bench - HJ","Chelsea Dining Set with Bench","chelsea-dining-set-with-bench","chelsea-dining-set-with-bench","chelsea-dining-set-with-bench","Live title retained; live handle may be historic"
"15121610637635","Ryder Reclining Chair Ash","Ryder Reclining Chair Ash","Ryder Reclining Chair Ash","sienna-reclining-chair-w-phone-holder-copy","sienna-reclining-chair-w-phone-holder-copy","ryder-reclining-chair-ash","Live title retained; live handle may be historic"
"15121578131779","Sienna Reclining Chair w/ Phone Holder","Sienna Reclining Chair w/ Phone Holder","Sienna Reclining Chair w/ Phone Holder","sienna-reclining-chair-w-phone-holder","sienna-reclining-chair-w-phone-holder","sienna-reclining-chair-w-phone-holder","Live title retained; live handle may be historic"
"14884993237315","Zara Nest of Tables HB","Zara Nest of Tables HB","Zara Nest of Tables HB","zara-nest-of-tables-hb","zara-nest-of-tables-hb","zara-nest-of-tables-hb","Live title retained; live handle may be historic"
"15111764672835","Nantes Accent Chair","Nantes Accent Chair","Nantes Accent Chair","nantes-accent-chair","nantes-accent-chair","nantes-accent-chair","Live title retained; live handle may be historic"
"15111762870595","Talia Accent Chair","Talia Accent Chair","Talia Accent Chair","talia-accent-chair","talia-accent-chair","talia-accent-chair","Live title retained; live handle may be historic"
"15110009553219","Pearl Lounger Bean Bag Moss","Pearl Lounger Bean Bag Moss","Pearl Lounger Bean Bag Moss","pearl-lounger-bean-bag","pearl-lounger-bean-bag","pearl-lounger-bean-bag-moss","Live title retained; live handle may be historic"
"15110002999619","Oakley Loveseat","Oakley Loveseat","Oakley Loveseat","oakley-loveseat","oakley-loveseat","oakley-loveseat","Live title retained; live handle may be historic"
"15109996806467","Isla Swivel Recliner with Footstool","Isla Swivel Recliner with Footstool","Isla Swivel Recliner with Footstool","isla-swivel-recliner-with-footstool","isla-swivel-recliner-with-footstool","isla-swivel-recliner-with-footstool","Live title retained; live handle may be historic"
"15109982159171","Halton Lift and Rise + Massage Sofas IM","Halton Lift and Rise + Massage Sofas IM","Halton Lift and Rise + Massage Sofas","bremen-sofas-im-copy-1","bremen-sofas-im-copy-1","halton-lift-and-rise-massage-sofas","Live title retained; live handle may be historic"
"15109961941315","Ebro Sofa Bed IM","Ebro Sofa Bed IM","Ebro Sofa Bed","bremen-sofas-im-copy","bremen-sofas-im-copy","ebro-sofa-bed","Live title retained; live handle may be historic"
"15109959680323","Bremen Sofas IM","Bremen Sofas IM","Bremen Sofas","bremen-sofas-im","bremen-sofas-im","bremen-sofas","Live title retained; live handle may be historic"
"14672691986755","Capri Bar Stool GA","Capri Bar Stool GA","Capri Bar Stool","capri-bar-stool-ga","capri-bar-stool-ga","capri-bar-stool","Live title retained; live handle may be historic"
"9087421317443","Opera Dining Chair GA","Opera Dining Chair GA","Opera Dining Chair","opera-dining-chair","opera-dining-chair","opera-dining-chair","Live title retained; live handle may be historic"
"9175124148547","James Dining Chair GA","James Dining Chair GA","James Dining Chair","james-dining-chair","james-dining-chair","james-dining-chair","Live title retained; live handle may be historic"
"15062589997379","Tyrone Recliner Sofa McN","Tyrone Recliner Sofa McN","Tyrone Recliner Sofa","tansey-recliner-sofa","tansey-recliner-sofa","tyrone-recliner-sofa","Live title retained; live handle may be historic"
"15062587277635","Waterloo Fabric Recliner Sofa","Waterloo Fabric Recliner Sofa","Waterloo Fabric Recliner Sofa","washington-fabric-recliner-sofa","washington-fabric-recliner-sofa","waterloo-fabric-recliner-sofa","Live title retained; live handle may be historic"
"15062558179651","New York Mattress","New York Mattress","New York Mattress","new-york-mattress","new-york-mattress","new-york-mattress","Live title retained; live handle may be historic"
"15009128841539","Portland 3 Drawer Chest","Portland 3 Drawer Chest","Portland 3 Drawer Chest","portland-3-drawer-chest","portland-3-drawer-chest","portland-3-drawer-chest","Live title retained; live handle may be historic"
"15006744150339","Portland 2 Drawer Bedside","Portland 2 Drawer Bedside","Portland 2 Drawer Bedside","portland-2-drawer-bedside","portland-2-drawer-bedside","portland-2-drawer-bedside","Live title retained; live handle may be historic"
"15006739366211","Portland 3+2 Drawer Chest","Portland 3+2 Drawer Chest","Portland 3+2 Drawer Chest","portland-3-2-drawer-chest","portland-3-2-drawer-chest","portland-3-2-drawer-chest","Live title retained; live handle may be historic"
"14981849284931","Boston Corner Sofa Bed - Bren","Boston Corner Sofa Bed - Bren","Boston Corner Sofa Bed - Bren","boston-corner-sofa-bed-bren","boston-corner-sofa-bed-bren","boston-corner-sofa-bed-bren","Live title retained; live handle may be historic"
"14978333573443","GD001 Mirror - GIE","GD001 Mirror - GIE","GD001 Mirror","gd003-mirror-gie-copy-1","gd003-mirror-gie-copy-1","gd001-mirror","Live title retained; live handle may be historic"
"14978331705667","GD008 Mirror - GIE","GD008 Mirror - GIE","GD008 Mirror","gd007-mirror-gie-copy","gd007-mirror-gie-copy","gd008-mirror","Live title retained; live handle may be historic"
"14978329215299","GD007 Mirror - GIE","GD007 Mirror - GIE","GD007 Mirror","gd006-mirror-gie-copy","gd006-mirror-gie-copy","gd007-mirror","Live title retained; live handle may be historic"
"14978153251139","GD006 Mirror - GIE","GD006 Mirror - GIE","GD006 Mirror","gd005-mirror-gie-copy","gd005-mirror-gie-copy","gd006-mirror","Live title retained; live handle may be historic"
"14978145354051","GD005 Mirror - GIE","GD005 Mirror - GIE","GD005 Mirror","gd004-mirror-gie-copy","gd004-mirror-gie-copy","gd005-mirror","Live title retained; live handle may be historic"
"14978129461571","GD004 Mirror - GIE","GD004 Mirror - GIE","GD004 Mirror","gd003-mirror-gie-copy","gd003-mirror-gie-copy","gd004-mirror","Live title retained; live handle may be historic"
"14978105508163","GD003 Mirror - GIE","GD003 Mirror - GIE","GD003 Mirror","gd003-mirror-gie","gd003-mirror-gie","gd003-mirror","Live title retained; live handle may be historic"
"14957008126275","Stratford 3 Door Wardrobe","Stratford 3 Door Wardrobe","Stratford 3 Door Wardrobe","stratford-3-door-wardrobe","stratford-3-door-wardrobe","stratford-3-door-wardrobe","Live title retained; live handle may be historic"
"14957006586179","Stratford 2 Door Wardrobe","Stratford 2 Door Wardrobe","Stratford 2 Door Wardrobe","stratford-2-door-wardrobe","stratford-2-door-wardrobe","stratford-2-door-wardrobe","Live title retained; live handle may be historic"
"14957004456259","Stratford 3+2 Drawer Chest","Stratford 3+2 Drawer Chest","Stratford 3+2 Drawer Chest","stratford-3-2-drawer-chest","stratford-3-2-drawer-chest","stratford-3-2-drawer-chest","Live title retained; live handle may be historic"
"14957001769283","Stratford 3 Drawer Chest","Stratford 3 Drawer Chest","Stratford 3 Drawer Chest","stratford-3-drawer-bedside-copy","stratford-3-drawer-bedside-copy","stratford-3-drawer-chest","Live title retained; live handle may be historic"
"14957001605443","Stratford 3 Drawer Bedside","Stratford 3 Drawer Bedside","Stratford 3 Drawer Bedside","stratford-3-drawer-bedside","stratford-3-drawer-bedside","stratford-3-drawer-bedside","Live title retained; live handle may be historic"
"14957000524099","Stratford 2 Drawer Console Table","Stratford 2 Drawer Console Table","Stratford 2 Drawer Console Table","stratford-2-drawer-console-table","stratford-2-drawer-console-table","stratford-2-drawer-console-table","Live title retained; live handle may be historic"
"14956997050691","Stratford 2 Drawer Coffee Table","Stratford 2 Drawer Coffee Table","Stratford 2 Drawer Coffee Table","stratford-2-drawer-coffee-table","stratford-2-drawer-coffee-table","stratford-2-drawer-coffee-table","Live title retained; live handle may be historic"
"14956989350211","Stratford 2 Door TV Unit WS","Stratford 2 Door TV Unit WS","Stratford 2 Door TV Unit","stratford-2-door-tv-unit-ws","stratford-2-door-tv-unit-ws","stratford-2-door-tv-unit","Live title retained; live handle may be historic"
"14956986958147","Stratford 2 Door 2 Drawer Sideboard","Stratford 2 Door 2 Drawer Sideboard","Stratford 2 Door 2 Drawer Sideboard","stratford-2-door-2-drawer-sideboard","stratford-2-door-2-drawer-sideboard","stratford-2-door-2-drawer-sideboard","Live title retained; live handle may be historic"
"14956984205635","Stratford 1 Drawer Locker WS","Stratford 1 Drawer Locker WS","Stratford 1 Drawer Locker","stratford-1-drawer-locker-ws","stratford-1-drawer-locker-ws","stratford-1-drawer-locker","Live title retained; live handle may be historic"
"14952759492931","Modena led cheval arch - TL","Modena led cheval arch - TL","Modena led cheval arch - TL","modena-led-cheval-arch-tl","modena-led-cheval-arch-tl","modena-led-cheval-arch-tl","Live title retained; live handle may be historic"
"14952003633475","Raphael Sofa Bed - IM","Raphael Sofa Bed - IM","Raphael Sofa Bed","corso-sofa-bed-im-copy","corso-sofa-bed-im-copy","raphael-sofa-bed","Live title retained; live handle may be historic"
"14952000192835","Corso Sofa Bed - IM","Corso Sofa Bed - IM","Corso Sofa Bed","corso-sofa-bed-im","corso-sofa-bed-im","corso-sofa-bed","Live title retained; live handle may be historic"
"14951969194307","Cashel Mattress","Cashel Mattress","Cashel Mattress","cashel-mattress","cashel-mattress","cashel-mattress","Live title retained; live handle may be historic"
"14951953727811","Natural Sleep Deep Comfort Mattress","Natural Sleep Deep Comfort Mattress","Natural Sleep Deep Comfort Mattress","natural-sleep-deep-sleep-mattress","natural-sleep-deep-sleep-mattress","natural-sleep-deep-comfort-mattress","Live title retained; live handle may be historic"
"14936655233347","Ottawa 1 Door 3 Drawear Side Table - WH","Ottawa 1 Door 3 Drawear Side Table - WH","Ottawa 1 Door 3 Drawear Side Table - WH","ottawa-1-door-3-drawear-side-table-wh","ottawa-1-door-3-drawear-side-table-wh","ottawa-1-door-3-drawear-side-table-wh","Live title retained; live handle may be historic"
"14934737486147","Nadia Vanity Dressing Table with Drawers TA","Nadia Vanity Dressing Table with Drawers TA","Nadia Vanity Dressing Table with Drawers TA","nadia-vanity-dressing-table-ta","nadia-vanity-dressing-table-ta","nadia-vanity-dressing-table-with-drawers-ta","Live title retained; live handle may be historic"
"14934558441795","Hamilton Dining Table WS","Hamilton Dining Table WS","Hamilton Dining Table","hamilton-dining-table-ws","hamilton-dining-table-ws","hamilton-dining-table","Live title retained; live handle may be historic"
"14934544843075","Orson Recliner Chair & Ottoman IM","Orson Recliner Chair & Ottoman IM","Orson Recliner Chair & Ottoman","orson-recliner-chair-ottoman-im","orson-recliner-chair-ottoman-im","orson-recliner-chair-and-ottoman","Live title retained; live handle may be historic"
"14934517547331","Nevada Vanity Table Set (White Gloss) WH","Nevada Vanity Table Set (White Gloss) WH","Nevada Vanity Table Set (White Gloss) WH","nevada-vanity-table-set-white-gloss-wh","nevada-vanity-table-set-white-gloss-wh","nevada-vanity-table-set-white-gloss-wh","Live title retained; live handle may be historic"
"14913347584323","Malvern 6 Drawer chest WS","Malvern 6 Drawer chest WS","Malvern 6 Drawer chest","malvern-6-drawer-chest-ws","malvern-6-drawer-chest-ws","malvern-6-drawer-chest","Live title retained; live handle may be historic"
"9135555969347","Perth Recliner IM","Perth Recliner IM","Perth Recliner","perth-recliner","perth-recliner","perth-recliner","Live title retained; live handle may be historic"
"8756826865987","Quebec Wave Edge Coffee Table Medium Oak Effect/Black - WH","Quebec Wave Edge Coffee Table Medium Oak Effect/Black - WH","Quebec Wave Edge Coffee Table Medium Oak Effect/Black - WH","quebec-wave-edge-coffee-table-medium-oak-effect-black","quebec-wave-edge-coffee-table-medium-oak-effect-black","quebec-wave-edge-coffee-table-medium-oak-effect-black-wh","Live title retained; live handle may be historic"
"6965225816251","Oscar Small Bench GA","Oscar Small Bench GA","Oscar Small Bench","oscar-small-bench","oscar-small-bench","oscar-small-bench","Live title retained; live handle may be historic"
"8639647154499","Jack Lamp Table-GA","Jack Lamp Table-GA","Jack Lamp Table","jack-lamp-table","jack-lamp-table","jack-lamp-table","Live title retained; live handle may be historic"
"8639646597443","Jack Coffee Table-GA","Jack Coffee Table-GA","Jack Coffee Table","jack-coffee-table","jack-coffee-table","jack-coffee-table","Live title retained; live handle may be historic"
"8639645942083","Jack TV Unit-GA","Jack TV Unit-GA","Jack TV Unit","jack-tv-unit","jack-tv-unit","jack-tv-unit","Live title retained; live handle may be historic"
"7019064524987","Roma 27“ Headboard & Base (2 Drawers) AJ","Roma 27“ Headboard & Base (2 Drawers) AJ","Roma 27“ Headboard & Base (2 Drawers) AJ","roma-27-headboard-base-1-or-2-drawer","roma-27-headboard-base-1-or-2-drawer","roma-27-headboard-and-base-2-drawers-aj","Live title retained; live handle may be historic"
"7019050139835","","Roma 27“ Headboard & Base AJ","Roma 27“ Headboard & Base AJ","","roma-27-headboard-base","roma-27-headboard-and-base-aj","New live product"
"14887995965763","Ventura 3ft Metal Bunk Beds WS","Ventura 3ft Metal Bunk Beds WS","Ventura 3ft Metal Bunk Beds","brandon-3ft-metal-frame-bunk-bed-ws-copy","brandon-3ft-metal-frame-bunk-bed-ws-copy","ventura-3ft-metal-bunk-beds","Live title retained; live handle may be historic"
"14887992459587","Brandon 3ft Metal Frame Bunk Bed WS","Brandon 3ft Metal Frame Bunk Bed WS","Brandon 3ft Metal Frame Bunk Bed","albany-3ft-bunk-bed-antique-pine-ws-copy","albany-3ft-bunk-bed-antique-pine-ws-copy","brandon-3ft-metal-frame-bunk-bed","Live title retained; live handle may be historic"
"9137613406531","Tandi Triple Sleeper Bunk Bed","Tandi Triple Sleeper Bunk Bed","Tandi Triple Sleeper Bunk Bed","tandi-triple-sleeper-bunk-bed","tandi-triple-sleeper-bunk-bed","tandi-triple-sleeper-bunk-bed","Live title retained; live handle may be historic"
"14887848739139","Neptune Triple Sleeper Bunk Bed Dark Grey/Oak Effect WS","Neptune Triple Sleeper Bunk Bed Dark Grey/Oak Effect WS","Neptune Triple Sleeper Bunk Bed Dark Grey/Oak Effect","neptune-triple-sleeper-bunk-bed-ws-copy","neptune-triple-sleeper-bunk-bed-ws-copy","neptune-triple-sleeper-bunk-bed-dark-grey-oak-effect","Live title retained; live handle may be historic"
"14887795392835","Neptune Triple Sleeper Bunk Bed White WS","Neptune Triple Sleeper Bunk Bed White WS","Neptune Triple Sleeper Bunk Bed White","neptune-3ft-bunk-bed-dark-grey-oak-effect-ws-copy","neptune-3ft-bunk-bed-dark-grey-oak-effect-ws-copy","neptune-triple-sleeper-bunk-bed-white","Live title retained; live handle may be historic"
"14887771472195","Neptune 3ft Bunk Bed Dark Grey/Oak Effect WS","Neptune 3ft Bunk Bed Dark Grey/Oak Effect WS","Neptune 3ft Bunk Bed Dark Grey/Oak Effect","neptune-3ft-bunk-bed-white-ws-copy","neptune-3ft-bunk-bed-white-ws-copy","neptune-3ft-bunk-bed-dark-grey-oak-effect","Live title retained; live handle may be historic"
"14887769735491","Neptune 3ft Bunk Bed White WS","Neptune 3ft Bunk Bed White WS","Neptune 3ft Bunk Bed White","neptune-3ft-bunk-bed-white-ws","neptune-3ft-bunk-bed-white-ws","neptune-3ft-bunk-bed-white","Live title retained; live handle may be historic"
"14885413257539","Prime Bed Range HB","Prime Bed Range HB","Prime Bed Range HB","prime-bed-range-hb","prime-bed-range-hb","prime-bed-range-hb","Live title retained; live handle may be historic"
"14885360861507","Rosa Grey Bedframe HB","Rosa Grey Bedframe HB","Rosa Grey Bedframe HB","rosa-grey-bedframe-hb","rosa-grey-bedframe-hb","rosa-grey-bedframe-hb","Live title retained; live handle may be historic"
"14884205822275","Zoey 4 Door 2 Mirrored Wardrobe JB","Zoey 4 Door 2 Mirrored Wardrobe JB","Zoey 4 Door 2 Mirrored Wardrobe","voyager-3-door-2-drawer-wardrobe-jb-copy","voyager-3-door-2-drawer-wardrobe-jb-copy","zoey-4-door-2-mirrored-wardrobe","Live title retained; live handle may be historic"
"14884153065795","Voyager 3 Door 2 Drawer Wardrobe JB","Voyager 3 Door 2 Drawer Wardrobe JB","Voyager 3 Door 2 Drawer Wardrobe","sliderobe-2-door-1-mirror-wardrobe-jb-copy","sliderobe-2-door-1-mirror-wardrobe-jb-copy","voyager-3-door-2-drawer-wardrobe","Live title retained; live handle may be historic"
"14884106961219","Sliderobe 2 Door 1 Mirror Wardrobe JB","Sliderobe 2 Door 1 Mirror Wardrobe JB","Sliderobe 2 Door 1 Mirror Wardrobe","stuttgart-sliding-2-door-1-mirror-wardrobe-jb-copy","stuttgart-sliding-2-door-1-mirror-wardrobe-jb-copy","sliderobe-2-door-1-mirror-wardrobe","Live title retained; live handle may be historic"
"14884069474627","Stuttgart Sliding 2 Door 1 Mirror Wardrobe JB","Stuttgart Sliding 2 Door 1 Mirror Wardrobe JB","Stuttgart Sliding 2 Door 1 Mirror Wardrobe","stuttgart-3-door-central-mirror-wardrobe-jb-copy","stuttgart-3-door-central-mirror-wardrobe-jb-copy","stuttgart-sliding-2-door-1-mirror-wardrobe","Live title retained; live handle may be historic"
"14884024418627","Stuttgart 3 Door Central Mirror Wardrobe JB","Stuttgart 3 Door Central Mirror Wardrobe JB","Stuttgart 3 Door Central Mirror Wardrobe","skyla-4-door-2-mirror-wardrobe-jb-copy","skyla-4-door-2-mirror-wardrobe-jb-copy","stuttgart-3-door-central-mirror-wardrobe","Live title retained; live handle may be historic"
"14883964944707","Skyla 4 Door 2 Mirror Wardrobe JB","Skyla 4 Door 2 Mirror Wardrobe JB","Skyla 4 Door 2 Mirror Wardrobe","sevilla-2-door-1-mirror-2-drawer-sliding-wardrobe-alpine-white-jb-copy","sevilla-2-door-1-mirror-2-drawer-sliding-wardrobe-alpine-white-jb-copy","skyla-4-door-2-mirror-wardrobe","Live title retained; live handle may be historic"
"14883964748099","Sevilla 2 Door 1 Mirror 2 Drawer Sliding Wardrobe Alpine White JB","Sevilla 2 Door 1 Mirror 2 Drawer Sliding Wardrobe Alpine White JB","Sevilla 2 Door 1 Mirror 2 Drawer Sliding Wardrobe Alpine White","sevilla-2-door-1-mirror-2-drawer-sliding-wardrobe-alpine-white-jb","sevilla-2-door-1-mirror-2-drawer-sliding-wardrobe-alpine-white-jb","sevilla-2-door-1-mirror-2-drawer-sliding-wardrobe-alpine-white","Live title retained; live handle may be historic"
"14878031413571","Oakland 5 Door 3 Mirror 2 Drawer Wardrobe 2.26m JB","Oakland 5 Door 3 Mirror 2 Drawer Wardrobe 2.26m JB","Oakland 5 Door 3 Mirror 2 Drawer Wardrobe 2.26m","monza-2-door-1-half-mirror-sliding-wardrobe-2-18-jb-copy","monza-2-door-1-half-mirror-sliding-wardrobe-2-18-jb-copy","oakland-5-door-3-mirror-2-drawer-wardrobe-2-26m","Live title retained; live handle may be historic"
"14878029054275","Monza 2 Door 1 Half Mirror Sliding Wardrobe 2.18 JB","Monza 2 Door 1 Half Mirror Sliding Wardrobe 2.18 JB","Monza 2 Door 1 Half Mirror Sliding Wardrobe 2.18","monza-4-door-2-split-mirror-wardrobe-2-18m-jb-copy","monza-4-door-2-split-mirror-wardrobe-2-18m-jb-copy","monza-2-door-1-half-mirror-sliding-wardrobe-2-18","Live title retained; live handle may be historic"
"14878010310979","Monza 4 Door 2 Split Mirror Wardrobe 2.18m JB","Monza 4 Door 2 Split Mirror Wardrobe 2.18m JB","Monza 4 Door 2 Split Mirror Wardrobe 2.18m","mainz-4-door-2-mirror-2-drawer-wardrobe-alpine-white-1-8m-jb-copy","mainz-4-door-2-mirror-2-drawer-wardrobe-alpine-white-1-8m-jb-copy","monza-4-door-2-split-mirror-wardrobe-2-18m","Live title retained; live handle may be historic"
"14877990486339","Mainz 4 Door 2 Mirror 2 Drawer Wardrobe Alpine White 1.8m JB","Mainz 4 Door 2 Mirror 2 Drawer Wardrobe Alpine White 1.8m JB","Mainz 4 Door 2 Mirror 2 Drawer Wardrobe Alpine White 1.8m","kronach-two-sliding-door-mirrored-wardrobe-2-25m-jb-copy","kronach-two-sliding-door-mirrored-wardrobe-2-25m-jb-copy","mainz-4-door-2-mirror-2-drawer-wardrobe-alpine-white-1-8m","Live title retained; live handle may be historic"
"14877971054915","Kronach Two Sliding Door Mirrored Wardrobe 2.25m JB","Kronach Two Sliding Door Mirrored Wardrobe 2.25m JB","Kronach Two Sliding Door Mirrored Wardrobe 2.25m","joel-2-door-2-mirror-2-drawer-wardrobe-alpine-white-jb-copy","joel-2-door-2-mirror-2-drawer-wardrobe-alpine-white-jb-copy","kronach-two-sliding-door-mirrored-wardrobe-2-25m","Live title retained; live handle may be historic"
"14877951557955","Joel 2 Door 2 Mirror 2 Drawer Wardrobe Alpine White JB","Joel 2 Door 2 Mirror 2 Drawer Wardrobe Alpine White JB","Joel 2 Door 2 Mirror 2 Drawer Wardrobe Alpine White","imperial-3-door-sliding-wardrobe-with-central-mirror-3m-jb-copy","imperial-3-door-sliding-wardrobe-with-central-mirror-3m-jb-copy","joel-2-door-2-mirror-2-drawer-wardrobe-alpine-white","Live title retained; live handle may be historic"
"14877940252995","","Imperial 3 door Sliding Wardrobe with Central Mirror 3m JB","Imperial 3 door Sliding Wardrobe with Central Mirror 3m","","imperial-3-door-sliding-wardrobe-with-central-mirror-2-5m-jb-copy","imperial-3-door-sliding-wardrobe-with-central-mirror-3m","New live product"
"14877939794243","Imperial 3 door Sliding Wardrobe with Central Mirror 2.5m JB","Imperial 3 door Sliding Wardrobe with Central Mirror 2.5m JB","Imperial 3 door Sliding Wardrobe with Central Mirror 2.5m","imperial-3-door-sliding-wardrobe-with-central-mirror-2-5m-jb","imperial-3-door-sliding-wardrobe-with-central-mirror-2-5m-jb","imperial-3-door-sliding-wardrobe-with-central-mirror-2-5m","Live title retained; live handle may be historic"
"14877922492739","Fellbach Sliding 2 Door 2 1/2 Mirror Wardrobe JB","Fellbach Sliding 2 Door 2 1/2 Mirror Wardrobe JB","Fellbach Sliding 2 Door 2 1/2 Mirror Wardrobe","fellbach-sliding-2-door-2-1-2-mirror-wardrobe-jb","fellbach-sliding-2-door-2-1-2-mirror-wardrobe-jb","fellbach-sliding-2-door-2-1-2-mirror-wardrobe","Live title retained; live handle may be historic"
"14877911777603","Ellesse 4 Door 2 Mirror 2 Drawer Wardrobe JB","Ellesse 4 Door 2 Mirror 2 Drawer Wardrobe JB","Ellesse 4 Door 2 Mirror 2 Drawer Wardrobe","ellesse-4-door-2-mirror-2-drawer-wardrobe-jb","ellesse-4-door-2-mirror-2-drawer-wardrobe-jb","ellesse-4-door-2-mirror-2-drawer-wardrobe","Live title retained; live handle may be historic"
"14877882810691","Cadiz 2 Door 1 Mirror Sliding Wardrobe JB","Cadiz 2 Door 1 Mirror Sliding Wardrobe JB","Cadiz 2 Door 1 Mirror Sliding Wardrobe","cadiz-2-door-1-mirror-sliding-wardrobe-jb","cadiz-2-door-1-mirror-sliding-wardrobe-jb","cadiz-2-door-1-mirror-sliding-wardrobe","Live title retained; live handle may be historic"
"14877793845571","Belluno 2 Door 1 Mirror Sliding Wardrobe Artisan Oak JB","Belluno 2 Door 1 Mirror Sliding Wardrobe Artisan Oak JB","Belluno 2 Door 1 Mirror Sliding Wardrobe Artisan Oak","belluno-2-door-1-mirror-sliding-wardrobe-artisan-oak-jb","belluno-2-door-1-mirror-sliding-wardrobe-artisan-oak-jb","belluno-2-door-1-mirror-sliding-wardrobe-artisan-oak","Live title retained; live handle may be historic"
"14877687120195","Arnstein 3 Door 2 drawer 1 Central Mirror Wardrobe JB","Arnstein 3 Door 2 drawer 1 Central Mirror Wardrobe JB","Arnstein 3 Door 2 drawer 1 Central Mirror Wardrobe","arnstein-3-door-2-drawer-1-central-mirror-wardrobe-jb","arnstein-3-door-2-drawer-1-central-mirror-wardrobe-jb","arnstein-3-door-2-drawer-1-central-mirror-wardrobe","Live title retained; live handle may be historic"
"14877676634435","Arnstein 2 Door 1 Mirror 2 Drawer JB","Arnstein 2 Door 1 Mirror 2 Drawer JB","Arnstein 2 Door 1 Mirror 2 Drawer","arnstein-2-door-1-mirror-2-drawer-jb","arnstein-2-door-1-mirror-2-drawer-jb","arnstein-2-door-1-mirror-2-drawer","Live title retained; live handle may be historic"
"8985711083843","Colton 4’6 White Bed HJ","Colton 4’6 White Bed HJ","Colton 4’6 White Bed","colton-4-6-white-bed","colton-4-6-white-bed","colton-46-white-bed","Live title retained; live handle may be historic"
"14877567779139","Aalen 3 door 1 Mirror 6 Drawer Wardrobe 1.36m JB","Aalen 3 door 1 Mirror 6 Drawer Wardrobe 1.36m JB","Aalen 3 door 1 Mirror 6 Drawer Wardrobe 1.36m","aalen-3-door-1-mirror-6-drawer-wardrobe-1-36m-jb","aalen-3-door-1-mirror-6-drawer-wardrobe-1-36m-jb","aalen-3-door-1-mirror-6-drawer-wardrobe-1-36m","Live title retained; live handle may be historic"
"14877468328259","Imperial Sliding Wardrobe JB","Imperial Sliding Wardrobe JB","Imperial Sliding Wardrobe","imperial-sliding-wardrobe-jb","imperial-sliding-wardrobe-jb","imperial-sliding-wardrobe","Live title retained; live handle may be historic"
"14875382219075","Nevada Mirrored 2 Door 1 Drawer Wardrobe White Gloss WS","Nevada Mirrored 2 Door 1 Drawer Wardrobe White Gloss WS","Nevada Mirrored 2 Door 1 Drawer Wardrobe White Gloss","nevada-mirrored-2-door-1-drawer-wardrobe-white-gloss-ws","nevada-mirrored-2-door-1-drawer-wardrobe-white-gloss-ws","nevada-mirrored-2-door-1-drawer-wardrobe-white-gloss","Live title retained; live handle may be historic"
"14875380908355","Nevada Mirrored 2 Door 1 Drawer Wardrobe Grey Gloss/Light Oak Effect WS","Nevada Mirrored 2 Door 1 Drawer Wardrobe Grey Gloss/Light Oak Effect WS","Nevada Mirrored 2 Door 1 Drawer Wardrobe Grey Gloss/Light Oak Effect","nevada-mirrored-2-door-1-drawer-wardrobe-grey-gloss-light-oak-effect-ws","nevada-mirrored-2-door-1-drawer-wardrobe-grey-gloss-light-oak-effect-ws","nevada-mirrored-2-door-1-drawer-wardrobe-grey-gloss-light-oak-effect","Live title retained; live handle may be historic"
"9451307958595","Nevada 3+2 Drawer Chest (White Gloss) - WH","Nevada 3+2 Drawer Chest (White Gloss) - WH","Nevada 3+2 Drawer Chest (White Gloss) - WH","nevada-3-2-drawer-chest-white-gloss-wh","nevada-3-2-drawer-chest-white-gloss-wh","nevada-3-2-drawer-chest-white-gloss-wh","Live title retained; live handle may be historic"
"14875313799491","Malvern 8 Drawer Chest WS","Malvern 8 Drawer Chest WS","Malvern 8 Drawer Chest","malvern-8-drawer-chest-ws","malvern-8-drawer-chest-ws","malvern-8-drawer-chest","Live title retained; live handle may be historic"
"14875304362307","Malvern 3 Door Wardrobe WS","Malvern 3 Door Wardrobe WS","Malvern 3 Door Wardrobe","malvern-3-door-wardrobe-ws","malvern-3-door-wardrobe-ws","malvern-3-door-wardrobe","Live title retained; live handle may be historic"
"14875261960515","Malvern 2 door Wardrobe WS","Malvern 2 door Wardrobe WS","Malvern 2 door Wardrobe","malvern-2-door-wardrobe","malvern-2-door-wardrobe","malvern-2-door-wardrobe","Live title retained; live handle may be historic"
"14875254587715","Malvern 3 door Bedroom Range WS","Malvern 3 door Bedroom Range WS","Malvern 3 door Bedroom Range","malvern-3-door-bedroom-set-ws","malvern-3-door-bedroom-set-ws","malvern-3-door-bedroom-range","Live title retained; live handle may be historic"
"14875244953923","Monaco Bedframe White WS","Monaco Bedframe White WS","Monaco Bedframe White","monaco-bedframe-white-ws","monaco-bedframe-white-ws","monaco-bedframe-white","Live title retained; live handle may be historic"
"14671906537795","Monaco Bedframe Grey/Oak WS","Monaco Bedframe Grey/Oak WS","Monaco Bedframe Grey/Oak","monoco","monoco","monaco-bedframe-grey-oak","Live title retained; live handle may be historic"
"8782132805955","Quebec Dining Chairs - WH","Quebec Dining Chairs - WH","Quebec Dining Chairs - WH","treviso-dining-set-with-quebec-chairs-light-oak-effect-black-grey-velvet","treviso-dining-set-with-quebec-chairs-light-oak-effect-black-grey-velvet","quebec-dining-chairs-wh","Live title retained; live handle may be historic"
"14861160022339","Madison Ottoman Bed WS","Madison Ottoman Bed WS","Madison Ottoman Bed","madison-ottoman-bed","madison-ottoman-bed","madison-ottoman-bed","Live title retained; live handle may be historic"
"14861001818435","Amalfi 2 seater sofa WS","Amalfi 2 seater sofa WS","Amalfi 2 seater sofa","amalfi-1-seater-sofa-ws-copy","amalfi-1-seater-sofa-ws-copy","amalfi-2-seater-sofa","Live title retained; live handle may be historic"
"14861001064771","Amalfi 1 seater sofa WS","Amalfi 1 seater sofa WS","Amalfi 1 seater sofa","amalfi-1-seater-sofa-ws","amalfi-1-seater-sofa-ws","amalfi-1-seater-sofa","Live title retained; live handle may be historic"
"14835534397763","Nevada 6 Door 2 Drawer Mirrored Wardrobe (Grey Gloss/Light Oak Effect Veneer) WS","Nevada 6 Door 2 Drawer Mirrored Wardrobe (Grey Gloss/Light Oak Effect Veneer) WS","Nevada 6 Door 2 Drawer Mirrored Wardrobe (Grey Gloss/Light Oak Effect Veneer)","nevada-6-door-2-drawer-mirrored-wardrobe-ws","nevada-6-door-2-drawer-mirrored-wardrobe-ws","nevada-6-door-2-drawer-mirrored-wardrobe-grey-gloss-light-oak-effect-veneer","Live title retained; live handle may be historic"
"9417586868547","Nevada 2 Door Corner Wardrobe (White Gloss) WH","Nevada 2 Door Corner Wardrobe (White Gloss) WH","Nevada 2 Door Corner Wardrobe (White Gloss) WH","nevada-2-door-corner-wardrobe-white-gloss-wh","nevada-2-door-corner-wardrobe-white-gloss-wh","nevada-2-door-corner-wardrobe-white-gloss-wh","Live title retained; live handle may be historic"
"14741061009731","Chrissie Dining Set HJ","Chrissie Dining Set HJ","Chrissie Dining Set","chrissie-dining-set-1","chrissie-dining-set-1","chrissie-dining-set","Live title retained; live handle may be historic"
"14741058486595","Chrissie 2m Dining Table Set /w Bench HJ","Chrissie 2m Dining Table Set /w Bench HJ","Chrissie 2m Dining Table Set /w Bench","chrissie-2m-dining-table-set-w-bench","chrissie-2m-dining-table-set-w-bench","chrissie-2m-dining-table-set-w-bench","Live title retained; live handle may be historic"
"14741050949955","Chrissie Coffee Table HJ","Chrissie Coffee Table HJ","Chrissie Coffee Table","chrissie-coffee-table","chrissie-coffee-table","chrissie-coffee-table","Live title retained; live handle may be historic"
"14741043183939","Chrissie Console Table HJ","Chrissie Console Table HJ","Chrissie Console Table","chrissie-console-table","chrissie-console-table","chrissie-console-table","Live title retained; live handle may be historic"
"8612247273795","Rukas 0516 Rug","Rukas 0516 Rug","Rukas 0516 Rug","rukas-0516-rug-rukas-0516-120-x-170-rug","rukas-0516-rug-rukas-0516-120-x-170-rug","rukas-0516-rug","Live title retained; live handle may be historic"
"8611128312131","Alisa Rug - Beige Brown","Alisa Rug - Beige Brown","Alisa Rug - Beige Brown","alisarug-beige-brown","alisarug-beige-brown","alisa-rug-beige-brown","Live title retained; live handle may be historic"
"14672507240771","Aintree 3+3 Drawer Wide Chest GA","Aintree 3+3 Drawer Wide Chest GA","Aintree 3+3 Drawer Wide Chest","aintree-3-3-drawer-wide-chest-ga","aintree-3-3-drawer-wide-chest-ga","aintree-3-3-drawer-wide-chest","Live title retained; live handle may be historic"
"14672544596291","Oscar 2 Drawer Coffee Table GA","Oscar 2 Drawer Coffee Table GA","Oscar 2 Drawer Coffee Table","oscar-2-drawer-coffee-table-ga","oscar-2-drawer-coffee-table-ga","oscar-2-drawer-coffee-table","Live title retained; live handle may be historic"
"14672552853827","Erik Round Table GA","Erik Round Table GA","Erik Round Table","erik-round-table-ga","erik-round-table-ga","erik-round-table","Live title retained; live handle may be historic"
"14672680419651","Dallas Office Chair - GA","Dallas Office Chair - GA","Dallas Office Chair","dallas-office-chair-ga","dallas-office-chair-ga","dallas-office-chair","Live title retained; live handle may be historic"
"14672685891907","York Office Chair - GA","York Office Chair - GA","York Office Chair","york-office-chair-ga","york-office-chair-ga","york-office-chair","Live title retained; live handle may be historic"
"8639687655747","Dario Round Table with Black Legs GA","Dario Round Table with Black Legs GA","Dario Round Table with Black Legs","dario-round-table-with-black-legs","dario-round-table-with-black-legs","dario-round-table-with-black-legs","Live title retained; live handle may be historic"
"9062539788611","Matrix Lamp Table Marble GA","Matrix Lamp Table Marble GA","Matrix Lamp Table Marble","matrix-lamp-table-marble","matrix-lamp-table-marble","matrix-lamp-table-marble","Live title retained; live handle may be historic"
"9062537298243","Matrix Coffee Table Light Marble GA","Matrix Coffee Table Light Marble GA","Matrix Coffee Table Light Marble","matrix-coffee-table-light-marble","matrix-coffee-table-light-marble","matrix-coffee-table-light-marble","Live title retained; live handle may be historic"
"9087359287619","Fredrik Tall Bookcase GA","Fredrik Tall Bookcase GA","Fredrik Tall Bookcase","fredrik-tall-bookcase","fredrik-tall-bookcase","fredrik-tall-bookcase","Live title retained; live handle may be historic"
"14671904080195","Sam Bedframe","Sam Bedframe","Sam Bedframe","sam-bedframe","sam-bedframe","sam-bedframe","Live title retained; live handle may be historic"
"9182345101635","Wendy Velvet Tub Chair IM","Wendy Velvet Tub Chair IM","Wendy Velvet Tub Chair","wendy-velvet-tub-chair","wendy-velvet-tub-chair","wendy-velvet-tub-chair","Live title retained; live handle may be historic"
"6884152311995","Roxy Chaise Lounge - IM","Roxy Chaise Lounge - IM","Roxy Chaise Lounge","roxy-chaise-lounge","roxy-chaise-lounge","roxy-chaise-lounge","Live title retained; live handle may be historic"
"6884152246459","Roxy 3 Seater Sofa - IM","Roxy 3 Seater Sofa - IM","Roxy 3 Seater Sofa","roxy-3-seater-sofa","roxy-3-seater-sofa","roxy-3-seater-sofa","Live title retained; live handle may be historic"
"8720675930435","Vienna Locker - GI","Vienna Locker - GI","Vienna Locker","vienna-locker","vienna-locker","vienna-locker","Live title retained; live handle may be historic"
"8720721051971","Vienna Dressing Table GI","Vienna Dressing Table GI","Vienna Dressing Table","vienna-dressing-table","vienna-dressing-table","vienna-dressing-table","Live title retained; live handle may be historic"
"8720705519939","Vienna 5 Drawer Chest - GI","Vienna 5 Drawer Chest - GI","Vienna 5 Drawer Chest","vienna-chest","vienna-chest","vienna-5-drawer-chest","Live title retained; live handle may be historic"
"9062516785475","Emma Gas-Lift Headboard GI","Emma Gas-Lift Headboard GI","Emma Gas-Lift Headboard","emma-gas-lift-headboard","emma-gas-lift-headboard","emma-gas-lift-headboard","Live title retained; live handle may be historic"
"6819443933371","Orthopedic Chair IM","Orthopedic Chair IM","Orthopedic Chair","orthopedic-chair","orthopedic-chair","orthopedic-chair","Live title retained; live handle may be historic"
"8612238360899","Carlow Grey Bed - GI","Carlow Grey Bed - GI","Carlow Grey Bed","carlow-grey-bed-carlow-4-6-bed-233l-x-150w-x-130h","carlow-grey-bed-carlow-4-6-bed-233l-x-150w-x-130h","carlow-grey-bed","Live title retained; live handle may be historic"
"9556427800899","Cedarwood Nore Oak Bed","Cedarwood Nore Oak Bed","Cedarwood Nore Oak Bed","nore-oak-bed","nore-oak-bed","cedarwood-nore-oak-bed","Live title retained; live handle may be historic"
"9556385300803","Cedarwood Boyne Ivory Bed","Cedarwood Boyne Ivory Bed","Cedarwood Boyne Ivory Bed","boyne-ivory-bed","boyne-ivory-bed","cedarwood-boyne-ivory-bed","Live title retained; live handle may be historic"
"9556341981507","Cedarwood Naturalstone Bed","Cedarwood Naturalstone Bed","Cedarwood Naturalstone Bed","naturalstone-bed","naturalstone-bed","cedarwood-naturalstone-bed","Live title retained; live handle may be historic"
"9556334117187","Cedarwood Greystones Bed","Cedarwood Greystones Bed","Cedarwood Greystones Bed","greystones-bed","greystones-bed","cedarwood-greystones-bed","Live title retained; live handle may be historic"
"9556246462787","Cedarwood Trufflestone Bed","Cedarwood Trufflestone Bed","Cedarwood Trufflestone Bed","trufflestone-bed","trufflestone-bed","cedarwood-trufflestone-bed","Live title retained; live handle may be historic"
"9554567790915","Cedarwood Indigo Oak Blue Bed","Cedarwood Indigo Oak Blue Bed","Cedarwood Indigo Oak Blue Bed","indigo-oak-blue","indigo-oak-blue","cedarwood-indigo-oak-blue-bed","Live title retained; live handle may be historic"
"9554555502915","Cedarwood Sage Oak Green Bed","Cedarwood Sage Oak Green Bed","Cedarwood Sage Oak Green Bed","sage-oak-green","sage-oak-green","cedarwood-sage-oak-green-bed","Live title retained; live handle may be historic"
"9554534564163","Annalee Ivory Carcass Bed CW","Annalee Ivory Carcass Bed CW","Annalee Ivory Carcass Bed CW","annalee-ivory-carcass","annalee-ivory-carcass","annalee-ivory-carcass-bed-cw","Live title retained; live handle may be historic"
"9061617762627","Francesca Bedside Locker GA","Francesca Bedside Locker GA","Francesca Bedside Locker","francesca-bedside-locker","francesca-bedside-locker","francesca-bedside-locker","Live title retained; live handle may be historic"
"6947231563963","Daniella 3+4 Drawer Chest GA","Daniella 3+4 Drawer Chest GA","Daniella 3+4 Drawer Chest","daniella-3-4-drawer-chest","daniella-3-4-drawer-chest","daniella-3-4-drawer-chest","Live title retained; live handle may be historic"
"8720619209027","Vienna Bed GI","Vienna Bed GI","Vienna Bed","vienna-bed","vienna-bed","vienna-bed","Live title retained; live handle may be historic"
"9176101323075","Anderson Sofa Bed IM","Anderson Sofa Bed IM","Anderson Sofa Bed","anderson-static-suite","anderson-static-suite","anderson-sofa-bed","Live title retained; live handle may be historic"
"9495671112003","L17B66- 80X80 CM - GI","L17B66- 80X80 CM - GI","L17B66- 80X80 CM","l17b66-80x80-cm-gi","l17b66-80x80-cm-gi","l17b66-80x80-cm","Live title retained; live handle may be historic"
"9495688741187","S18B68 - 80X80 CM - GI","S18B68 - 80X80 CM - GI","S18B68 - 80X80 CM","s18b68-80x80-cm-gi","s18b68-80x80-cm-gi","s18b68-80x80-cm","Live title retained; live handle may be historic"
"9495690510659","FAM-2465 - 80X80 CM - GI","FAM-2465 - 80X80 CM - GI","FAM-2465 - 80X80 CM","fam-2465-80x80-cm-gi","fam-2465-80x80-cm-gi","fam-2465-80x80-cm","Live title retained; live handle may be historic"
"9495691624771","FAM-2434 - 60X90 CM - GI","FAM-2434 - 60X90 CM - GI","FAM-2434 - 60X90 CM","fam-2434-60x90-cm-gi","fam-2434-60x90-cm-gi","fam-2434-60x90-cm","Live title retained; live handle may be historic"
"9495692509507","FAM-1533 - 80X80 CM - GI","FAM-1533 - 80X80 CM - GI","FAM-1533 - 80X80 CM","fam-1533-80x80-cm-gi","fam-1533-80x80-cm-gi","fam-1533-80x80-cm","Live title retained; live handle may be historic"
"9495693328707","FAM-1626 - 90X60 CM - GI","FAM-1626 - 90X60 CM - GI","FAM-1626 - 90X60 CM","fam-1626-90x60-cm-gi","fam-1626-90x60-cm-gi","fam-1626-90x60-cm","Live title retained; live handle may be historic"
"9495694606659","FAM-0637 - 80X80 CM - GI","FAM-0637 - 80X80 CM - GI","FAM-0637 - 80X80 CM","fam-0637-80x80-cm-gi","fam-0637-80x80-cm-gi","fam-0637-80x80-cm","Live title retained; live handle may be historic"
"9495697457475","FAM-0669 - 90X60 CM - GI","FAM-0669 - 90X60 CM - GI","FAM-0669 - 90X60 CM","fam-0669-90x60-cm-gi","fam-0669-90x60-cm-gi","fam-0669-90x60-cm","Live title retained; live handle may be historic"
"9496219353411","L19T18 - 80X80 CM - GI","L19T18 - 80X80 CM - GI","L19T18 - 80X80 CM","l19t18-80x80-cm-gi","l19t18-80x80-cm-gi","l19t18-80x80-cm","Live title retained; live handle may be historic"
"9496240685379","L18B111 - 80X80 CM - GI","L18B111 - 80X80 CM - GI","L18B111 - 80X80 CM","l18b111-80x80-cm-gi","l18b111-80x80-cm-gi","l18b111-80x80-cm","Live title retained; live handle may be historic"
"9496241570115","FAM-2471-1 - 80X80 CM - GI","FAM-2471-1 - 80X80 CM - GI","FAM-2471-1 - 80X80 CM","fam-2471-1-80x80-cm-gi","fam-2471-1-80x80-cm-gi","fam-2471-1-80x80-cm","Live title retained; live handle may be historic"
"9496242848067","FAM-2527 - 80X80 CM - GI","FAM-2527 - 80X80 CM - GI","FAM-2527 - 80X80 CM","fam-2527-80x80-cm-gi","fam-2527-80x80-cm-gi","fam-2527-80x80-cm","Live title retained; live handle may be historic"
"9496244683075","FAM-1375 - 80X80 CM - GI","FAM-1375 - 80X80 CM - GI","FAM-1375 - 80X80 CM","fam-1375-80x80-cm-gi","fam-1375-80x80-cm-gi","fam-1375-80x80-cm","Live title retained; live handle may be historic"
"9496247435587","ZH6068- 80X80 CM - GI","ZH6068- 80X80 CM - GI","ZH6068- 80X80 CM","zh6068-80x80-cm-gi","zh6068-80x80-cm-gi","zh6068-80x80-cm","Live title retained; live handle may be historic"
"9496268243267","FAM-2523- 90X60 CM - GI","FAM-2523- 90X60 CM - GI","FAM-2523- 90X60 CM","fam-2523-90x60-cm-gi","fam-2523-90x60-cm-gi","fam-2523-90x60-cm","Live title retained; live handle may be historic"
"9496276369731","FAM-0328 - 80X80 CM - GI","FAM-0328 - 80X80 CM - GI","FAM-0328 - 80X80 CM","fam-0328-80x80-cm-gi","fam-0328-80x80-cm-gi","fam-0328-80x80-cm","Live title retained; live handle may be historic"
"9496282890563","FAM-0117 - 80X80 CM - GI","FAM-0117 - 80X80 CM - GI","FAM-0117 - 80X80 CM","fam-0117-80x80-cm-gi","fam-0117-80x80-cm-gi","fam-0117-80x80-cm","Live title retained; live handle may be historic"
"9496283775299","FAM-2520 - 80X80 CM - GI","FAM-2520 - 80X80 CM - GI","FAM-2520 - 80X80 CM","fam-2520-80x80-cm-gi","fam-2520-80x80-cm-gi","fam-2520-80x80-cm","Live title retained; live handle may be historic"
"9493617738051","Donegal Cream Ottoman - GI","Donegal Cream Ottoman - GI","Donegal Cream Ottoman","donegal-cream-ottoman-gi","donegal-cream-ottoman-gi","donegal-cream-ottoman","Live title retained; live handle may be historic"
"9493612331331","Donegal Cream Bed - GI","Donegal Cream Bed - GI","Donegal Cream Bed","donegal-cream-bed-gi","donegal-cream-bed-gi","donegal-cream-bed","Live title retained; live handle may be historic"
"9493608071491","Donegal Grey Ottoman - GI","Donegal Grey Ottoman - GI","Donegal Grey Ottoman","donegal-grey-ottoman-gi","donegal-grey-ottoman-gi","donegal-grey-ottoman","Live title retained; live handle may be historic"
"9493602894147","Donegal Grey Bed - GI","Donegal Grey Bed - GI","Donegal Grey Bed","donegal-grey-bed-gi","donegal-grey-bed-gi","donegal-grey-bed","Live title retained; live handle may be historic"
"9493594145091","Roscommon Locker - GI","Roscommon Locker - GI","Roscommon Locker","roscommon-locker-gi","roscommon-locker-gi","roscommon-locker","Live title retained; live handle may be historic"
"9493592080707","Roscommon Bed - GI","Roscommon Bed - GI","Roscommon Bed","roscommon-bed-gi","roscommon-bed-gi","roscommon-bed","Live title retained; live handle may be historic"
"9473791426883","Nevada 6 Drawer Chest (Black Gloss) WH","Nevada 6 Drawer Chest (Black Gloss) WH","Nevada 6 Drawer Chest (Black Gloss) WH","nevada-6-drawer-chest-black-gloss-wh","nevada-6-drawer-chest-black-gloss-wh","nevada-6-drawer-chest-black-gloss-wh","Live title retained; live handle may be historic"
"9473786741059","Nevada 6 Drawer Chest (Grey Gloss/Light Oak Effect Veneer) WH","Nevada 6 Drawer Chest (Grey Gloss/Light Oak Effect Veneer) WH","Nevada 6 Drawer Chest (Grey Gloss/Light Oak Effect Veneer) WH","nevada-6-drawer-chest-grey-gloss-light-oak-effect-veneer-wh","nevada-6-drawer-chest-grey-gloss-light-oak-effect-veneer-wh","nevada-6-drawer-chest-grey-gloss-light-oak-effect-veneer-wh","Live title retained; live handle may be historic"
"9473782645059","Nevada 6 Drawer Chest (White Gloss) WH","Nevada 6 Drawer Chest (White Gloss) WH","Nevada 6 Drawer Chest (White Gloss) WH","nevada-6-drawer-chest-white-gloss-wh","nevada-6-drawer-chest-white-gloss-wh","nevada-6-drawer-chest-white-gloss-wh","Live title retained; live handle may be historic"
"9473779106115","Nevada 5 Drawer Narrow Chest (White Gloss) WH","Nevada 5 Drawer Narrow Chest (White Gloss) WH","Nevada 5 Drawer Narrow Chest (White Gloss) WH","nevada-5-drawer-narrow-chest-white-gloss-wh","nevada-5-drawer-narrow-chest-white-gloss-wh","nevada-5-drawer-narrow-chest-white-gloss-wh","Live title retained; live handle may be historic"
"9473735131459","Nevada 5 Drawer Narrow Chest (Grey Gloss/Light Oak Effect Veneer) WH","Nevada 5 Drawer Narrow Chest (Grey Gloss/Light Oak Effect Veneer) WH","Nevada 5 Drawer Narrow Chest (Grey Gloss/Light Oak Effect Veneer) WH","nevada-5-drawer-narrow-chest-grey-gloss-light-oak-effect-veneer-wh","nevada-5-drawer-narrow-chest-grey-gloss-light-oak-effect-veneer-wh","nevada-5-drawer-narrow-chest-grey-gloss-light-oak-effect-veneer-wh","Live title retained; live handle may be historic"
"9473725759811","Nevada 5 Drawer Low Wardrobe (Grey Gloss/Light Oak Effect Veneer) WH","Nevada 5 Drawer Low Wardrobe (Grey Gloss/Light Oak Effect Veneer) WH","Nevada 5 Drawer Low Wardrobe (Grey Gloss/Light Oak Effect Veneer) WH","nevada-5-drawer-low-wardrobe-grey-gloss-light-oak-effect-veneer-wh","nevada-5-drawer-low-wardrobe-grey-gloss-light-oak-effect-veneer-wh","nevada-5-drawer-low-wardrobe-grey-gloss-light-oak-effect-veneer-wh","Live title retained; live handle may be historic"
"9473698496835","Nevada 5 Drawer Low Wardrobe (White Gloss) WH","Nevada 5 Drawer Low Wardrobe (White Gloss) WH","Nevada 5 Drawer Low Wardrobe (White Gloss) WH","nevada-5-drawer-low-wardrobe-white-gloss-wh","nevada-5-drawer-low-wardrobe-white-gloss-wh","nevada-5-drawer-low-wardrobe-white-gloss-wh","Live title retained; live handle may be historic"
"9451478974787","Nevada 4 Drawer Dressing Table Set (White Gloss) WH","Nevada 4 Drawer Dressing Table Set (White Gloss) WH","Nevada 4 Drawer Dressing Table Set (White Gloss) WH","nevada-4-drawer-dressing-table-set-white-gloss-wh","nevada-4-drawer-dressing-table-set-white-gloss-wh","nevada-4-drawer-dressing-table-set-white-gloss-wh","Live title retained; live handle may be historic"
"9451473862979","Nevada 4 Drawer Dressing Table Set (Grey Gloss/Light Oak Effect Veneer) WH","Nevada 4 Drawer Dressing Table Set (Grey Gloss/Light Oak Effect Veneer) WH","Nevada 4 Drawer Dressing Table Set (Grey Gloss/Light Oak Effect Veneer) WH","nevada-4-drawer-dressing-table-set-grey-gloss-light-oak-effect-veneer-wh","nevada-4-drawer-dressing-table-set-grey-gloss-light-oak-effect-veneer-wh","nevada-4-drawer-dressing-table-set-grey-gloss-light-oak-effect-veneer-wh","Live title retained; live handle may be historic"
"9451448074563","Nevada 4 Door 2 Drawer Mirrored Wardrobe (Grey Gloss/Light Oak Effect Veneer) WH","Nevada 4 Door 2 Drawer Mirrored Wardrobe (Grey Gloss/Light Oak Effect Veneer) WH","Nevada 4 Door 2 Drawer Mirrored Wardrobe (Grey Gloss/Light Oak Effect Veneer) WH","nevada-4-door-2-drawer-mirrored-wardrobe-grey-gloss-light-oak-effect-veneer-wh","nevada-4-door-2-drawer-mirrored-wardrobe-grey-gloss-light-oak-effect-veneer-wh","nevada-4-door-2-drawer-mirrored-wardrobe-grey-gloss-light-oak-effect-veneer-wh","Live title retained; live handle may be historic"
"9451336139075","Nevada 4 Door 2 Drawer Mirrored Wardrobe (White Gloss) WH","Nevada 4 Door 2 Drawer Mirrored Wardrobe (White Gloss) WH","Nevada 4 Door 2 Drawer Mirrored Wardrobe (White Gloss) WH","nevada-4-door-2-drawer-mirrored-wardrobe-white-gloss-wh","nevada-4-door-2-drawer-mirrored-wardrobe-white-gloss-wh","nevada-4-door-2-drawer-mirrored-wardrobe-white-gloss-wh","Live title retained; live handle may be historic"
"9451261460803","Nevada 3+2 Drawer Chest (Grey Gloss/Light Oak Effect Veneer) - WH","Nevada 3+2 Drawer Chest (Grey Gloss/Light Oak Effect Veneer) - WH","Nevada 3+2 Drawer Chest (Grey Gloss/Light Oak Effect Veneer) - WH","nevada-3-2-drawer-chest-grey-gloss-light-oak-effect-veneer-wh","nevada-3-2-drawer-chest-grey-gloss-light-oak-effect-veneer-wh","nevada-3-2-drawer-chest-grey-gloss-light-oak-effect-veneer-wh","Live title retained; live handle may be historic"
"9451250319683","Nevada 3 Drawer Chest (Grey Gloss/Light Oak Effect Veneer) - WH","Nevada 3 Drawer Chest (Grey Gloss/Light Oak Effect Veneer) - WH","Nevada 3 Drawer Chest (Grey Gloss/Light Oak Effect Veneer) - WH","nevada-3-drawer-chest-grey-gloss-light-oak-effect-veneer-wh","nevada-3-drawer-chest-grey-gloss-light-oak-effect-veneer-wh","nevada-3-drawer-chest-grey-gloss-light-oak-effect-veneer-wh","Live title retained; live handle may be historic"
"9448799437123","Nevada 3 Drawer Bedside Grey Gloss/Light Oak Effect Veneer - WH","Nevada 3 Drawer Bedside Grey Gloss/Light Oak Effect Veneer - WH","Nevada 3 Drawer Bedside Grey Gloss/Light Oak Effect Veneer - WH","nevada-3-drawer-bedside-grey-gloss-light-oak-effect-veneer-wh","nevada-3-drawer-bedside-grey-gloss-light-oak-effect-veneer-wh","nevada-3-drawer-bedside-grey-gloss-light-oak-effect-veneer-wh","Live title retained; live handle may be historic"
"8720949739843","Grace Gas-Lift Headboard - GI","Grace Gas-Lift Headboard - GI","Grace Gas-Lift Headboard","grace-gas-lift-bed-1","grace-gas-lift-bed-1","grace-gas-lift-headboard","Live title retained; live handle may be historic"
"9409496842563","Waterford Blanket Box GIE","Waterford Blanket Box GIE","Waterford Blanket Box","waterford-blanket-box","waterford-blanket-box","waterford-blanket-box","Live title retained; live handle may be historic"
"9409484521795","Waterford Locker GIE","Waterford Locker GIE","Waterford Locker","waterford-locker","waterford-locker","waterford-locker","Live title retained; live handle may be historic"
"9409455292739","Waterford Bed Grey GIE","Waterford Bed Grey GIE","Waterford Bed Grey","waterford-bed-grey","waterford-bed-grey","waterford-bed-grey","Live title retained; live handle may be historic"
"9409434648899","Waterford Bed Green GIE","Waterford Bed Green GIE","Waterford Bed Green","waterford-bed-green","waterford-bed-green","waterford-bed-green","Live title retained; live handle may be historic"
"8630277964099","Evan 1 Seater Lift & Rise Sultry - IM","Evan 1 Seater Lift & Rise Sultry - IM","Evan 1 Seater Lift & Rise Sultry","evan-1-seater-lift-rise-sultry","evan-1-seater-lift-rise-sultry","evan-1-seater-lift-and-rise-sultry","Live title retained; live handle may be historic"
"9426557731139","Nevada 3 Door 2 Drawer Mirrored Wardrobe (Grey Gloss/Light Oak Effect Veneer) WH","Nevada 3 Door 2 Drawer Mirrored Wardrobe (Grey Gloss/Light Oak Effect Veneer) WH","Nevada 3 Door 2 Drawer Mirrored Wardrobe (Grey Gloss/Light Oak Effect Veneer) WH","nevada-3-door-2-drawer-mirrored-wardrobe-grey-gloss-light-oak-effect-veneer-wh","nevada-3-door-2-drawer-mirrored-wardrobe-grey-gloss-light-oak-effect-veneer-wh","nevada-3-door-2-drawer-mirrored-wardrobe-grey-gloss-light-oak-effect-veneer-wh","Live title retained; live handle may be historic"
"9426552357187","Nevada 3 Door 2 Drawer Mirrored Wardrobe (White Gloss) WH","Nevada 3 Door 2 Drawer Mirrored Wardrobe (White Gloss) WH","Nevada 3 Door 2 Drawer Mirrored Wardrobe (White Gloss) WH","nevada-3-door-2-drawer-mirrored-wardrobe-white-gloss-wh","nevada-3-door-2-drawer-mirrored-wardrobe-white-gloss-wh","nevada-3-door-2-drawer-mirrored-wardrobe-white-gloss-wh","Live title retained; live handle may be historic"
"9426322882883","Nevada 2 Door Corner Wardrobe (Grey Gloss/Light Oak Effect Veneer) WH","Nevada 2 Door Corner Wardrobe (Grey Gloss/Light Oak Effect Veneer) WH","Nevada 2 Door Corner Wardrobe (Grey Gloss/Light Oak Effect Veneer) WH","nevada-2-door-corner-wardrobe-grey-gloss-light-oak-effect-veneer-wh","nevada-2-door-corner-wardrobe-grey-gloss-light-oak-effect-veneer-wh","nevada-2-door-corner-wardrobe-grey-gloss-light-oak-effect-veneer-wh","Live title retained; live handle may be historic"
"9415407665475","Nevada 2 Door 1 Drawer Wardrobe Bedroom Set (Grey Gloss/Light Oak Effect Veneer) WH","Nevada 2 Door 1 Drawer Wardrobe Bedroom Set (Grey Gloss/Light Oak Effect Veneer) WH","Nevada 2 Door 1 Drawer Wardrobe Bedroom Set (Grey Gloss/Light Oak Effect Veneer) WH","nevada-2-door-1-drawer-wardrobe-bedroom-set-grey-gloss-light-oak-effect-veneer-wh","nevada-2-door-1-drawer-wardrobe-bedroom-set-grey-gloss-light-oak-effect-veneer-wh","nevada-2-door-1-drawer-wardrobe-bedroom-set-grey-gloss-light-oak-effect-veneer-wh","Live title retained; live handle may be historic"
"9415338459459","Nevada 2 Door All Hanging Wardrobe (Grey Gloss/Light Oak Effect Veneer) WH","Nevada 2 Door All Hanging Wardrobe (Grey Gloss/Light Oak Effect Veneer) WH","Nevada 2 Door All Hanging Wardrobe (Grey Gloss/Light Oak Effect Veneer) WH","nevada-2-door-all-hanging-wardrobe-grey-gloss-light-oak-effect-veneer-wh","nevada-2-door-all-hanging-wardrobe-grey-gloss-light-oak-effect-veneer-wh","nevada-2-door-all-hanging-wardrobe-grey-gloss-light-oak-effect-veneer-wh","Live title retained; live handle may be historic"
"9415274004803","Nevada 2 Door 1 Drawer Wardrobe (White Gloss) WH","Nevada 2 Door 1 Drawer Wardrobe (White Gloss) WH","Nevada 2 Door 1 Drawer Wardrobe (White Gloss) WH","nevada-2-door-1-drawer-wardrobe-white-gloss-wh","nevada-2-door-1-drawer-wardrobe-white-gloss-wh","nevada-2-door-1-drawer-wardrobe-white-gloss-wh","Live title retained; live handle may be historic"
"9415226687811","Nevada 1 Door 1 Drawer Wardrobe (Grey Gloss/Light Oak Effect Veneer) WH","Nevada 1 Door 1 Drawer Wardrobe (Grey Gloss/Light Oak Effect Veneer) WH","Nevada 1 Door 1 Drawer Wardrobe (Grey Gloss/Light Oak Effect Veneer) WH","nevada-1-door-1-drawer-wardrobe-grey-gloss-light-oak-effect-veneer-wh","nevada-1-door-1-drawer-wardrobe-grey-gloss-light-oak-effect-veneer-wh","nevada-1-door-1-drawer-wardrobe-grey-gloss-light-oak-effect-veneer-wh","Live title retained; live handle may be historic"
"8756654178627","Durham Coffee Table - WH","Durham Coffee Table - WH","Durham Coffee Table - WH","durham-coffee-table","durham-coffee-table","durham-coffee-table-wh","Live title retained; live handle may be historic"
"6958394147003","London 3 Drawer Locker GA","London 3 Drawer Locker GA","London 3 Drawer Locker","london-3-drawer-locker","london-3-drawer-locker","london-3-drawer-locker","Live title retained; live handle may be historic"
"6965215822011","Oscar Nest of 3 Tables GA","Oscar Nest of 3 Tables GA","Oscar Nest of 3 Tables","oscar-nest-of-3-tables","oscar-nest-of-3-tables","oscar-nest-of-3-tables","Live title retained; live handle may be historic"
"6965192130747","Oscar Lamp Table GA","Oscar Lamp Table GA","Oscar Lamp Table","oscar-lamp-table","oscar-lamp-table","oscar-lamp-table","Live title retained; live handle may be historic"
"6965207236795","Oscar Large Extension Table GA","Oscar Large Extension Table GA","Oscar Large Extension Table","oscar-large-extension-table","oscar-large-extension-table","oscar-large-extension-table","Live title retained; live handle may be historic"
"6965166178491","Oscar Butterfly Extension Table 1.4 Metre GA","Oscar Butterfly Extension Table 1.4 Metre GA","Oscar Butterfly Extension Table 1.4 Metre","oscar-butterfly-extension-table-1-4-metre","oscar-butterfly-extension-table-1-4-metre","oscar-butterfly-extension-table-1-4-metre","Live title retained; live handle may be historic"
"6965213692091","Oscar Low Dining Chair GA","Oscar Low Dining Chair GA","Oscar Low Dining Chair","oscar-low-dining-chair","oscar-low-dining-chair","oscar-low-dining-chair","Live title retained; live handle may be historic"
"6945729708219","Bella 3+4 Drawer Chest GA","Bella 3+4 Drawer Chest GA","Bella 3+4 Drawer Chest","bella-3-4-drawer-chest","bella-3-4-drawer-chest","bella-3-4-drawer-chest","Live title retained; live handle may be historic"
"8612246552899","Parker Headboard - GI","Parker Headboard  - GI","Parker Headboard","parker-headboard-4ft6","parker-headboard-4ft6","parker-headboard","Demo differs from live; restored live title before requested cleanup"
"8612246487363","Oasis Base GI","Oasis Base GI","Oasis Base","oasis-base-4ft6","oasis-base-4ft6","oasis-base","Live title retained; live handle may be historic"
"6965147500731","Oscar 1 Drawer Mini Console Table GA","Oscar 1 Drawer Mini Console Table GA","Oscar 1 Drawer Mini Console Table","oscar-1-drawer-mini-console-table","oscar-1-drawer-mini-console-table","oscar-1-drawer-mini-console-table","Live title retained; live handle may be historic"
"9182453891395","Mattia Lift & Rise Chair IM","Mattia Lift & Rise Chair IM","Mattia Lift & Rise Chair","mattia-lift-rise-chair","mattia-lift-rise-chair","mattia-lift-and-rise-chair","Live title retained; live handle may be historic"
"8612246454595","Oasis Base + Wilson Headboard GI","Oasis Base + Wilson Headboard GI","Oasis Base + Wilson Headboard","oasis-base-wilson-headboard-4ft6","oasis-base-wilson-headboard-4ft6","oasis-base-wilson-headboard","Live title retained; live handle may be historic"
"9183609553219","Ember Fireside Fabric Chair IM","Ember Fireside Fabric Chair IM","Ember Fireside Fabric Chair","ember-fireside-fabric-chair","ember-fireside-fabric-chair","ember-fireside-fabric-chair","Live title retained; live handle may be historic"
"9183595168067","Blaze Fireside Fabric Chair IM","Blaze Fireside Fabric Chair IM","Blaze Fireside Fabric Chair","blaze-fireside-fabric-chair","blaze-fireside-fabric-chair","blaze-fireside-fabric-chair","Live title retained; live handle may be historic"
"6819410575547","Brandon Armchair - IM","Brandon Armchair - IM","Brandon Armchair","brandon-arm-chair","brandon-arm-chair","brandon-armchair","Live title retained; live handle may be historic"
"9182311481667","Wendy Boucle Chair IM","Wendy Boucle Chair IM","Wendy Boucle Chair","wendy-boucle-chair","wendy-boucle-chair","wendy-boucle-chair","Live title retained; live handle may be historic"
"9182265344323","Reese Accent Chair IM","Reese Accent Chair IM","Reese Accent Chair","reese-accent-chair","reese-accent-chair","reese-accent-chair","Live title retained; live handle may be historic"
"8629913223491","Bray Accent Chair IM","Bray Accent Chair IM","Bray Accent Chair","bray-accent-chair","bray-accent-chair","bray-accent-chair","Live title retained; live handle may be historic"
"9176145068355","Sophie Static Sofa IM","Sophie Static Sofa IM","Sophie Static Sofa","sophie-static-sofa","sophie-static-sofa","sophie-static-sofa","Live title retained; live handle may be historic"
"9176125342019","Charlotte Armchair IM","Charlotte Armchair IM","Charlotte Armchair","charlotte-armchair","charlotte-armchair","charlotte-armchair","Live title retained; live handle may be historic"
"9176074715459","Ricardo Motion Sofa IM","Ricardo Motion Sofa IM","Ricardo Motion Sofa","ricardo-motion-sofa","ricardo-motion-sofa","ricardo-motion-sofa","Live title retained; live handle may be historic"
"6967169286331","Salou Double Wardrobe With Drawers GA","Salou Double Wardrobe With Drawers GA","Salou Double Wardrobe With Drawers","salou-double-wardrobe-with-drawers","salou-double-wardrobe-with-drawers","salou-double-wardrobe-with-drawers","Live title retained; live handle may be historic"
"9175059661123","Whitney Double Warerobe - White GA","Whitney Double Warerobe - White GA","Whitney Double Wardrobe - White","whitney-double-warerobe-white","whitney-double-warerobe-white","whitney-double-wardrobe-white","Live title retained; live handle may be historic"
"9175155736899","Capri Dining Chair GA","Capri Dining Chair GA","Capri Dining Chair","capri-dining-chair","capri-dining-chair","capri-dining-chair","Live title retained; live handle may be historic"
"9175211508035","Gabriel Dining Chair GA","Gabriel Dining Chair GA","Gabriel Dining Chair","gabriel-dining-chair","gabriel-dining-chair","gabriel-dining-chair","Live title retained; live handle may be historic"
"8765182542147","Kendra Accent Chair Grey Fabric - WS","Kendra Accent Chair Grey Fabric - WS","Kendra Accent Chair Grey Fabric","kendra-accent-chair-grey-fabric","kendra-accent-chair-grey-fabric","kendra-accent-chair-grey-fabric","Live title retained; live handle may be historic"
"9180502884675","T108019S Lamp","T108019S Lamp","T108019S Lamp","t108019s-lamp","t108019s-lamp","t108019s-lamp","Live title retained; live handle may be historic"
"9180415099203","T209023 Lamp","T209023 Lamp","T209023 Lamp","t209023-lamp","t209023-lamp","t209023-lamp","Live title retained; live handle may be historic"
"9180409168195","T209026 Lamp","T209026 Lamp","T209026 Lamp","t209026-lamp","t209026-lamp","t209026-lamp","Live title retained; live handle may be historic"
"9180391801155","T209027 Lamp","T209027 Lamp","T209027 Lamp","t209027-lamp","t209027-lamp","t209027-lamp","Live title retained; live handle may be historic"
"9180413624643","T209024 Lamp","T209024 Lamp","T209024 Lamp","t209024-lamp","t209024-lamp","t209024-lamp","Live title retained; live handle may be historic"
"9180422799683","T108015B Lamp","T108015B Lamp","T108015B Lamp","t108015b-lamp","t108015b-lamp","t108015b-lamp","Live title retained; live handle may be historic"
"9180420669763","T108040A Lamp","T108040A Lamp","T108040A Lamp","t108040a-lamp","t108040a-lamp","t108040a-lamp","Live title retained; live handle may be historic"
"9180418998595","T108020B Lamp","T108020B Lamp","T108020B Lamp","t108020b-lamp","t108020b-lamp","t108020b-lamp","Live title retained; live handle may be historic"
"9180417687875","T209022 Lamp","T209022 Lamp","T209022 Lamp","t209022-lamp","t209022-lamp","t209022-lamp","Live title retained; live handle may be historic"
"9180485648707","T2314 Lamp","T2314 Lamp","T2314 Lamp","t2314-lamp","t2314-lamp","t2314-lamp","Live title retained; live handle may be historic"
"9180449702211","T108011 Lamp","T108011 Lamp","T108011 Lamp","t108011-lamp","t108011-lamp","t108011-lamp","Live title retained; live handle may be historic"
"9180443214147","T108002 Lamp","T108002 Lamp","T108002 Lamp","t108002-lamp","t108002-lamp","t108002-lamp","Live title retained; live handle may be historic"
"9180429156675","T209018W Lamp","T209018W Lamp","T209018W Lamp","t209018w-lamp","t209018w-lamp","t209018w-lamp","Live title retained; live handle may be historic"
"9180498395459","T2312 Lamp","T2312 Lamp","T2312 Lamp","t2312-lamp","t2312-lamp","t2312-lamp","Live title retained; live handle may be historic"
"9180496986435","T2311 Lamp","T2311 Lamp","T2311 Lamp","t2311-lamp","t2311-lamp","t2311-lamp","Live title retained; live handle may be historic"
"9180495085891","T2313 Lamp","T2313 Lamp","T2313 Lamp","t2313-lamp","t2313-lamp","t2313-lamp","Live title retained; live handle may be historic"
"9180492497219","T2315 Lamp","T2315 Lamp","T2315 Lamp","t2315-lamp","t2315-lamp","t2315-lamp","Live title retained; live handle may be historic"
"9180499837251","F209029 Lamp","F209029 Lamp","F209029 Lamp","f209029-lamp","f209029-lamp","f209029-lamp","Live title retained; live handle may be historic"
"9180501016899","F209028 Lamp","F209028 Lamp","F209028 Lamp","f209028-lamp","f209028-lamp","f209028-lamp","Live title retained; live handle may be historic"
"9135441609027","Giada Recliner Chair IM","Giada Recliner Chair IM","Giada Recliner Chair","giada-recliner-chair","giada-recliner-chair","giada-recliner-chair","Live title retained; live handle may be historic"
"9132445827395","Conrad Steel Blue Recliner IM","Conrad Steel Blue Recliner IM","Conrad Steel Blue Recliner","conrad-steel-blue-recliner","conrad-steel-blue-recliner","conrad-steel-blue-recliner","Live title retained; live handle may be historic"
"8821772812611","Roma Dining Set HJ","Roma Dining Set HJ","Roma Dining Set","roma-dining-set","roma-dining-set","roma-dining-set","Live title retained; live handle may be historic"
"9135514648899","Leroy Electric Recliner IM","Leroy Electric Recliner IM","Leroy Electric Recliner","leroy-electric-recliner-1","leroy-electric-recliner-1","leroy-electric-recliner","Live title retained; live handle may be historic"
"9135460974915","Herbert Electric Motion Chair IM","Herbert Electric Motion Chair IM","Herbert Electric Motion Chair","herbert-electric-motion-chair","herbert-electric-motion-chair","herbert-electric-motion-chair","Live title retained; live handle may be historic"
"9135448686915","Glenwood Electric Motion Sofa IM","Glenwood Electric Motion Sofa IM","Glenwood Electric Motion Sofa","glenwood-motion-sofa","glenwood-motion-sofa","glenwood-electric-motion-sofa","Live title retained; live handle may be historic"
"9135415001411","Ebba Recliner Chair IM","Ebba Recliner Chair IM","Ebba Recliner Chair","ebba-recliner-chair","ebba-recliner-chair","ebba-recliner-chair","Live title retained; live handle may be historic"
"9132420792643","Casey Recliner IM","Casey Recliner IM","Casey Recliner","casey-recliner","casey-recliner","casey-recliner","Live title retained; live handle may be historic"
"9131624038723","Aurora Italian Leather Sofa - Tan IM","Aurora Italian Leather Sofa - Tan IM","Aurora Italian Leather Sofa - Tan","aurora-italian-leather-sofa-tan","aurora-italian-leather-sofa-tan","aurora-italian-leather-sofa-tan","Live title retained; live handle may be historic"
"6819441279163","Snug Milano Bean Chair - IM","Snug Milano Bean Chair - IM","Snug Milano Bean Chair","snug-milano-bean-chair","snug-milano-bean-chair","snug-milano-bean-chair","Live title retained; live handle may be historic"
"6945702772923","Aintree Double Robe GA","Aintree Double Robe GA","Aintree Double Robe","aintree-double-robe","aintree-double-robe","aintree-double-robe","Live title retained; live handle may be historic"
"8802447688003","Quebec Wave Edge Console Table - WH","Quebec Wave Edge Console Table  - WH","Quebec Wave Edge Console Table - WH","quebec-wave-edge-console-table-medium-oak-effect-black","quebec-wave-edge-console-table-medium-oak-effect-black","quebec-wave-edge-console-table-wh","Demo differs from live; restored live title before requested cleanup"
"8756666794307","EDDIE COFFEE TABLE Grey/Sonoma Effect - WH","EDDIE COFFEE TABLE Grey/Sonoma Effect - WH","EDDIE COFFEE TABLE Grey/Sonoma Effect - WH","eddie-coffee-table-grey-sonoma-effect","eddie-coffee-table-grey-sonoma-effect","eddie-coffee-table-grey-sonoma-effect-wh","Live title retained; live handle may be historic"
"8756517241155","Athens Rectangular Coffee Table Concrete Effect/Black - WH","Athens Rectangular Coffee Table Concrete Effect/Black - WH","Athens Rectangular Coffee Table Concrete Effect/Black - WH","athens-rectangular-coffee-table-concrete-effect-black","athens-rectangular-coffee-table-concrete-effect-black","athens-rectangular-coffee-table-concrete-effect-black-wh","Live title retained; live handle may be historic"
"8756510196035","Athens Oval Coffee Table Concrete Effect/Black - WH","Athens Oval Coffee Table Concrete Effect/Black - WH","Athens Oval Coffee Table Concrete Effect/Black - WH","athens-oval-coffee-table-concrete-effect-black","athens-oval-coffee-table-concrete-effect-black","athens-oval-coffee-table-concrete-effect-black-wh","Live title retained; live handle may be historic"
"8756453867843","Aspen Coffee Table White Oak/Stone Effect - WH","Aspen Coffee Table White Oak/Stone Effect - WH","Aspen Coffee Table White Oak/Stone Effect - WH","aspen-coffee-table-white-oak-stone-effect","aspen-coffee-table-white-oak-stone-effect","aspen-coffee-table-white-oak-stone-effect-wh","Live title retained; live handle may be historic"
"6967471440059","Vicenza Coffee Table Light Grey GA","Vicenza Coffee Table Light Grey GA","Vicenza Coffee Table Light Grey","vicenza-coffee-table","vicenza-coffee-table","vicenza-coffee-table-light-grey","Live title retained; live handle may be historic"
"8639690277187","Dario Round Table with Chrome Legs GA","Dario Round Table with Chrome Legs GA","Dario Round Table with Chrome Legs","dario-round-table-with-chrome-legs","dario-round-table-with-chrome-legs","dario-round-table-with-chrome-legs","Live title retained; live handle may be historic"
"6965205696699","Oscar Large Dining Chair - PU Seat GA","Oscar Large Dining Chair - PU Seat GA","Oscar Large Dining Chair - PU Seat","oscar-large-dining-chair","oscar-large-dining-chair","oscar-large-dining-chair-pu-seat","Live title retained; live handle may be historic"
"6965198651579","Oscar Large Chair - Wooden Seat GA","Oscar Large Chair - Wooden Seat GA","Oscar Large Chair - Wooden Seat","oscar-large-chair-wooden-seat","oscar-large-chair-wooden-seat","oscar-large-chair-wooden-seat","Live title retained; live handle may be historic"
"6949860704443","Delta Oak 2 Drawer Locker GA","Delta Oak 2 Drawer Locker GA","Delta Oak 2 Drawer Locker","delta-oak-2-drawer-locker","delta-oak-2-drawer-locker","delta-oak-2-drawer-locker","Live title retained; live handle may be historic"
"6958360133819","Kylie 5 Drawer Chest GA","Kylie 5 Drawer Chest GA","Kylie 5 Drawer Chest","kylie-5-drawer-chest","kylie-5-drawer-chest","kylie-5-drawer-chest","Live title retained; live handle may be historic"
"6967165780155","Salou 4+2 Drawer Chest GA","Salou 4+2 Drawer Chest GA","Salou 4+2 Drawer Chest","salou-4-2-drawer-chest","salou-4-2-drawer-chest","salou-4-2-drawer-chest","Live title retained; live handle may be historic"
"6945740783803","Bella Two Drawer Bedside Locker GA","Bella Two Drawer Bedside Locker GA","Bella Two Drawer Bedside Locker","bella-two-drawer-bedside-locker","bella-two-drawer-bedside-locker","bella-two-drawer-bedside-locker","Live title retained; live handle may be historic"
"6945735016635","Bella 3+4 Drawer Wide Chest GA","Bella 3+4 Drawer Wide Chest GA","Bella 3+4 Drawer Wide Chest","bella-3-4-drawer-wide-chest","bella-3-4-drawer-wide-chest","bella-3-4-drawer-wide-chest","Live title retained; live handle may be historic"
"6947242836155","Daniella Double Wardrobe with Drawer GA","Daniella Double Wardrobe with Drawer GA","Daniella Double Wardrobe with Drawer","daniella-double-wardrobe-with-drawer","daniella-double-wardrobe-with-drawer","daniella-double-wardrobe-with-drawer","Live title retained; live handle may be historic"
"6947245228219","Daniella Two Drawer Bedside Locker GA","Daniella Two Drawer Bedside Locker GA","Daniella Two Drawer Bedside Locker","daniella-two-drawer-bedside-locker","daniella-two-drawer-bedside-locker","daniella-two-drawer-bedside-locker","Live title retained; live handle may be historic"
"9113152520515","Blaine Sectional 2R-C-2R IM","Blaine Sectional 2R-C-2R IM","Blaine Sectional 2R-C-2R","blaine-sectional","blaine-sectional","blaine-sectional-2r-c-2r","Live title retained; live handle may be historic"
"9113253937475","Snug Milano Bean Chair Boucle IM","Snug Milano Bean Chair Boucle IM","Snug Milano Bean Chair Boucle","snug-milano-bean-chair-boucle","snug-milano-bean-chair-boucle","snug-milano-bean-chair-boucle","Live title retained; live handle may be historic"
"9113274745155","Waterville Swivel & Glide Chair IM","Waterville Swivel & Glide Chair IM","Waterville Swivel & Glide Chair","waterville-swivel-glide-chair","waterville-swivel-glide-chair","waterville-swivel-and-glide-chair","Live title retained; live handle may be historic"
"8782126448963","Treviso Dining Table WH","Treviso Dining Table WH","Treviso Dining Table WH","treviso-dining-table","treviso-dining-table","treviso-dining-table-wh","Live title retained; live handle may be historic"
"9068664258883","Felicia Swivel Chair IM","Felicia Swivel Chair IM","Felicia Swivel Chair","copy-of-kenmare-chair-footstool-im","copy-of-kenmare-chair-footstool-im","felicia-swivel-chair","Live title retained; live handle may be historic"
"9061486002499","Montreal Stool HJ","Montreal Stool HJ","Montreal Stool","montreal-stool","montreal-stool","montreal-stool","Live title retained; live handle may be historic"
"9061482266947","Montreal Dining Set HJ","Montreal Dining Set HJ","Montreal Dining Set","montreal-dining-set","montreal-dining-set","montreal-dining-set","Live title retained; live handle may be historic"
"9061472338243","Kimberley Robe HJ","Kimberley Robe HJ","Kimberley Robe","kimberley-robe","kimberley-robe","kimberley-robe","Live title retained; live handle may be historic"
"9061451006275","Chrissie Stool HJ","Chrissie Stool HJ","Chrissie Stool","chrissie-stool","chrissie-stool","chrissie-stool","Live title retained; live handle may be historic"
"9087401492803","Angela Dining Chair GA","Angela Dining Chair GA","Angela Dining Chair","angela-dining-chair","angela-dining-chair","angela-dining-chair","Live title retained; live handle may be historic"
"9087415353667","Anya Dining Chair GA","Anya Dining Chair GA","Anya Dining Chair","anya-dining-chair","anya-dining-chair","anya-dining-chair","Live title retained; live handle may be historic"
"9087356010819","Fredrik 2 Drawer Console Table GA","Fredrik 2 Drawer Console Table GA","Fredrik 2 Drawer Console Table","fredrik-2-drawer-console-table","fredrik-2-drawer-console-table","fredrik-2-drawer-console-table","Live title retained; live handle may be historic"
"6945696186555","Aintree 3 Drawer Locker GA","Aintree 3 Drawer Locker GA","Aintree 3 Drawer Locker","aintree-3-drawer-locker","aintree-3-drawer-locker","aintree-3-drawer-locker","Live title retained; live handle may be historic"
"6958397128891","London 4+2 Drawer Chest GA","London 4+2 Drawer Chest GA","London 4+2 Drawer Chest","london-4-2-drawer-chest","london-4-2-drawer-chest","london-4-2-drawer-chest","Live title retained; live handle may be historic"
"8640951451971","Silvia Chair - Chrome Legs GA","Silvia Chair - Chrome Legs GA","Silvia Chair - Chrome Legs","silvia-chair-chrome-legs","silvia-chair-chrome-legs","silvia-chair-chrome-legs","Live title retained; live handle may be historic"
"8640942604611","Silvia Chair - Black Legs GA","Silvia Chair - Black Legs GA","Silvia Chair - Black Legs","silvia-chair-black-legs","silvia-chair-black-legs","silvia-chair-black-legs","Live title retained; live handle may be historic"
"6952944697531","Fredrik Chair GA","Fredrik Chair GA","Fredrik Chair","fredrik-chair","fredrik-chair","fredrik-chair","Live title retained; live handle may be historic"
"8639564054851","Lucy Hanging Mirror GA","Lucy Hanging Mirror GA","Lucy Hanging Mirror","lucy-hanging-mirror","lucy-hanging-mirror","lucy-hanging-mirror","Live title retained; live handle may be historic"
"8639562940739","Lucy One Drawer Locker GA","Lucy One Drawer Locker GA","Lucy One Drawer Locker","lucy-one-drawer-locker","lucy-one-drawer-locker","lucy-one-drawer-locker","Live title retained; live handle may be historic"
"8765186343235","Kendra Rocking Chair Grey Fabric - WH","Kendra Rocking Chair Grey Fabric - WH","Kendra Rocking Chair Grey Fabric - WH","kendra-rocking-chair-grey-fabric","kendra-rocking-chair-grey-fabric","kendra-rocking-chair-grey-fabric-wh","Live title retained; live handle may be historic"
"9073975525699","Hugo 2.1 Metre Table with Pedestal Leg GA","Hugo 2.1 Metre Table with Pedestal Leg GA","Hugo 2.1 Metre Table with Pedestal Leg","hugo-2-1-metre-table-with-pedestal-leg","hugo-2-1-metre-table-with-pedestal-leg","hugo-2-1-metre-table-with-pedestal-leg","Live title retained; live handle may be historic"
"9072457679171","Tapas Round Table GA","Tapas Round Table GA","Tapas Round Table","tapas-round-table","tapas-round-table","tapas-round-table","Live title retained; live handle may be historic"
"9072438968643","Tapas Square Table GA","Tapas Square Table GA","Tapas Square Table","tapas-square-table","tapas-square-table","tapas-square-table","Live title retained; live handle may be historic"
"9072432087363","Vetro Lamp Table GA","Vetro Lamp Table GA","Vetro Lamp Table","vetro-lamp-table","vetro-lamp-table","vetro-lamp-table","Live title retained; live handle may be historic"
"9072435396931","Vetro Console Table GA","Vetro Console Table GA","Vetro Console Table","vetro-console-table","vetro-console-table","vetro-console-table","Live title retained; live handle may be historic"
"9072426713411","Vetro Coffee Table GA","Vetro Coffee Table GA","Vetro Coffee Table","vetro-coffee-table","vetro-coffee-table","vetro-coffee-table","Live title retained; live handle may be historic"
"9072419340611","George Lamp Table GA","George Lamp Table GA","George Lamp Table","george-lamp-table","george-lamp-table","george-lamp-table","Live title retained; live handle may be historic"
"9072406397251","George Coffee Table GA","George Coffee Table GA","George Coffee Table","george-coffee-table","george-coffee-table","george-coffee-table","Live title retained; live handle may be historic"
"9061622186307","Francesca Wide Chest GA","Francesca Wide Chest GA","Francesca Wide Chest","francesca-wide-chest","francesca-wide-chest","francesca-wide-chest","Live title retained; live handle may be historic"
"9061619597635","Francesca Tall Chest GA","Francesca Tall Chest GA","Francesca Tall Chest","francesca-tall-chest","francesca-tall-chest","francesca-tall-chest","Live title retained; live handle may be historic"
"8985817579843","Newark Dining Set HJ","Newark Dining Set HJ","Newark Dining Set","newark-dining-set","newark-dining-set","newark-dining-set","Live title retained; live handle may be historic"
"9061375017283","Farrell Chests HJ","Farrell Chests HJ","Farrell Chests","farrell-chests","farrell-chests","farrell-chests","Live title retained; live handle may be historic"
"9061030265155","Farrell Locker HJ","Farrell Locker HJ","Farrell Locker","farrell-locker","farrell-locker","farrell-locker","Live title retained; live handle may be historic"
"8821771108675","Napoli Dining Set HJ","Napoli Dining Set HJ","Napoli Dining Set","napoli-dining-set","napoli-dining-set","napoli-dining-set","Live title retained; live handle may be historic"
"9061634015555","Blox Wide Chest GA","Blox Wide Chest GA","Blox Wide Chest","blox-wide-chest","blox-wide-chest","blox-wide-chest","Live title retained; live handle may be historic"
"9061630968131","Blox Chest of Drawers GA","Blox Chest of Drawers GA","Blox Chest of Drawers","blox-chest-of-drawers","blox-chest-of-drawers","blox-chest-of-drawers","Live title retained; live handle may be historic"
"9072477700419","Doda Tall Bookcase GA","Doda Tall Bookcase GA","Doda Tall Bookcase","doda-tall-bookcase","doda-tall-bookcase","doda-tall-bookcase","Live title retained; live handle may be historic"
"9072472883523","Doda Dining Table GA","Doda Dining Table GA","Doda Dining Table","doda-dining-table","doda-dining-table","doda-dining-table","Live title retained; live handle may be historic"
"9072474587459","Doda Coffee Table GA","Doda Coffee Table GA","Doda Coffee Table","doda-coffee-table","doda-coffee-table","doda-coffee-table","Live title retained; live handle may be historic"
"9072464757059","Erik Table 1.6 Metre GA","Erik Table 1.6 Metre GA","Erik Table 1.6 Metre","erik-table-1-6-metre","erik-table-1-6-metre","erik-table-1-6-metre","Live title retained; live handle may be historic"
"9062523601219","Canyon Lamp Table GA","Canyon Lamp Table GA","Canyon Lamp Table","canyon-lamp-table","canyon-lamp-table","canyon-lamp-table","Live title retained; live handle may be historic"
"9062533824835","Canyon Coffee Table GA","Canyon Coffee Table GA","Canyon Coffee Table","canyon-coffee-table","canyon-coffee-table","canyon-coffee-table","Live title retained; live handle may be historic"
"9061613666627","Francesca Bed GA","Francesca Bed GA","Francesca Bed","francesca-bed","francesca-bed","francesca-bed","Live title retained; live handle may be historic"
"8985625526595","Rukas 0024A Rug","Rukas 0024A Rug","Rukas 0024A Rug","rukas-0024a-rug","rukas-0024a-rug","rukas-0024a-rug","Live title retained; live handle may be historic"
"9061064966467","Quebec Dining Table WH","Quebec Dining Table WH","Quebec Dining Table WH","copy-of-treviso-dining-table-wh","copy-of-treviso-dining-table-wh","quebec-dining-table-wh","Live title retained; live handle may be historic"
"7734343565499","Chelsea Bed - IM","Chelsea Bed - IM","Chelsea Bed","chelsea-bed","chelsea-bed","chelsea-bed","Live title retained; live handle may be historic"
"8612247667011","Silver TV Unit S32M-SV GI","Silver TV Unit S32M-SV GI","Silver TV Unit S32M-SV","s32m-sv","s32m-sv","silver-tv-unit-s32m-sv","Live title retained; live handle may be historic"
"6965132034235","Oscar 2+3 Drawer Chest GA","Oscar 2+3 Drawer Chest GA","Oscar 2+3 Drawer Chest","oscar-2-3-drawer-chest","oscar-2-3-drawer-chest","oscar-2-3-drawer-chest","Live title retained; live handle may be historic"
"8821734244675","Ohio Bunk Bed HJ","Ohio Bunk Bed HJ","Ohio Bunk Bed","ohio-bunk-bed","ohio-bunk-bed","ohio-bunk-bed","Live title retained; live handle may be historic"
"6952915534011","Fredrik 1.2 Metre Table Walnut GA","Fredrik 1.2 Metre Table Walnut GA","Fredrik 1.2 Metre Table Walnut","fredrik-1-2-metre-table-walnut","fredrik-1-2-metre-table-walnut","fredrik-1-2-metre-table-walnut","Live title retained; live handle may be historic"
"6952961212603","Fredrik Coffee Table GA","Fredrik Coffee Table GA","Fredrik Coffee Table","fredrik-coffee-table","fredrik-coffee-table","fredrik-coffee-table","Live title retained; live handle may be historic"
"6953248882875","Fredrik Round Table GA","Fredrik Round Table GA","Fredrik Round Table","fredrik-round-table","fredrik-round-table","fredrik-round-table","Live title retained; live handle may be historic"
"6953226895547","Fredrik Dining Table 1.6 Metre GA","Fredrik Dining Table 1.6 Metre GA","Fredrik Dining Table 1.6 Metre","fredrik-dining-table-1-6-metre","fredrik-dining-table-1-6-metre","fredrik-dining-table-1-6-metre","Live title retained; live handle may be historic"
"6952907899067","Fredrik 1.2 Metre Table Oak GA","Fredrik 1.2 Metre Table Oak GA","Fredrik 1.2 Metre Table Oak","fredrik-1-2-metre-table-oak","fredrik-1-2-metre-table-oak","fredrik-1-2-metre-table-oak","Live title retained; live handle may be historic"
"6947234578619","Daniella 3+4 Drawer Wide Chest GA","Daniella 3+4 Drawer Wide Chest GA","Daniella 3+4 Drawer Wide Chest","daniella-3-4-drawer-wide-chest","daniella-3-4-drawer-wide-chest","daniella-3-4-drawer-wide-chest","Live title retained; live handle may be historic"
"8985752502595","Harriet Tilt & Rise Chair HJ","Harriet Tilt & Rise Chair HJ","Harriet Tilt & Rise Chair","harriet-tilt-rise-chair","harriet-tilt-rise-chair","harriet-tilt-and-rise-chair","Live title retained; live handle may be historic"
"8978759778627","Fredrik Bench GA","Fredrik Bench GA","Fredrik Bench","fredrik-bench","fredrik-bench","fredrik-bench","Live title retained; live handle may be historic"
"8978737234243","Fredrik 1800 Table X Leg GA","Fredrik 1800 Table X Leg GA","Fredrik 1800 Table X Leg","fredrik-oak-1800-table-x-leg","fredrik-oak-1800-table-x-leg","fredrik-1800-table-x-leg","Live title retained; live handle may be historic"
"8978658099523","Rebecca Leather Dining Chair GA","Rebecca Leather Dining Chair GA","Rebecca Leather Dining Chair","rebecca-leather-dining-chair","rebecca-leather-dining-chair","rebecca-leather-dining-chair","Live title retained; live handle may be historic"
"8985555861827","Katie Armchair GI","Katie Armchair GI","Katie Armchair","katie-armchair-mink","katie-armchair-mink","katie-armchair","Live title retained; live handle may be historic"
"8985860407619","Writing Desk Grey HJ","Writing Desk Grey HJ","Writing Desk Grey","writing-desk-grey","writing-desk-grey","writing-desk-grey","Live title retained; live handle may be historic"
"6884151722171","Archie Armchair IM","Archie Armchair IM","Archie Armchair","archie-armchair","archie-armchair","archie-armchair","Live title retained; live handle may be historic"
"8647901970755","Alicante Round Set - HJ","Alicante Round Set - HJ","Alicante Round Set","alicante-round-set","alicante-round-set","alicante-round-set","Live title retained; live handle may be historic"
"8945344348483","Columbia Console Table HJ","Columbia Console Table HJ","Columbia Console Table","columbia-console-table-charcoal-oak","columbia-console-table-charcoal-oak","columbia-console-table","Live title retained; live handle may be historic"
"8945330848067","Chantelle Console Table HJ","Chantelle Console Table HJ","Chantelle Console Table","chantelle-occasional-set","chantelle-occasional-set","chantelle-console-table","Live title retained; live handle may be historic"
"7001162776763","Royal Coil Regency Mattress","Royal Coil Regency Mattress","Royal Coil Regency Mattress","royal-coil-regency-mattress","royal-coil-regency-mattress","royal-coil-regency-mattress","Live title retained; live handle may be historic"
"8611164127555","Skye Rug 242","Skye Rug 242","Skye Rug 242","skye-rug-242","skye-rug-242","skye-rug-242","Live title retained; live handle may be historic"
"8630327705923","Union Fabric Bean Chair - Brown (Kaki) IM","Union Fabric Bean Chair - Brown (Kaki) IM","Union Fabric Bean Chair - Brown (Kaki)","union-fabric-bean-chair-brown-kaki","union-fabric-bean-chair-brown-kaki","union-fabric-bean-chair-brown-kaki","Live title retained; live handle may be historic"
"6815460851899","Aspen Sofa Bed - IM","Aspen Sofa Bed - IM","Aspen Sofa Bed","aspen-sofa-bed","aspen-sofa-bed","aspen-sofa-bed","Live title retained; live handle may be historic"
"6954694148283","Juliet 3 Drawer Locker GA","Juliet 3 Drawer Locker GA","Juliet 3 Drawer Locker","juliet-3-drawer-locker","juliet-3-drawer-locker","juliet-3-drawer-locker","Live title retained; live handle may be historic"
"8821759639875","Beverly Set - HJ","Beverly Set - HJ","Beverly Set","beverly-set","beverly-set","beverly-set","Live title retained; live handle may be historic"
"8910964719939","Arizona Triple Sleeper – White (4' Base) DE","Arizona Triple Sleeper – White (4' Base) DE","Arizona Triple Sleeper – White (4' Base)","arizona-triple-sleeper-white","arizona-triple-sleeper-white","arizona-triple-sleeper-white-4-base","Live title retained; live handle may be historic"
"8909369311555","Silvia Bar Stool with Chrome Legs GA","Silvia Bar Stool with Chrome Legs GA","Silvia Bar Stool with Chrome Legs","silvia-bar-stool-with-chrome-legs","silvia-bar-stool-with-chrome-legs","silvia-bar-stool-with-chrome-legs","Live title retained; live handle may be historic"
"8909343523139","Silvia Bar Stool with Black Legs GA","Silvia Bar Stool with Black Legs GA","Silvia Bar Stool with Black Legs","silvia-bar-stool-with-black-legs","silvia-bar-stool-with-black-legs","silvia-bar-stool-with-black-legs","Live title retained; live handle may be historic"
"8821774221635","Verona Dining Set HJ","Verona Dining Set HJ","Verona Dining Set","verona-dining-set","verona-dining-set","verona-dining-set","Live title retained; live handle may be historic"
"8821752365379","Edel Console Table - HJ","Edel Console Table - HJ","Edel Console Table","edel-console-table","edel-console-table","edel-console-table","Live title retained; live handle may be historic"
"8821735129411","Solteira Bunk Bed - HJ","Solteira Bunk Bed - HJ","Solteira Bunk Bed","solteira-bunk-bed","solteira-bunk-bed","solteira-bunk-bed","Live title retained; live handle may be historic"
"8821733622083","Colton Bunk Bed HJ","Colton Bunk Bed HJ","Colton Bunk Bed","colton-bunk-bed","colton-bunk-bed","colton-bunk-bed","Live title retained; live handle may be historic"
"8821721956675","Como folding bed - HJ","Como folding bed  - HJ","Como folding bed","como-folding-bed","como-folding-bed","como-folding-bed","Demo differs from live; restored live title before requested cleanup"
"8821639512387","Holly Bed HJ","Holly Bed HJ","Holly Bed","holly-bed","holly-bed","holly-bed","Live title retained; live handle may be historic"
"8821630533955","Colton 3' Bed HJ","Colton 3' Bed HJ","Colton 3' Bed","colton-3-bed","colton-3-bed","colton-3-bed","Live title retained; live handle may be historic"
"6849127186619","Detroit Coffee Table","Detroit Coffee Table","Detroit Coffee Table","detroit-coffee-table","detroit-coffee-table","detroit-coffee-table","Live title retained; live handle may be historic"
"8648138621251","Raffa Dining Set - HJ","Raffa Dining Set - HJ","Raffa Dining Set","raffa-dining-set","raffa-dining-set","raffa-dining-set","Live title retained; live handle may be historic"
"6954714693819","Juliet Curved Bed GA","Juliet Curved Bed GA","Juliet Curved Bed","juliet-curved-bed","juliet-curved-bed","juliet-curved-bed","Live title retained; live handle may be historic"
"8640815268163","Verona Lamp Table GA","Verona Lamp Table GA","Verona Lamp Table","verona-lamp-table","verona-lamp-table","verona-lamp-table","Live title retained; live handle may be historic"
"8794596344131","Jay-Be Revolution Folding Bed with Rebound e-Fibre Mattress - Single- DE","Jay-Be Revolution Folding Bed with Rebound e-Fibre Mattress - Single- DE","Jay-Be Revolution Folding Bed with Rebound e-Fibre Mattress - Single","jay-be-revolution-folding-bed-with-rebound-e-fibre-mattress-single","jay-be-revolution-folding-bed-with-rebound-e-fibre-mattress-single","jay-be-revolution-folding-bed-with-rebound-e-fibre-mattress-single","Live title retained; live handle may be historic"
"8777586868547","Argyle Triple Sleeper - Rustic Pine (4' Base) DE","Argyle Triple Sleeper - Rustic Pine (4' Base) DE","Argyle Triple Sleeper - Rustic Pine (4' Base)","argyle-triple-sleeper-rustic-pine","argyle-triple-sleeper-rustic-pine","argyle-triple-sleeper-rustic-pine-4-base","Live title retained; live handle may be historic"
"8777580380483","Argyle Bunk Bed - Light Antique DE","Argyle Bunk Bed - Light Antique DE","Argyle Bunk Bed - Light Antique","argyle-bunk-bed-light-antique","argyle-bunk-bed-light-antique","argyle-bunk-bed-light-antique","Live title retained; live handle may be historic"
"8777558032707","Denmark Large Sliderobe 1.5m DE","Denmark Large Sliderobe 1.5m DE","Denmark Large Sliderobe 1.5m","denmark-large-sliderobe-1-5m","denmark-large-sliderobe-1-5m","denmark-large-sliderobe-1-5m","Live title retained; live handle may be historic"
"8777545777475","Nova 6 Drawer Chest - Oak DE","Nova 6 Drawer Chest - Oak DE","Nova 6 Drawer Chest - Oak","nova-6-drawer-chest-oak","nova-6-drawer-chest-oak","nova-6-drawer-chest-oak","Live title retained; live handle may be historic"
"8777542009155","Nova 5 Drawer Wide Chest - White DE","Nova 5 Drawer Wide Chest - White DE","Nova 5 Drawer Wide Chest - White","nova-5-drawer-wide-chest-white","nova-5-drawer-wide-chest-white","nova-5-drawer-wide-chest-white","Live title retained; live handle may be historic"
"8777539060035","Nova 5 Drawer Wide Chest - Oak DE","Nova 5 Drawer Wide Chest - Oak DE","Nova 5 Drawer Wide Chest - Oak","nova-5-drawer-wide-chest-oak","nova-5-drawer-wide-chest-oak","nova-5-drawer-wide-chest-oak","Live title retained; live handle may be historic"
"8777529753923","Nova 5 Drawer Narrow Chest - Oak DE","Nova 5 Drawer Narrow Chest - Oak DE","Nova 5 Drawer Narrow Chest - Oak","nova-5-drawer-narrow-chest-oak","nova-5-drawer-narrow-chest-oak","nova-5-drawer-narrow-chest-oak","Live title retained; live handle may be historic"
"8777523724611","Nova 3 Drawer Chest - White DE","Nova 3 Drawer Chest - White DE","Nova 3 Drawer Chest - White","nova-3-drawer-chest-white","nova-3-drawer-chest-white","nova-3-drawer-chest-white","Live title retained; live handle may be historic"
"8777512780099","Nova 3 Drawer Chest - Oak DE","Nova 3 Drawer Chest - Oak DE","Nova 3 Drawer Chest - Oak","nova-3-drawer-chest-oak","nova-3-drawer-chest-oak","nova-3-drawer-chest-oak","Live title retained; live handle may be historic"
"8777497674051","Nelly 2 Door Mirrored Wardrobe (105cm) - Graphite Lamela Artisan DE","Nelly 2 Door Mirrored Wardrobe (105cm) - Graphite Lamela Artisan DE","Nelly 2 Door Mirrored Wardrobe (105cm) - Graphite Lamela Artisan","nelly-2-door-mirrored-wardrobe-105cm-graphite-lamela-artisan","nelly-2-door-mirrored-wardrobe-105cm-graphite-lamela-artisan","nelly-2-door-mirrored-wardrobe-105cm-graphite-lamela-artisan","Live title retained; live handle may be historic"
"8776788214083","Argyle Bed DE","Argyle Bed DE","Argyle Bed","argyle-30-low-end-bed-rustic-pine","argyle-30-low-end-bed-rustic-pine","argyle-bed","Live title retained; live handle may be historic"
"8776739062083","Function Plus Desk- White DE","Function Plus Desk- White DE","Function Plus Desk- White","function-plus-desk-white","function-plus-desk-white","function-plus-desk-white","Live title retained; live handle may be historic"
"8776731984195","Function Plus Corner Desk - White/Oak DE","Function Plus Corner Desk - White/Oak DE","Function Plus Corner Desk - White/Oak","function-plus-corner-desk-white-oak","function-plus-corner-desk-white-oak","function-plus-corner-desk-white-oak","Live title retained; live handle may be historic"
"8765516120387","Nevada 2 Drawer Bedside White Gloss - WH","Nevada 2 Drawer Bedside White Gloss - WH","Nevada 2 Drawer Bedside White Gloss - WH","nevada-2-drawer-bedside-white-gloss","nevada-2-drawer-bedside-white-gloss","nevada-2-drawer-bedside-white-gloss-wh","Live title retained; live handle may be historic"
"8765502914883","Nevada 2 Drawer Bedside Grey Gloss/Light Oak Effect Veneer - WH","Nevada 2 Drawer Bedside Grey Gloss/Light Oak Effect Veneer - WH","Nevada 2 Drawer Bedside Grey Gloss/Light Oak Effect Veneer - WH","nevada-2-drawer-bedside-grey-gloss-light-oak-effect-veneer","nevada-2-drawer-bedside-grey-gloss-light-oak-effect-veneer","nevada-2-drawer-bedside-grey-gloss-light-oak-effect-veneer-wh","Live title retained; live handle may be historic"
"8765487055171","Nevada 3 Drawer Bedside White Gloss - WH","Nevada 3 Drawer Bedside White Gloss - WH","Nevada 3 Drawer Bedside White Gloss - WH","nevada-3-drawer-bedside-white-gloss","nevada-3-drawer-bedside-white-gloss","nevada-3-drawer-bedside-white-gloss-wh","Live title retained; live handle may be historic"
"8640932938051","Fredrik Chair PU GA","Fredrik Chair PU GA","Fredrik Chair PU","fredrik-chair-1","fredrik-chair-1","fredrik-chair-pu","Live title retained; live handle may be historic"
"8756820345155","Quebec Round Coffee Table Set Medium Oak Effect/Black - WH","Quebec Round Coffee Table Set Medium Oak Effect/Black - WH","Quebec Round Coffee Table Set Medium Oak Effect/Black - WH","quebec-round-coffee-table-set-medium-oak-effect-black","quebec-round-coffee-table-set-medium-oak-effect-black","quebec-round-coffee-table-set-medium-oak-effect-black-wh","Live title retained; live handle may be historic"
"8756809990467","Ottawa 1 Drawer Coffee Table Medium Oak Effect/Black - WH","Ottawa 1 Drawer Coffee Table Medium Oak Effect/Black - WH","Ottawa 1 Drawer Coffee Table Medium Oak Effect/Black - WH","ottawa-1-drawer-coffee-table-medium-oak-effect-black","ottawa-1-drawer-coffee-table-medium-oak-effect-black","ottawa-1-drawer-coffee-table-medium-oak-effect-black-wh","Live title retained; live handle may be historic"
"8756524417347","Athens Round Coffee Table Set Concrete Effect/Black - WH","Athens Round Coffee Table Set Concrete Effect/Black - WH","Athens Round Coffee Table Set Concrete Effect/Black - WH","athens-round-coffee-table-set-concrete-effect-black","athens-round-coffee-table-set-concrete-effect-black","athens-round-coffee-table-set-concrete-effect-black-wh","Live title retained; live handle may be historic"
"8644725506371","Kilkenny Side Gas-Lift Bed - GI","Kilkenny Side Gas-Lift Bed - GI","Kilkenny Side Gas-Lift Bed","kilkenny-side-gas-lift-bed","kilkenny-side-gas-lift-bed","kilkenny-side-gas-lift-bed","Live title retained; live handle may be historic"
"8720894656835","Ashley Sky Blue Bed - GI","Ashley Sky Blue Bed  - GI","Ashley Sky Blue Bed","ashley-sky-blue-bed","ashley-sky-blue-bed","ashley-sky-blue-bed","Demo differs from live; restored live title before requested cleanup"
"8720782262595","Charlotte Bed - GI","Charlotte Bed - GI","Charlotte Bed","copy-of-vienna-bed","copy-of-vienna-bed","charlotte-bed","Live title retained; live handle may be historic"
"8698308690243","Natural Sleep Nature's Finest Mattress","Natural Sleep Nature's Finest Mattress","Natural Sleep Nature's Finest Mattress","natural-sleep-natures-finest","natural-sleep-natures-finest","natural-sleep-natures-finest-mattress","Live title retained; live handle may be historic"
"8681318187331","Quebec Wave Edge Nest of Tables - WH","Quebec Wave Edge Nest of Tables - WH","Quebec Wave Edge Nest of Tables - WH","quebec-wave-edge-nest-of-tables","quebec-wave-edge-nest-of-tables","quebec-wave-edge-nest-of-tables-wh","Live title retained; live handle may be historic"
"8681314713923","Quebec Straight Edge Nest of Tables - WH","Quebec Straight Edge Nest of Tables - WH","Quebec Straight Edge Nest of Tables - WH","quebec-straight-edge-nest-of-tables","quebec-straight-edge-nest-of-tables","quebec-straight-edge-nest-of-tables-wh","Live title retained; live handle may be historic"
"8681312190787","Ottawa 3 Drawer Console Table - WH","Ottawa 3 Drawer Console Table - WH","Ottawa 3 Drawer Console Table - WH","ottawa-3-drawer-console-table","ottawa-3-drawer-console-table","ottawa-3-drawer-console-table-wh","Live title retained; live handle may be historic"
"7777742291131","Toronto Sliding Wardrobe 2.5 BR","Toronto Sliding Wardrobe 2.5 BR","Toronto Sliding Wardrobe 2.5 BR","toronto-sliding-wardrobe-2-5","toronto-sliding-wardrobe-2-5","toronto-sliding-wardrobe-2-5-br","Live title retained; live handle may be historic"
"7088655663291","Memphis High Sleeper Bunk","Memphis High Sleeper Bunk","Memphis High Sleeper Bunk","memphis-mid-sleep-bunk","memphis-mid-sleep-bunk","memphis-high-sleeper-bunk","Live title retained; live handle may be historic"
"8658896847171","Natural Sleep Florence Mattress","Natural Sleep Florence Mattress","Natural Sleep Florence Mattress","florence-mattress","florence-mattress","natural-sleep-florence-mattress","Live title retained; live handle may be historic"
"8656624877891","Natural Sleep Flotation Comfort Mattress","Natural Sleep Flotation Comfort Mattress","Natural Sleep Flotation Comfort Mattress","natural-sleep-ultimate-floation-mattress-1","natural-sleep-ultimate-floation-mattress-1","natural-sleep-flotation-comfort-mattress","Live title retained; live handle may be historic"
"8656619798851","Natural Sleep Origin Support Mattress","Natural Sleep Origin Support Mattress","Natural Sleep Origin Support Mattress","natural-sleep","natural-sleep","natural-sleep-origin-support-mattress","Live title retained; live handle may be historic"
"7675717157051","Chantelle Dining Chair - HJ","Chantelle Dining Chair - HJ","Chantelle Dining Chair","chantelle-dining-chair","chantelle-dining-chair","chantelle-dining-chair","Live title retained; live handle may be historic"
"8647957020995","Courtney Dining Set HJ","Courtney Dining Set HJ","Courtney Dining Set","courtney-dining-set","courtney-dining-set","courtney-dining-set","Live title retained; live handle may be historic"
"8648168243523","Harry Stool - HJ","Harry Stool - HJ","Harry Stool","harry-stool","harry-stool","harry-stool","Live title retained; live handle may be historic"
"8648379695427","Jack Fireside Chair - HJ","Jack Fireside Chair - HJ","Jack Fireside Chair","jack-fireside-chair","jack-fireside-chair","jack-fireside-chair","Live title retained; live handle may be historic"
"8648169619779","Lisbon PU Chair HJ","Lisbon PU Chair HJ","Lisbon PU Chair","lisbon-pu-chair","lisbon-pu-chair","lisbon-pu-chair","Live title retained; live handle may be historic"
"8648393687363","Manhattan TV Unit HJ","Manhattan TV Unit HJ","Manhattan TV Unit","manhattan-tv-unit","manhattan-tv-unit","manhattan-tv-unit","Live title retained; live handle may be historic"
"8648313110851","Marriot Bed - HJ","Marriot Bed - HJ","Marriot Bed","marriot-bed","marriot-bed","marriot-bed","Live title retained; live handle may be historic"
"8648394768707","Oak Writing Desk - HJ","Oak Writing Desk - HJ","Oak Writing Desk","oak-writing-desk","oak-writing-desk","oak-writing-desk","Live title retained; live handle may be historic"
"8648189149507","Olive Cream & Oak Stool - HJ","Olive Cream & Oak Stool - HJ","Olive Cream & Oak Stool","olive-cream-oak-stool","olive-cream-oak-stool","olive-cream-and-oak-stool","Live title retained; live handle may be historic"
"8648306786627","Rochester Cream & Oak chair HJ","Rochester Cream & Oak chair HJ","Rochester Cream & Oak chair","rochester-cream-oak-chair","rochester-cream-oak-chair","rochester-cream-and-oak-chair","Live title retained; live handle may be historic"
"8648311046467","Thames Cream & Oak Chair HJ","Thames Cream & Oak Chair HJ","Thames Cream & Oak Chair","thames-cream-oak-chair","thames-cream-oak-chair","thames-cream-and-oak-chair","Live title retained; live handle may be historic"
"8648402665795","Vera Fireside Chair - HJ","Vera Fireside Chair - HJ","Vera Fireside Chair","vera-fireside-chair","vera-fireside-chair","vera-fireside-chair","Live title retained; live handle may be historic"
"8648144322883","Washington 5′ Oak Set - HJ","Washington 5′ Oak Set  - HJ","Washington 5′ Oak Set","washington-5-oak-set","washington-5-oak-set","washington-5-oak-set","Demo differs from live; restored live title before requested cleanup"
"8648343880003","Columbia Coffee Table - HJ","Columbia Coffee Table - HJ","Columbia Coffee Table","columbia-coffee-table","columbia-coffee-table","columbia-coffee-table","Live title retained; live handle may be historic"
"8648153006403","Columbia Chair HJ","Columbia Chair HJ","Columbia Chair","columbia-chair-pu-seat","columbia-chair-pu-seat","columbia-chair","Live title retained; live handle may be historic"
"8648336245059","Chantelle Coffee Table - HJ","Chantelle Coffee Table - HJ","Chantelle Coffee Table","chantelle-coffee-table","chantelle-coffee-table","chantelle-coffee-table","Live title retained; live handle may be historic"
"8647940473155","Chantelle Compact Set - HJ","Chantelle Compact Set - HJ","Chantelle Compact Set","chantelle-compact-set","chantelle-compact-set","chantelle-compact-set","Live title retained; live handle may be historic"
"8647908098371","Chantelle 4′ Grey Fixed Top Dining Set - HJ","Chantelle 4′ Grey Fixed Top Dining Set  - HJ","Chantelle 4′ Grey Fixed Top Dining Set","chantelle-4-grey-fixed-top-dining-set","chantelle-4-grey-fixed-top-dining-set","chantelle-4-grey-fixed-top-dining-set","Demo differs from live; restored live title before requested cleanup"
"8646706659651","Platinum Mattress","Platinum Mattress","Platinum Mattress","platinium-mattress","platinium-mattress","platinum-mattress","Live title retained; live handle may be historic"
"8612247339331","Rukas 0549 Rug","Rukas 0549 Rug","Rukas 0549 Rug","rukas-0549-rug-rukas-0549-120-x-170-rug","rukas-0549-rug-rukas-0549-120-x-170-rug","rukas-0549-rug","Live title retained; live handle may be historic"
"8612247404867","Rukas 0557 Rug","Rukas 0557 Rug","Rukas 0557 Rug","rukas-0557-rug-rukas-0557-120-x-170-rug","rukas-0557-rug-rukas-0557-120-x-170-rug","rukas-0557-rug","Live title retained; live handle may be historic"
"8612247568707","Rukas 0565 Rug","Rukas 0565 Rug","Rukas 0565 Rug","rukas-0565-rug-rukas-0565-160-x-220-rug","rukas-0565-rug-rukas-0565-160-x-220-rug","rukas-0565-rug","Live title retained; live handle may be historic"
"8612249108803","Twist 10620 Rug","Twist 10620 Rug","Twist 10620 Rug","twist-10620-rug-twist-10620-160-x-220-rug","twist-10620-rug-twist-10620-160-x-220-rug","twist-10620-rug","Live title retained; live handle may be historic"
"8612249239875","Twist 10629 Rug","Twist 10629 Rug","Twist 10629 Rug","twist-10629-rug-twist-10629-rug-80-x-150","twist-10629-rug-twist-10629-rug-80-x-150","twist-10629-rug","Live title retained; live handle may be historic"
"8612249338179","Twist 10638 Rug","Twist 10638 Rug","Twist 10638 Rug","twist-10638-rug-twist-10638-80-x-150","twist-10638-rug-twist-10638-80-x-150","twist-10638-rug","Live title retained; live handle may be historic"
"8612249436483","Twist 1752 Rug","Twist 1752 Rug","Twist 1752 Rug","twist-1752-rug-twist-1752-80-x-150","twist-1752-rug-twist-1752-80-x-150","twist-1752-rug","Live title retained; live handle may be historic"
"8612247208259","Rukas 0509 Rug","Rukas 0509 Rug","Rukas 0509 Rug","rukas-0509-rug-rukas-0509-120-x-170-rug","rukas-0509-rug-rukas-0509-120-x-170-rug","rukas-0509-rug","Live title retained; live handle may be historic"
"8612247109955","Rukas 0254 Rug","Rukas 0254 Rug","Rukas 0254 Rug","rukas-0254-rug-rukas-0254-120-x-170-rug","rukas-0254-rug-rukas-0254-120-x-170-rug","rukas-0254-rug","Live title retained; live handle may be historic"
"8612249600323","Twist 1991 Rug","Twist 1991 Rug","Twist 1991 Rug","twist-1991-rug-twist-1991-rug-80-x-150","twist-1991-rug-twist-1991-rug-80-x-150","twist-1991-rug","Live title retained; live handle may be historic"
"8612249764163","Twist 2098 Rug","Twist 2098 Rug","Twist 2098 Rug","twist-2098-rug-twist-2098-rug-80-x-150","twist-2098-rug-twist-2098-rug-80-x-150","twist-2098-rug","Live title retained; live handle may be historic"
"8612250321219","Twist Terracotta T1009 Rug","Twist Terracotta T1009 Rug","Twist Terracotta T1009 Rug","twist-terracotta-t1009-rug-twist-terracotta-t1009-rug-80-x-150","twist-terracotta-t1009-rug-twist-terracotta-t1009-rug-80-x-150","twist-terracotta-t1009-rug","Live title retained; live handle may be historic"
"8612250222915","Twist T1739 Rug","Twist T1739 Rug","Twist T1739 Rug","twist-t1739-rug-twist-t1739-80-x-150-rug","twist-t1739-rug-twist-t1739-80-x-150-rug","twist-t1739-rug","Live title retained; live handle may be historic"
"8612250091843","Twist T1009 Green Rug","Twist T1009 Green Rug","Twist T1009 Green Rug","twist-t1009-green-rug-twist-t1009-green-80-x-150-rug","twist-t1009-green-rug-twist-t1009-green-80-x-150-rug","twist-t1009-green-rug","Live title retained; live handle may be historic"
"8612249960771","Twist Grey T1009 Rug","Twist Grey T1009 Rug","Twist Grey T1009 Rug","twist-grey-t1009-rug-twist-grey-t1009-80-x-150-rug","twist-grey-t1009-rug-twist-grey-t1009-80-x-150-rug","twist-grey-t1009-rug","Live title retained; live handle may be historic"
"8612249862467","Twist Brown T1009 Rug","Twist Brown T1009 Rug","Twist Brown T1009 Rug","twist-brown-t1009-rug-twist-brown-t1009-80-x-150-rug","twist-brown-t1009-rug-twist-brown-t1009-80-x-150-rug","twist-brown-t1009-rug","Live title retained; live handle may be historic"
"8612246880579","Rukas 0241 Rug","Rukas 0241 Rug","Rukas 0241 Rug","rukas-0241-rug-rukas-0241-120-x-170-rug","rukas-0241-rug-rukas-0241-120-x-170-rug","rukas-0241-rug","Live title retained; live handle may be historic"
"8612246815043","Rukas 0204A Rug -","Rukas 0204A Rug -","Rukas 0204A Rug -","rukas-0204a-rug-rukas-0204a-120-x-170-rug","rukas-0204a-rug-rukas-0204a-120-x-170-rug","rukas-0204a-rug","Live title retained; live handle may be historic"
"8612246716739","Rukas 0032 Rug","Rukas 0032 Rug","Rukas 0032 Rug","rukas-0032-rug-rukas-0032-120-x-170-rug","rukas-0032-rug-rukas-0032-120-x-170-rug","rukas-0032-rug","Live title retained; live handle may be historic"
"8612245635395","Maple 1027 Rug","Maple 1027 Rug","Maple 1027 Rug","maple-1027-rug-maple-1027-rug-120-x-170","maple-1027-rug-maple-1027-rug-120-x-170","maple-1027-rug","Live title retained; live handle may be historic"
"8612245471555","Maple 0927A Rug","Maple 0927A Rug","Maple 0927A Rug","maple-0927a-rug-maple-0927a-120-x-170","maple-0927a-rug-maple-0927a-120-x-170","maple-0927a-rug","Live title retained; live handle may be historic"
"8612237803843","Bodrum BD0278 Rug","Bodrum BD0278 Rug","Bodrum BD0278 Rug","bodrum-bd0278-rug-bodrum-bd0278-120-x-170-rug","bodrum-bd0278-rug-bodrum-bd0278-120-x-170-rug","bodrum-bd0278-rug","Live title retained; live handle may be historic"
"8612237738307","Bodrum 0511 Rug","Bodrum 0511 Rug","Bodrum 0511 Rug","bodrum-0511-rug-bodrum-0511-120-x-170-rug","bodrum-0511-rug-bodrum-0511-120-x-170-rug","bodrum-0511-rug","Live title retained; live handle may be historic"
"8612237902147","Bodrum BD238A Rug","Bodrum BD238A Rug","Bodrum BD238A Rug","bodrum-bd238a-rug-bodrum-bd238a-120-x-170","bodrum-bd238a-rug-bodrum-bd238a-120-x-170","bodrum-bd238a-rug","Live title retained; live handle may be historic"
"8639565005123","Lucy Double Wardrobe GA","Lucy Double Wardrobe GA","Lucy Double Wardrobe","lucy-double-wardrobe","lucy-double-wardrobe","lucy-double-wardrobe","Live title retained; live handle may be historic"
"8639563923779","Lucy 3 Drawer Chest GA","Lucy 3 Drawer Chest GA","Lucy 3 Drawer Chest","lucy-3-drawer-chest","lucy-3-drawer-chest","lucy-3-drawer-chest","Live title retained; live handle may be historic"
"8639440748867","Lucy 3ft Bed GA","Lucy 3ft Bed GA","Lucy 3ft Bed","lucy-3ft-bed","lucy-3ft-bed","lucy-3ft-bed","Live title retained; live handle may be historic"
"8639432753475","Whitney 3+2 Drawer Chest GA","Whitney 3+2 Drawer Chest GA","Whitney 3+2 Drawer Chest","whitney-3-2-drawer-chest","whitney-3-2-drawer-chest","whitney-3-2-drawer-chest","Live title retained; live handle may be historic"
"8639422857539","Whitney 3 Drawer Locker GA","Whitney 3 Drawer Locker GA","Whitney 3 Drawer Locker","whitney-3-drawer-locker","whitney-3-drawer-locker","whitney-3-drawer-locker","Live title retained; live handle may be historic"
"8639405293891","Whitney White Bed GA","Whitney White Bed GA","Whitney White Bed","whitney-white-bed","whitney-white-bed","whitney-white-bed","Live title retained; live handle may be historic"
"8639334089027","Jack 6 Drawer Wide Chest GA","Jack 6 Drawer Wide Chest GA","Jack 6 Drawer Wide Chest","jack-6-drawer-wide-chesst","jack-6-drawer-wide-chesst","jack-6-drawer-wide-chest","Live title retained; live handle may be historic"
"8639334482243","Jack 5 Drawer Tall Chest-GA","Jack 5 Drawer Tall Chest-GA","Jack 5 Drawer Tall Chest","jack-5-drawer-tall-chest","jack-5-drawer-tall-chest","jack-5-drawer-tall-chest","Live title retained; live handle may be historic"
"8639296176451","Jack 2 Drawer Locker-GA","Jack 2 Drawer Locker-GA","Jack 2 Drawer Locker","jack-drawer-locker","jack-drawer-locker","jack-2-drawer-locker","Live title retained; live handle may be historic"
"8639278711107","Jack Bed-GA","Jack Bed-GA","Jack Bed","jack-bed","jack-bed","jack-bed","Live title retained; live handle may be historic"
"8639683854659","Dario 1.4 Metre Dining Table with Chrome Legs GA","Dario 1.4 Metre Dining Table with Chrome Legs GA","Dario 1.4 Metre Dining Table with Chrome Legs","dario-1-4-metre-dining-table-with-chrome-legs","dario-1-4-metre-dining-table-with-chrome-legs","dario-1-4-metre-dining-table-with-chrome-legs","Live title retained; live handle may be historic"
"8639675760963","Dario 1.4 Metre Dining Table with Black Legs GA","Dario 1.4 Metre Dining Table with Black Legs GA","Dario 1.4 Metre Dining Table with Black Legs","dario-1-4-metre-dining-table-with-black-legs","dario-1-4-metre-dining-table-with-black-legs","dario-1-4-metre-dining-table-with-black-legs","Live title retained; live handle may be historic"
"8640133824835","Branca Dining Chair GA","Branca Dining Chair GA","Branca Dining Chair","branca-dining-chair-black-pu","branca-dining-chair-black-pu","branca-dining-chair","Live title retained; live handle may be historic"
"8640826868035","Vicenza Dining Chair Tuape GA","Vicenza Dining Chair Tuape GA","Vicenza Dining Chair Tuape","vicenza-dining-chair","vicenza-dining-chair","vicenza-dining-chair-tuape","Live title retained; live handle may be historic"
"8640808354115","Infinity Lamp Table GA","Infinity Lamp Table GA","Infinity Lamp Table","infinity-lamp-table","infinity-lamp-table","infinity-lamp-table","Live title retained; live handle may be historic"
"8640889618755","Liana Chair with Black Legs GA","Liana Chair with Black Legs GA","Liana Chair with Black Legs","liana-chair","liana-chair","liana-chair-with-black-legs","Live title retained; live handle may be historic"
"8640922124611","Liana Chair Chrome Legs GA","Liana Chair Chrome Legs GA","Liana Chair Chrome Legs","liana-chair-chrome-legs","liana-chair-chrome-legs","liana-chair-chrome-legs","Live title retained; live handle may be historic"
"8640938017091","Retro Dining Chair GA","Retro Dining Chair GA","Retro Dining Chair","retro-dining-chair","retro-dining-chair","retro-dining-chair","Live title retained; live handle may be historic"
"8640187400515","Retro Bar Stool GA","Retro Bar Stool GA","Retro Bar Stool","retro-bar-stool","retro-bar-stool","retro-bar-stool","Live title retained; live handle may be historic"
"8640194347331","Talia Bar Stool GA","Talia Bar Stool GA","Talia Bar Stool","talia-bar-stool","talia-bar-stool","talia-bar-stool","Live title retained; live handle may be historic"
"8639697256771","Branca Bench PU GA","Branca Bench PU GA","Branca Bench PU","branca-bench-pu","branca-bench-pu","branca-bench-pu","Live title retained; live handle may be historic"
"8630273638723","Callie Accent Chair - IM","Callie Accent Chair - IM","Callie Accent Chair","callie-accent-chair","callie-accent-chair","callie-accent-chair","Live title retained; live handle may be historic"
"8630289269059","Boston Sofa Bed - IM","Boston Sofa Bed - IM","Boston Sofa Bed","boston-sofa-bed-1","boston-sofa-bed-1","boston-sofa-bed","Live title retained; live handle may be historic"
"8612237672771","Bodrum 0496 Rug","Bodrum 0496 Rug","Bodrum 0496 Rug","bodrum-0496-rug-bodrum-0496-120-x-170-rug","bodrum-0496-rug-bodrum-0496-120-x-170-rug","bodrum-0496-rug","Live title retained; live handle may be historic"
"8612249043267","Tower Gas Lift - 5FT - GI","Tower Gas Lift - 5FT - GI","Tower Gas Lift - 5FT","tower-gas-lift-5ft","tower-gas-lift-5ft","tower-gas-lift-5ft","Live title retained; live handle may be historic"
"8612248846659","Taylor Bed GI","Taylor Bed GI","Taylor Bed","taylor-bed-4ft6","taylor-bed-4ft6","taylor-bed","Live title retained; live handle may be historic"
"8612248617283","TV Unit T32-S - GI","TV Unit T32-S - GI","TV Unit T32-S","t32-s","t32-s","tv-unit-t32-s","Live title retained; live handle may be historic"
"8612248518979","Soho Locker GI","Soho Locker GI","Soho Locker","soho-locker","soho-locker","soho-locker","Live title retained; live handle may be historic"
"8612248191299","Soho Footstool GI","Soho Footstool GI","Soho Footstool","soho-footstool","soho-footstool","soho-footstool","Live title retained; live handle may be historic"
"8612247699779","Silver TV Unit S36M GI","Silver TV Unit S36M GI","Silver TV Unit S36M","s36m","s36m","silver-tv-unit-s36m","Live title retained; live handle may be historic"
"8612246323523","Oasis Base + Hogan Headboard GI","Oasis Base + Hogan Headboard GI","Oasis Base + Hogan Headboard","oasis-base-hogan-headboard-4ft6","oasis-base-hogan-headboard-4ft6","oasis-base-hogan-headboard","Live title retained; live handle may be historic"
"8612246192451","Mayo Bed Grey-GI","Mayo Bed Grey-GI","Mayo Bed Grey","mayo-bed-grey-mayo-grey-bed-4ft-6","mayo-bed-grey-mayo-grey-bed-4ft-6","mayo-bed-grey","Live title retained; live handle may be historic"
"8612246028611","Mayo Bed Beige-GI","Mayo Bed Beige-GI","Mayo Bed Beige","mayo-bed-beige-mayo-beige-bed-4ft-6","mayo-bed-beige-mayo-beige-bed-4ft-6","mayo-bed-beige","Live title retained; live handle may be historic"
"8612244554051","Kingston Standard Bed-GI","Kingston Standard Bed-GI","Kingston Standard Bed","kingston-standard-bed-4ft6","kingston-standard-bed-4ft6","kingston-standard-bed","Live title retained; live handle may be historic"
"8612244324675","Kilkenny Silver Locker-GI","Kilkenny Silver Locker-GI","Kilkenny Silver Locker","kilkenny-silver-locker","kilkenny-silver-locker","kilkenny-silver-locker","Live title retained; live handle may be historic"
"8612244062531","Kilkenny Silver Bed-GI","Kilkenny Silver Bed-GI","Kilkenny Silver Bed","kilkenny-silver-bed-4ft6","kilkenny-silver-bed-4ft6","kilkenny-silver-bed","Live title retained; live handle may be historic"
"8612243636547","Kilkenny Grey Bed-GI","Kilkenny Grey Bed-GI","Kilkenny Grey Bed","kilkenny-grey-bed-4ft6","kilkenny-grey-bed-4ft6","kilkenny-grey-bed","Live title retained; live handle may be historic"
"8612242096451","Hogan Headboard-GI","Hogan Headboard-GI","Hogan Headboard","hogan-headboard-4ft6","hogan-headboard-4ft6","hogan-headboard","Live title retained; live handle may be historic"
"8612241277251","Galway Silver Bed-GI","Galway Silver Bed-GI","Galway Silver Bed","galway-silver-bed-4ft","galway-silver-bed-4ft","galway-silver-bed","Live title retained; live handle may be historic"
"8612240818499","Galway Grey Bed-GI","Galway Grey Bed-GI","Galway Grey Bed","galway-grey-bed-4ft","galway-grey-bed-4ft","galway-grey-bed","Live title retained; live handle may be historic"
"8612239900995","DP48-SV TV STAND GI","DP48-SV TV STAND GI","DP48-SV TV STAND","dp48-sv","dp48-sv","dp48-sv-tv-stand","Live title retained; live handle may be historic"
"8612239016259","Chair & Footstool 1986 - GI","Chair & Footstool 1986 - GI","Chair & Footstool 1986","chair-footstool-1986-light-grey","chair-footstool-1986-light-grey","chair-and-footstool-1986","Live title retained; live handle may be historic"
"8612238328131","Carlow Beige Side Gas Lift Bed-GI","Carlow Beige Side Gas Lift Bed-GI","Carlow Beige Side Gas Lift Bed","carlow-beige-bed-carlow-4-6-beige-side-gas-lift-bed","carlow-beige-bed-carlow-4-6-beige-side-gas-lift-bed","carlow-beige-side-gas-lift-bed","Live title retained; live handle may be historic"
"8612238098755","Brazil Bed GI","Brazil Bed GI","Brazil Bed","brazil-bed-4ft","brazil-bed-4ft","brazil-bed","Live title retained; live handle may be historic"
"8612237410627","Arizona Bed DE-GI","Arizona Bed DE-GI","Arizona Bed DE","arizona-bed-4ft6","arizona-bed-4ft6","arizona-bed-de","Live title retained; live handle may be historic"
"8612237377859","A60-U - GI","A60-U - GI","A60-U","a60-u","a60-u","a60-u","Live title retained; live handle may be historic"
"8612237214019","5280 - TV Unit - GI","5280 - TV Unit - GI","5280 - TV Unit","5280-tv-unit","5280-tv-unit","5280-tv-unit","Live title retained; live handle may be historic"
"8611165667651","Venus Rug - Grey Red","Venus Rug - Grey Red","Venus Rug - Grey Red","venusrug-grey-red","venusrug-grey-red","venus-rug-grey-red","Live title retained; live handle may be historic"
"8611165536579","Venus Rug - Grey Gold","Venus Rug - Grey Gold","Venus Rug - Grey Gold","venusrug-grey-gold","venusrug-grey-gold","venus-rug-grey-gold","Live title retained; live handle may be historic"
"8611165372739","Venus Rug - Black Grey","Venus Rug - Black Grey","Venus Rug - Black Grey","venusrug-black-grey","venusrug-black-grey","venus-rug-black-grey","Live title retained; live handle may be historic"
"8611165307203","Venus Rug - Beige Brown","Venus Rug - Beige Brown","Venus Rug - Beige Brown","venusrug-beige-brown","venusrug-beige-brown","venus-rug-beige-brown","Live title retained; live handle may be historic"
"8611165241667","Venice Rug - White 2941","Venice Rug - White 2941","Venice Rug - White 2941","venice-white-2941","venice-white-2941","venice-rug-white-2941","Live title retained; live handle may be historic"
"8611165110595","Venice Rug - Grey 2941","Venice Rug - Grey 2941","Venice Rug - Grey 2941","venice-grey-2941","venice-grey-2941","venice-rug-grey-2941","Live title retained; live handle may be historic"
"8611165045059","Venice Rug - Grey 1721","Venice Rug - Grey 1721","Venice Rug - Grey 1721","venice-grey-1721","venice-grey-1721","venice-rug-grey-1721","Live title retained; live handle may be historic"
"8611165012291","Venice Rug - Grey 1696","Venice Rug - Grey 1696","Venice Rug - Grey 1696","venice-grey-1696","venice-grey-1696","venice-rug-grey-1696","Live title retained; live handle may be historic"
"8611164881219","Venice Rug - Blue 2941","Venice Rug - Blue 2941","Venice Rug - Blue 2941","venice-blue-2941","venice-blue-2941","venice-rug-blue-2941","Live title retained; live handle may be historic"
"8611164815683","Venice Rug - Blue 1794","Venice Rug - Blue 1794","Venice Rug - Blue 1794","venice-blue-1794","venice-blue-1794","venice-rug-blue-1794","Live title retained; live handle may be historic"
"8611164651843","Venice Rug - Blue 1696","Venice Rug - Blue 1696","Venice Rug - Blue 1696","venice-blue-1696","venice-blue-1696","venice-rug-blue-1696","Live title retained; live handle may be historic"
"8611164455235","Storm Rug 972","Storm Rug 972","Storm Rug 972","storm-rug-972","storm-rug-972","storm-rug-972","Live title retained; live handle may be historic"
"8611164258627","Storm Rug 752","Storm Rug 752","Storm Rug 752","storm-rug-752","storm-rug-752","storm-rug-752","Live title retained; live handle may be historic"
"8611162292547","Saturn Rug - Grey Red","Saturn Rug - Grey Red","Saturn Rug - Grey Red","saturnrug-grey-red","saturnrug-grey-red","saturn-rug-grey-red","Live title retained; live handle may be historic"
"8611162095939","Saturn Rug - Grey Gold","Saturn Rug - Grey Gold","Saturn Rug - Grey Gold","saturnrug-grey-gold","saturnrug-grey-gold","saturn-rug-grey-gold","Live title retained; live handle may be historic"
"8611161833795","Saturn Rug - Black Grey","Saturn Rug - Black Grey","Saturn Rug - Black Grey","saturnrug-black-grey","saturnrug-black-grey","saturn-rug-black-grey","Live title retained; live handle may be historic"
"8611161604419","Saturn Rug - Beige Brown","Saturn Rug - Beige Brown","Saturn Rug - Beige Brown","saturnrug-beige-brown","saturnrug-beige-brown","saturn-rug-beige-brown","Live title retained; live handle may be historic"
"8611160883523","Primrose Rug Choc-Red","Primrose Rug Choc-Red","Primrose Rug Choc-Red","primsroserugchoc-red","primsroserugchoc-red","primrose-rug-choc-red","Live title retained; live handle may be historic"
"8611160588611","Primrose Rug Beige-Brown","Primrose Rug Beige-Brown","Primrose Rug Beige-Brown","primsroserugbeige-brown","primsroserugbeige-brown","primrose-rug-beige-brown","Live title retained; live handle may be historic"
"8611160228163","Prada Silver Rug","Prada Silver Rug","Prada Silver Rug","pradarugsilver","pradarugsilver","prada-silver-rug","Live title retained; live handle may be historic"
"8611160129859","Prada Red Rug","Prada Red Rug","Prada Red Rug","pradarugred","pradarugred","prada-red-rug","Live title retained; live handle may be historic"
"8611159966019","Prada Mink Rug","Prada Mink Rug","Prada Mink Rug","pradarugmink","pradarugmink","prada-mink-rug","Live title retained; live handle may be historic"
"8611159769411","Prada Grey Rug","Prada Grey Rug","Prada Grey Rug","pradaruggrey","pradaruggrey","prada-grey-rug","Live title retained; live handle may be historic"
"8611159507267","Prada Cream Rug","Prada Cream Rug","Prada Cream Rug","pradarugcream","pradarugcream","prada-cream-rug","Live title retained; live handle may be historic"
"8611159114051","Prada Coral Rug","Prada Coral Rug","Prada Coral Rug","pradarugcoral","pradarugcoral","prada-coral-rug","Live title retained; live handle may be historic"
"8611158524227","Prada Aquamarine Rug","Prada Aquamarine Rug","Prada Aquamarine Rug","pradarugaquamarine","pradarugaquamarine","prada-aquamarine-rug","Live title retained; live handle may be historic"
"8611158327619","Pluton Rug - Grey Red","Pluton Rug - Grey Red","Pluton Rug - Grey Red","plutonrug-grey-red","plutonrug-grey-red","pluton-rug-grey-red","Live title retained; live handle may be historic"
"8611158131011","Pluton Rug - Grey Gold","Pluton Rug - Grey Gold","Pluton Rug - Grey Gold","plutonrug-grey-gold","plutonrug-grey-gold","pluton-rug-grey-gold","Live title retained; live handle may be historic"
"8611157934403","Pluton Rug - Beige Brown","Pluton Rug - Beige Brown","Pluton Rug - Beige Brown","plutonrug-brown-beige","plutonrug-brown-beige","pluton-rug-beige-brown","Live title retained; live handle may be historic"
"8611157705027","Pluton Rug - Black Grey","Pluton Rug - Black Grey","Pluton Rug - Black Grey","plutonrug-black-grey","plutonrug-black-grey","pluton-rug-black-grey","Live title retained; live handle may be historic"
"8611157410115","Ottova Rug Red","Ottova Rug Red","Ottova Rug Red","ottovarugred","ottovarugred","ottova-rug-red","Live title retained; live handle may be historic"
"8611157082435","Milo Rug - Salmon 02","Milo Rug - Salmon 02","Milo Rug - Salmon 02","milorug-salmon","milorug-salmon","milo-rug-salmon-02","Live title retained; live handle may be historic"
"8611156984131","Milo Rug - Navy 03","Milo Rug - Navy 03","Milo Rug - Navy 03","milorug-navy","milorug-navy","milo-rug-navy-03","Live title retained; live handle may be historic"
"8611156853059","Milo Rug - Mustard 05","Milo Rug - Mustard 05","Milo Rug - Mustard 05","milorug-mustard","milorug-mustard","milo-rug-mustard-05","Live title retained; live handle may be historic"
"8611156787523","Milo Rug - Grey 01","Milo Rug - Grey 01","Milo Rug - Grey 01","milorug-grey","milorug-grey","milo-rug-grey-01","Live title retained; live handle may be historic"
"8611156656451","Milo Rug - Black 04","Milo Rug - Black 04","Milo Rug - Black 04","milorug-black","milorug-black","milo-rug-black-04","Live title retained; live handle may be historic"
"8611156590915","Milo Rug - Beige 06","Milo Rug - Beige 06","Milo Rug - Beige 06","milorug-beige","milorug-beige","milo-rug-beige-06","Live title retained; live handle may be historic"
"8611156099395","Max Rug 791","Max Rug 791","Max Rug 791","max-rug-791","max-rug-791","max-rug-791","Live title retained; live handle may be historic"
"8611155968323","Max Rug 671","Max Rug 671","Max Rug 671","max-rug-671","max-rug-671","max-rug-671","Live title retained; live handle may be historic"
"8611155870019","Mason Rug - 110 Grey Mustard","Mason Rug - 110 Grey Mustard","Mason Rug - 110 Grey Mustard","masonrug-110-grey-mustard","masonrug-110-grey-mustard","mason-rug-110-grey-mustard","Live title retained; live handle may be historic"
"8611155607875","Mason Rug - 109 Grey Orange","Mason Rug - 109 Grey Orange","Mason Rug - 109 Grey Orange","masonrug-109-grey-orange","masonrug-109-grey-orange","mason-rug-109-grey-orange","Live title retained; live handle may be historic"
"8611155378499","Mason Rug - 108 Grey Blue","Mason Rug - 108 Grey Blue","Mason Rug - 108 Grey Blue","masonrug-108-grey-blue","masonrug-108-grey-blue","mason-rug-108-grey-blue","Live title retained; live handle may be historic"
"8611154723139","Mason Rug - 105 Grey Blue","Mason Rug - 105 Grey Blue","Mason Rug - 105 Grey Blue","masonrug-105-grey-blue","masonrug-105-grey-blue","mason-rug-105-grey-blue","Live title retained; live handle may be historic"
"8611154362691","Mason Rug - 103 Navy Grey","Mason Rug - 103 Navy Grey","Mason Rug - 103 Navy Grey","masonrug-103-navy-grey","masonrug-103-navy-grey","mason-rug-103-navy-grey","Live title retained; live handle may be historic"
"8611153314115","Kiss 800 Rug","Kiss 800 Rug","Kiss 800 Rug","kiss800","kiss800","kiss-800-rug","Live title retained; live handle may be historic"
"8611152953667","Kiss 070 Rug","Kiss 070 Rug","Kiss 070 Rug","kiss070","kiss070","kiss-070-rug","Live title retained; live handle may be historic"
"8611152855363","Jasper Rug Beige","Jasper Rug Beige","Jasper Rug Beige","jasperrugbeige","jasperrugbeige","jasper-rug-beige","Live title retained; live handle may be historic"
"8611151479107","Ivy Rug 092","Ivy Rug 092","Ivy Rug 092","ivy-rug-092-l","ivy-rug-092-l","ivy-rug-092","Live title retained; live handle may be historic"
"8611151053123","Ivy Rug 022","Ivy Rug 022","Ivy Rug 022","ivy-rug-022-l","ivy-rug-022-l","ivy-rug-022","Live title retained; live handle may be historic"
"8611150856515","Harper Rug 652","Harper Rug 652","Harper Rug 652","harper-rug-652","harper-rug-652","harper-rug-652","Live title retained; live handle may be historic"
"8611150692675","Harper Rug 592","Harper Rug 592","Harper Rug 592","harper-rug-592-l","harper-rug-592-l","harper-rug-592","Live title retained; live handle may be historic"
"8611150463299","Harper Rug 522","Harper Rug 522","Harper Rug 522","harper-rug-522","harper-rug-522","harper-rug-522","Live title retained; live handle may be historic"
"8611150332227","Empire Rug Silver","Empire Rug Silver","Empire Rug Silver","empirerugsilver","empirerugsilver","empire-rug-silver","Live title retained; live handle may be historic"
"8611150201155","Empire Rug Ochre","Empire Rug Ochre","Empire Rug Ochre","empirerugochre","empirerugochre","empire-rug-ochre","Live title retained; live handle may be historic"
"8611150037315","Empire Rug Grey","Empire Rug Grey","Empire Rug Grey","empireruggrey","empireruggrey","empire-rug-grey","Live title retained; live handle may be historic"
"8611149644099","Empire Rug Charcoal","Empire Rug Charcoal","Empire Rug Charcoal","empirerugcharcoal","empirerugcharcoal","empire-rug-charcoal","Live title retained; live handle may be historic"
"8611149250883","Elise Rug Silver","Elise Rug Silver","Elise Rug Silver","eliserugsilver","eliserugsilver","elise-rug-silver","Live title retained; live handle may be historic"
"8611148529987","Elise Rug Cream-Red","Elise Rug Cream-Red","Elise Rug Cream-Red","eliserugcream-red-l","eliserugcream-red-l","elise-rug-cream-red","Live title retained; live handle may be historic"
"8611147776323","Darcy Rug Navy","Darcy Rug Navy","Darcy Rug Navy","darcyrug-navy","darcyrug-navy","darcy-rug-navy","Live title retained; live handle may be historic"
"8611146957123","Darcy Rug Beige","Darcy Rug Beige","Darcy Rug Beige","darcyrug-beige","darcyrug-beige","darcy-rug-beige","Live title retained; live handle may be historic"
"8611145646403","Dakar Rug - Gold","Dakar Rug - Gold","Dakar Rug - Gold","dakarrug-gold","dakarrug-gold","dakar-rug-gold","Live title retained; live handle may be historic"
"8611144892739","Cruz Rug - Taupe 04","Cruz Rug - Taupe 04","Cruz Rug - Taupe 04","cruzrug-taupe","cruzrug-taupe","cruz-rug-taupe-04","Live title retained; live handle may be historic"
"8611144565059","Cruz Rug - Red 02","Cruz Rug - Red 02","Cruz Rug - Red 02","cruzrug-red","cruzrug-red","cruz-rug-red-02","Live title retained; live handle may be historic"
"8611144270147","Cruz Rug - Navy 03","Cruz Rug - Navy 03","Cruz Rug - Navy 03","cruzrug-navy","cruzrug-navy","cruz-rug-navy-03","Live title retained; live handle may be historic"
"8611143844163","Cruz Rug - Mustard 06","Cruz Rug - Mustard 06","Cruz Rug - Mustard 06","cruzrug-mustard","cruzrug-mustard","cruz-rug-mustard-06","Live title retained; live handle may be historic"
"8611143254339","Cruz Rug - Green 05","Cruz Rug - Green 05","Cruz Rug - Green 05","cruzrug-green","cruzrug-green","cruz-rug-green-05","Live title retained; live handle may be historic"
"8611142730051","Cruz Rug - Black 01","Cruz Rug - Black 01","Cruz Rug - Black 01","cruzrug-black","cruzrug-black","cruz-rug-black-01","Live title retained; live handle may be historic"
"8611142074691","Chad Rug 592","Chad Rug 592","Chad Rug 592","chad-rug-592-l","chad-rug-592-l","chad-rug-592","Live title retained; live handle may be historic"
"8611141321027","Chad Rug 572","Chad Rug 572","Chad Rug 572","chad-rug-572","chad-rug-572","chad-rug-572","Live title retained; live handle may be historic"
"8611140108611","Broadway Rug - 5296A","Broadway Rug - 5296A","Broadway Rug - 5296A","broadwayrug-5296a","broadwayrug-5296a","broadway-rug-5296a","Live title retained; live handle may be historic"
"8611139289411","Broadway Rug - 5293A","Broadway Rug - 5293A","Broadway Rug - 5293A","broadwayrug-5293a","broadwayrug-5293a","broadway-rug-5293a","Live title retained; live handle may be historic"
"8611138699587","Broadway Rug - 5185A","Broadway Rug - 5185A","Broadway Rug - 5185A","broadwayrug-5185a","broadwayrug-5185a","broadway-rug-5185a","Live title retained; live handle may be historic"
"8611138240835","Broadway Rug - 5182A","Broadway Rug - 5182A","Broadway Rug - 5182A","broadwayrug-5182a","broadwayrug-5182a","broadway-rug-5182a","Live title retained; live handle may be historic"
"8611137585475","Broadway Rug - 5008A","Broadway Rug - 5008A","Broadway Rug - 5008A","broadwayrug-5008a","broadwayrug-5008a","broadway-rug-5008a","Live title retained; live handle may be historic"
"8611136897347","Broadway Rug - 4950A","Broadway Rug - 4950A","Broadway Rug - 4950A","broadwayrug-4950a","broadwayrug-4950a","broadway-rug-4950a","Live title retained; live handle may be historic"
"8611136209219","Broadway Rug - 4945A","Broadway Rug - 4945A","Broadway Rug - 4945A","broadwayrug-4945a","broadwayrug-4945a","broadway-rug-4945a","Live title retained; live handle may be historic"
"8611134079299","Blaze Rug - Toupe Beige 03","Blaze Rug - Toupe Beige 03","Blaze Rug - Toupe Beige 03","blazerug-toupe-beige","blazerug-toupe-beige","blaze-rug-toupe-beige-03","Live title retained; live handle may be historic"
"8611133980995","Blaze Rug - Navy Blue 02","Blaze Rug - Navy Blue 02","Blaze Rug - Navy Blue 02","blazerug-navy-blue","blazerug-navy-blue","blaze-rug-navy-blue-02","Live title retained; live handle may be historic"
"8611133817155","Blaze Rug - Ivory Orange 01","Blaze Rug - Ivory Orange 01","Blaze Rug - Ivory Orange 01","blazerug-ivory-orange","blazerug-ivory-orange","blaze-rug-ivory-orange-01","Live title retained; live handle may be historic"
"8611133489475","Blaze Rug - Grey 04","Blaze Rug - Grey 04","Blaze Rug - Grey 04","blazerug-grey","blazerug-grey","blaze-rug-grey-04","Live title retained; live handle may be historic"
"8611132866883","Aspire Rug - 108","Aspire Rug - 108","Aspire Rug - 108","aspirerug-108","aspirerug-108","aspire-rug-108","Live title retained; live handle may be historic"
"8611132440899","Aspire Rug - 107","Aspire Rug - 107","Aspire Rug - 107","aspirerug-107","aspirerug-107","aspire-rug-107","Live title retained; live handle may be historic"
"8611132080451","Aspire Rug - 106","Aspire Rug - 106","Aspire Rug - 106","aspirerug-106","aspirerug-106","aspire-rug-106","Live title retained; live handle may be historic"
"8611131359555","Aspire Rug - 104","Aspire Rug - 104","Aspire Rug - 104","aspirerug-104","aspirerug-104","aspire-rug-104","Live title retained; live handle may be historic"
"8611131261251","Aspire Rug - Gold","Aspire Rug - Gold","Aspire Rug - Gold","aspirerug-103-gold","aspirerug-103-gold","aspire-rug-gold","Live title retained; live handle may be historic"
"8611131195715","Aspire Rug - Silver","Aspire Rug - Silver","Aspire Rug - Silver","aspirerug-102-silver","aspirerug-102-silver","aspire-rug-silver","Live title retained; live handle may be historic"
"8611131130179","Aspire Rug - Blue","Aspire Rug - Blue","Aspire Rug - Blue","aspirerug-101-blue","aspirerug-101-blue","aspire-rug-blue","Live title retained; live handle may be historic"
"8611130704195","Ashton Rug - Toupe Beige 02","Ashton Rug - Toupe Beige 02","Ashton Rug - Toupe Beige 02","ashtonrug-toupe-beige","ashtonrug-toupe-beige","ashton-rug-toupe-beige-02","Live title retained; live handle may be historic"
"8611130507587","Ashton Rug - Mustard Cream 04","Ashton Rug - Mustard Cream 04","Ashton Rug - Mustard Cream 04","ashtonrug-mustard-cream","ashtonrug-mustard-cream","ashton-rug-mustard-cream-04","Live title retained; live handle may be historic"
"8611130147139","Ashton Rug - Ivory Orange 01","Ashton Rug - Ivory Orange 01","Ashton Rug - Ivory Orange 01","ashtonrug-ivory-orange","ashtonrug-ivory-orange","ashton-rug-ivory-orange-01","Live title retained; live handle may be historic"
"8611129917763","Ashton Rug - Grey 05","Ashton Rug - Grey 05","Ashton Rug - Grey 05","ashtonrug-grey","ashtonrug-grey","ashton-rug-grey-05","Live title retained; live handle may be historic"
"8611129753923","Ashton Rug - Blue Navy 03","Ashton Rug - Blue Navy 03","Ashton Rug - Blue Navy 03","ashtonrug-blue-navy","ashtonrug-blue-navy","ashton-rug-blue-navy-03","Live title retained; live handle may be historic"
"8611129622851","Asher Rug Grey-Red","Asher Rug Grey-Red","Asher Rug Grey-Red","asherrug-grey-red","asherrug-grey-red","asher-rug-grey-red","Live title retained; live handle may be historic"
"8611129360707","Asher Rug Grey-Mustard","Asher Rug Grey-Mustard","Asher Rug Grey-Mustard","asherrug-grey-mustard","asherrug-grey-mustard","asher-rug-grey-mustard","Live title retained; live handle may be historic"
"8611129000259","Asher Rug Grey-Beige","Asher Rug Grey-Beige","Asher Rug Grey-Beige","asherrug-grey-beige","asherrug-grey-beige","asher-rug-grey-beige","Live title retained; live handle may be historic"
"8611128770883","Alisa Rug - Grey Black","Alisa Rug - Grey Black","Alisa Rug - Grey Black","alisarug-grey-black","alisarug-grey-black","alisa-rug-grey-black","Live title retained; live handle may be historic"
"8611128607043","Alisa Rug - Dark Grey Black","Alisa Rug - Dark Grey Black","Alisa Rug - Dark Grey Black","alisarug-dark-grey-black","alisarug-dark-grey-black","alisa-rug-dark-grey-black","Live title retained; live handle may be historic"
"8611127820611","Alaska Rug 5 - 104 White","Alaska Rug 5 - 104 White","Alaska Rug 5 - 104 White","alaska-5","alaska-5","alaska-rug-5-104-white","Live title retained; live handle may be historic"
"8611127755075","Alaska Rug 4 - 108","Alaska Rug 4 - 108","Alaska Rug 4 - 108","alaska-4","alaska-4","alaska-rug-4-108","Live title retained; live handle may be historic"
"8611127624003","Alaska Rug 3 - 123A","Alaska Rug 3 - 123A","Alaska Rug 3 - 123A","alaska-3","alaska-3","alaska-rug-3-123a","Live title retained; live handle may be historic"
"8611127591235","Alaska Rug 2 - 104 Blue","Alaska Rug 2 - 104 Blue","Alaska Rug 2 - 104 Blue","alaska-2","alaska-2","alaska-rug-2-104-blue","Live title retained; live handle may be historic"
"8611127492931","Alaska Rug 1 - 115A","Alaska Rug 1 - 115A","Alaska Rug 1 - 115A","alaska-1","alaska-1","alaska-rug-1-115a","Live title retained; live handle may be historic"
"8611099410755","Accra Rug - Grey Lilac","Accra Rug - Grey Lilac","Accra Rug - Grey Lilac","accrarug-grey-lilac","accrarug-grey-lilac","accra-rug-grey-lilac","Live title retained; live handle may be historic"
"8611099312451","Accra Rug - Grey Gold","Accra Rug - Grey Gold","Accra Rug - Grey Gold","accrarug-grey-gold","accrarug-grey-gold","accra-rug-grey-gold","Live title retained; live handle may be historic"
"8611099148611","Accra Rug - Grey Black","Accra Rug - Grey Black","Accra Rug - Grey Black","accrarug-grey-black","accrarug-grey-black","accra-rug-grey-black","Live title retained; live handle may be historic"
"8611099083075","Accra Rug - Cream Red","Accra Rug - Cream Red","Accra Rug - Cream Red","accrarug-cream-red","accrarug-cream-red","accra-rug-cream-red","Live title retained; live handle may be historic"
"8361295315267","Ortho Guest Bed with trundle / 2 Mattresses FE","Ortho Guest Bed with trundle / 2 Mattresses FE","Ortho Guest Bed with trundle / 2 Mattresses FE","president-bed-with-trundle","president-bed-with-trundle","ortho-guest-bed-with-trundle-2-mattresses-fe","Live title retained; live handle may be historic"
"7777741799611","Toronto Sliding Wardrobe BR","Toronto Sliding Wardrobe BR","Toronto Sliding Wardrobe BR","toronto-sliding-wardrobe-2-03","toronto-sliding-wardrobe-2-03","toronto-sliding-wardrobe-br","Live title retained; live handle may be historic"
"7755757027515","Max Sofa Bed BRE","Max Sofa Bed BRE","Max Sofa Bed","max-sofa-bed","max-sofa-bed","max-sofa-bed","Live title retained; live handle may be historic"
"7755736285371","Paradise Mattress - G05 - GI","Paradise Mattress - G05 - GI","Paradise Mattress - G05","paradise-mattress-g05","paradise-mattress-g05","paradise-mattress-g05","Live title retained; live handle may be historic"
"7755733631163","Aloe Vera G02 - GI","Aloe Vera G02 - GI","Aloe Vera G02","aloe-vera-g02","aloe-vera-g02","aloe-vera-g02","Live title retained; live handle may be historic"
"7744478052539","Kensington Bed Frame - IM","Kensington Bed Frame - IM","Kensington Bed Frame","chelsea-bedframe","chelsea-bedframe","kensington-bed-frame","Live title retained; live handle may be historic"
"7674884096187","Columbia Table & Chairs - HJ","Columbia Table & Chairs - HJ","Columbia Table & Chairs","columbia-charcoal-set","columbia-charcoal-set","columbia-table-and-chairs","Live title retained; live handle may be historic"
"7674868564155","CHANTELLE CAPPUCCINO SET - HJ","CHANTELLE CAPPUCCINO SET - HJ","Chantelle Cappuccino Set","chantelle-modern-dining-set-extendable-table","chantelle-modern-dining-set-extendable-table","chantelle-cappuccino-set","Live title retained; live handle may be historic"
"7466781868219","Denmark Sliding Wardrobe DE","Denmark Sliding Wardrobe DE","Denmark Sliding Wardrobe","denmark-sliding-wardrobe","denmark-sliding-wardrobe","denmark-sliding-wardrobe","Live title retained; live handle may be historic"
"7418400243899","Lagan 5 Drawer Chest HB","Lagan 5 Drawer Chest HB","Lagan 5 Drawer Chest HB","lagan-7-drawer-chest","lagan-7-drawer-chest","lagan-5-drawer-chest-hb","Live title retained; live handle may be historic"
"7413474492603","Lagan Bed Frame HB","Lagan Bed Frame HB","Lagan Bed Frame HB","lagan-bedframe","lagan-bedframe","lagan-bed-frame-hb","Live title retained; live handle may be historic"
"6849249083579","Troy Study-Writing Desk - HJ","Troy Study-Writing Desk  - HJ","Troy Study-Writing Desk","troy-writing-desk","troy-writing-desk","troy-study-writing-desk","Demo differs from live; restored live title before requested cleanup"
"7083404198075","Staten TV Unit HJ","Staten TV Unit HJ","Staten TV Unit","staten-tv-unit","staten-tv-unit","staten-tv-unit","Live title retained; live handle may be historic"
"7081979674811","Troy Bookcase - HJ","Troy Bookcase - HJ","Troy Bookcase","troy-bookcase","troy-bookcase","troy-bookcase","Live title retained; live handle may be historic"
"7051384455355","Home Trend's Furniture Gift Voucher","Home Trend's Furniture Gift Voucher","Home Trends Furniture Gift Voucher","home-trends-furniture-gift-voucher","home-trends-furniture-gift-voucher","home-trends-furniture-gift-voucher","Live title retained; live handle may be historic"
"7048497660091","Polly Storage Bed Frame DI","Polly Storage Bed Frame DI","Polly Storage Bed Frame DI","poly-bedframe","poly-bedframe","polly-storage-bed-frame-di","Live title retained; live handle may be historic"
"7048490713275","Lola Storage Bed Frame DI","Lola Storage Bed Frame DI","Lola Storage Bed Frame DI","lola-bedframe","lola-bedframe","lola-storage-bed-frame-di","Live title retained; live handle may be historic"
"7048486781115","Mayfair Wingback Storage Bed Frame DD","Mayfair Wingback Storage Bed Frame DD","Mayfair Wingback Storage Bed Frame DD","mayfair-wingback","mayfair-wingback","mayfair-wingback-storage-bed-frame-dd","Live title retained; live handle may be historic"
"7048482750651","Chiswick Storage Bed Frame DD","Chiswick Storage Bed Frame DD","Chiswick Storage Bed Frame DD","chiswick-bedframe","chiswick-bedframe","chiswick-storage-bed-frame-dd","Live title retained; live handle may be historic"
"7019219419323","Roma 27“ Headboard AJ","Roma 27“ Headboard AJ","Roma 27“ Headboard AJ","roma-27-headboard","roma-27-headboard","roma-27-headboard-aj","Live title retained; live handle may be historic"
"7019205558459","Panel 27"" Headboard AJ","Panel 27"" Headboard AJ","Panel 27"" Headboard AJ","deep-panel-27-headboard","deep-panel-27-headboard","panel-27-headboard-aj","Live title retained; live handle may be historic"
"7019191009467","Button Top 27"" Headboard","Button Top 27"" Headboard","Button Top 27"" Headboard","button-top-27-headboard","button-top-27-headboard","button-top-27-headboard","Live title retained; live handle may be historic"
"7016713978043","Button Top 27"" Headboard & Base","Button Top 27"" Headboard & Base","Button Top 27"" Headboard & Base","button-top-27-headboard-base","button-top-27-headboard-base","button-top-27-headboard-and-base","Live title retained; live handle may be historic"
"7019043782843","Deep Panel 27"" Headboard & Base AJ","Deep Panel 27"" Headboard & Base AJ","Deep Panel 27"" Headboard & Base AJ","deep-panel-27-headboard-base","deep-panel-27-headboard-base","deep-panel-27-headboard-and-base-aj","Live title retained; live handle may be historic"
"7019010425019","","Button Top 27"" Headboard & Base (4 Drawer or Jumbo Drawer)","Button Top 27"" Headboard & Base (4 Drawer or Jumbo Drawer)","","button-top-27-headboard-base-4-drawer-or-jumbo-drawer","button-top-27-headboard-and-base-4-drawer-or-jumbo-drawer","New live product"
"7016711356603","Clara Headboard & Base","Clara Headboard & Base","Clara Headboard & Base","malaga-27-headboard-base","malaga-27-headboard-base","clara-headboard-and-base","Live title retained; live handle may be historic"
"7018779967675","Band 27"" Headboard & Base with Drawer AJ","Band 27"" Headboard & Base with Drawer AJ","Band 27"" Headboard & Base with Drawer AJ","band-style-headboard-base-1-or-2-drawer","band-style-headboard-base-1-or-2-drawer","band-27-headboard-and-base-with-drawer-aj","Live title retained; live handle may be historic"
"7016535785659","","Band 27"" Headboard & Base AJ","Band 27"" Headboard & Base AJ","","band-style-headboard-base","band-27-headboard-and-base-aj","New live product"
"7009924382907","Boston Sliding Wardrobe - DE","Boston Sliding Wardrobe - DE","Boston Sliding Wardrobe","boston-sliding-wardrobe","boston-sliding-wardrobe","boston-sliding-wardrobe","Live title retained; live handle may be historic"
"7009888370875","Cuba Sliding Wardrobe DE","Cuba Sliding Wardrobe DE","Cuba Sliding Wardrobe","cuba-sliding-wardrobe-1","cuba-sliding-wardrobe-1","cuba-sliding-wardrobe","Live title retained; live handle may be historic"
"7001241911483","","Opal 6ft Mattress","Opal 6ft Mattress","","opal-6ft-mattress","opal-6ft-mattress","New live product"
"7001241223355","","Opal 5ft Mattress","Opal 5ft Mattress","","opal-5ft-mattress","opal-5ft-mattress","New live product"
"7001240109243","Opal Mattress","Opal 4ft6 Mattress","Opal 4ft6 Mattress","opal-4ft6-mattress","opal-4ft6-mattress","opal-4ft6-mattress","Demo differs from live; restored live title before requested cleanup"
"7001239552187","","Opal 4ft Mattress","Opal 4ft Mattress","","opal-4ft-mattress","opal-4ft-mattress","New live product"
"7001238700219","","Opal 3ft Mattress","Opal 3ft Mattress","","opal-3ft-mattress","opal-3ft-mattress","New live product"
"7001216647355","Madrid Mattress","Madrid Mattress","Madrid Mattress","madrid-3ft-mattress","madrid-3ft-mattress","madrid-mattress","Live title retained; live handle may be historic"
"7001167659195","Royal Coil Luxury Opulence Mattress","Royal Coil Luxury Opulence Mattress","Royal Coil Luxury Opulence Mattress","royal-coil-luxury-opulence-mattress","royal-coil-luxury-opulence-mattress","royal-coil-luxury-opulence-mattress","Live title retained; live handle may be historic"
"6999852318907","Royal Coil Superb Mattress","Royal Coil Superb Mattress","Royal Coil Superb Mattress","royal-coil-high-end-superb-mattress","royal-coil-high-end-superb-mattress","royal-coil-superb-mattress","Live title retained; live handle may be historic"
"6999784882363","Royal Coil Supreme Mattress","Royal Coil Supreme Mattress","Royal Coil Supreme Mattress","royal-coil-high-end-supreme-6ftft-mattress","royal-coil-high-end-supreme-6ftft-mattress","royal-coil-supreme-mattress","Live title retained; live handle may be historic"
"6965137473723","Oscar Slatted Bed GA","Oscar Slatted Bed GA","Oscar Slatted Bed","oscar-slatted-bed","oscar-slatted-bed","oscar-slatted-bed","Live title retained; live handle may be historic"
"6967481073851","Vicenza Lamp Table GA","Vicenza Lamp Table GA","Vicenza Lamp Table","vicenza-lamp-table","vicenza-lamp-table","vicenza-lamp-table","Live title retained; live handle may be historic"
"6967476912315","Vicenza Console Table GA","Vicenza Console Table GA","Vicenza Console Table","vicenza-console-table","vicenza-console-table","vicenza-console-table","Live title retained; live handle may be historic"
"6967421862075","Vicenza 1.6 Metre Fixed Table Light Grey GA","Vicenza 1.6 Metre Fixed Table Light Grey GA","Vicenza 1.6 Metre Fixed Table Light Grey","vicenza-1-6-metre-fixed-table","vicenza-1-6-metre-fixed-table","vicenza-1-6-metre-fixed-table-light-grey","Live title retained; live handle may be historic"
"6967397253307","Vicenza 1.6 Metre Extension Table GA","Vicenza 1.6 Metre Extension Table GA","Vicenza 1.6 Metre Extension Table","vicenza-1-6-metre-extension-table","vicenza-1-6-metre-extension-table","vicenza-1-6-metre-extension-table","Live title retained; live handle may be historic"
"6967357112507","Verona Coffee Table GA","Verona Coffee Table GA","Verona Coffee Table","verona-coffee-table","verona-coffee-table","verona-coffee-table","Live title retained; live handle may be historic"
"6967173316795","Talia Velvet Chair GA","Talia Velvet Chair GA","Talia Velvet Chair","talia-velvet-chair","talia-velvet-chair","talia-velvet-chair","Live title retained; live handle may be historic"
"6967168237755","Salou Curved Bed GA","Salou Curved Bed GA","Salou Curved Bed","salou-curved-bed","salou-curved-bed","salou-curved-bed","Live title retained; live handle may be historic"
"6967162142907","Salou 3 Drawer Locker GA","Salou 3 Drawer Locker GA","Salou 3 Drawer Locker","salou-3-drawer-locker","salou-3-drawer-locker","salou-3-drawer-locker","Live title retained; live handle may be historic"
"6965603139771","Rimini Chair PU GA","Rimini Chair PU GA","Rimini Chair PU","rimini-chair-pu","rimini-chair-pu","rimini-chair-pu","Live title retained; live handle may be historic"
"6965228044475","Oscar Small Bookcase GA","Oscar Small Bookcase GA","Oscar Small Bookcase","oscar-small-bookcase","oscar-small-bookcase","oscar-small-bookcase","Live title retained; live handle may be historic"
"6965199700155","Oscar Coffee Table GA","Oscar Coffee Table GA","Oscar Coffee Table","oscar-large-coffee-table","oscar-large-coffee-table","oscar-coffee-table-700155","Live title retained; live handle may be historic"
"6965196554427","Oscar Coffee Table with drawer GA","Oscar Coffee Table with drawer GA","Oscar Coffee Table with drawer","oscar-large-1-drawer-coffee-table","oscar-large-1-drawer-coffee-table","oscar-coffee-table-with-drawer","Live title retained; live handle may be historic"
"6965169488059","Oscar Double Display Cabinet GA","Oscar Double Display Cabinet GA","Oscar Double Display Cabinet","oscar-double-display-cabinet","oscar-double-display-cabinet","oscar-double-display-cabinet","Live title retained; live handle may be historic"
"6965168275643","Oscar Corner TV Unit GA","Oscar Corner TV Unit GA","Oscar Corner TV Unit","oscar-corner-tv-unit","oscar-corner-tv-unit","oscar-corner-tv-unit","Live title retained; live handle may be historic"
"6965167653051","Oscar Coffee Table GA","Oscar Coffee Table GA","Oscar Coffee Table","oscar-coffee-table","oscar-coffee-table","oscar-coffee-table","Live title retained; live handle may be historic"
"6965156020411","Oscar 3 Door 3 Drawer Sideboard GA","Oscar 3 Door 3 Drawer Sideboard GA","Oscar 3 Door 3 Drawer Sideboard","oscar-3-door-3-drawer-sideboard","oscar-3-door-3-drawer-sideboard","oscar-3-door-3-drawer-sideboard","Live title retained; live handle may be historic"
"6965154742459","Oscar 2 Drawer Console Table GA","Oscar 2 Drawer Console Table GA","Oscar 2 Drawer Console Table","oscar-2-drawer-console-table","oscar-2-drawer-console-table","oscar-2-drawer-console-table","Live title retained; live handle may be historic"
"6965153956027","Oscar 2 Door 2 Drawer Sideboard GA","Oscar 2 Door 2 Drawer Sideboard GA","Oscar 2 Door 2 Drawer Sideboard","oscar-2-door-2-drawer-sideboard","oscar-2-door-2-drawer-sideboard","oscar-2-door-2-drawer-sideboard","Live title retained; live handle may be historic"
"6965141340347","Oscar Double Wardrobe With Drawers GA","Oscar Double Wardrobe With Drawers GA","Oscar Double Wardrobe With Drawers","oscar-double-wardrobe-with-drawers","oscar-double-wardrobe-with-drawers","oscar-double-wardrobe-with-drawers","Live title retained; live handle may be historic"
"6965140619451","Oscar 6 Drawer Wide Chest GA","Oscar 6 Drawer Wide Chest GA","Oscar 6 Drawer Wide Chest","oscar-6-drawer-wide-chest","oscar-6-drawer-wide-chest","oscar-6-drawer-wide-chest","Live title retained; live handle may be historic"
"6965135802555","Oscar Curved Bed GA","Oscar Curved Bed GA","Oscar Curved Bed","oscar-3ft-curved-bed","oscar-3ft-curved-bed","oscar-curved-bed","Live title retained; live handle may be historic"
"6965133181115","Oscar 3 Drawer Locker GA","Oscar 3 Drawer Locker GA","Oscar 3 Drawer Locker","oscar-3-drawer-locker","oscar-3-drawer-locker","oscar-3-drawer-locker","Live title retained; live handle may be historic"
"6965124366523","Munich Round Nest of Tables GA","Munich Round Nest of Tables GA","Munich Round Nest of Tables","munich-round-nest-of-tables","munich-round-nest-of-tables","munich-round-nest-of-tables","Live title retained; live handle may be historic"
"6965087469755","Munich Lamp Table GA","Munich Lamp Table GA","Munich Lamp Table","munich-lamp-table","munich-lamp-table","munich-lamp-table","Live title retained; live handle may be historic"
"6965086617787","Munich Coffee Table GA","Munich Coffee Table GA","Munich Coffee Table","munich-coffee-table","munich-coffee-table","munich-coffee-table","Live title retained; live handle may be historic"
"6963916013755","Milan Lamp Table GA","Milan Lamp Table GA","Milan Lamp Table","milan-lamp-table","milan-lamp-table","milan-lamp-table","Live title retained; live handle may be historic"
"6963914932411","Milan Console Table GA","Milan Console Table GA","Milan Console Table","milan-console-table","milan-console-table","milan-console-table","Live title retained; live handle may be historic"
"6963914014907","Milan Coffee Table GA","Milan Coffee Table GA","Milan Coffee Table","milan-coffee-table","milan-coffee-table","milan-coffee-table","Live title retained; live handle may be historic"
"6958399815867","London Bed Frame GA","London Bed Frame GA","London Bed Frame","london-bedframe","london-bedframe","london-bed-frame","Live title retained; live handle may be historic"
"6958364229819","Kylie Bed Frame GA","Kylie Bed Frame GA","Kylie Bed Frame","kylie-light-bed","kylie-light-bed","kylie-bed-frame","Live title retained; live handle may be historic"
"6958362427579","Kylie Double Wardrobe GA","Kylie Double Wardrobe GA","Kylie Double Wardrobe","kylie-double-wardrobe","kylie-double-wardrobe","kylie-double-wardrobe","Live title retained; live handle may be historic"
"6958361215163","Kylie Bedside Locker GA","Kylie Bedside Locker GA","Kylie Bedside Locker","kylie-bedside-locker","kylie-bedside-locker","kylie-bedside-locker","Live title retained; live handle may be historic"
"6954531586235","Infinity Coffee Table GA","Infinity Coffee Table GA","Infinity Coffee Table","infinity-coffee-table","infinity-coffee-table","infinity-coffee-table","Live title retained; live handle may be historic"
"6954476535995","Hanna Slatted Bed GA","Hanna Slatted Bed GA","Hanna Slatted Bed","hanna-slatted-bed","hanna-slatted-bed","hanna-slatted-bed","Live title retained; live handle may be historic"
"6953243148475","Fredrik Lamp Table GA","Fredrik Lamp Table GA","Fredrik Lamp Table","fredrik-lamp-table","fredrik-lamp-table","fredrik-lamp-table","Live title retained; live handle may be historic"
"6952973893819","Fredrik Desk (Flatpack) GA","Fredrik Desk (Flatpack) GA","Fredrik Desk (Flatpack)","fredrik-desk-flatpack","fredrik-desk-flatpack","fredrik-desk-flatpack","Live title retained; live handle may be historic"
"6949888852155","Delta Oak Bed GA","Delta Oak Bed GA","Delta Oak Bed","delta-oak-bed","delta-oak-bed","delta-oak-bed","Live title retained; live handle may be historic"
"6949884559547","Delta Oak 3+4 Drawer Wide Chest GA","Delta Oak 3+4 Drawer Wide Chest GA","Delta Oak 3+4 Drawer Wide Chest","delta-oak-3-4-drawer-wide-chest","delta-oak-3-4-drawer-wide-chest","delta-oak-3-4-drawer-wide-chest","Live title retained; live handle may be historic"
"6949868470459","Delta Oak 3+4 Drawer Tall Chest GA","Delta Oak 3+4 Drawer Tall Chest GA","Delta Oak 3+4 Drawer Tall Chest","delta-oak-3-4-drawer-tall-chest","delta-oak-3-4-drawer-tall-chest","delta-oak-3-4-drawer-tall-chest","Live title retained; live handle may be historic"
"6947240542395","Daniella Bed GA","Daniella Bed GA","Daniella Bed","daniella-bed","daniella-bed","daniella-bed","Live title retained; live handle may be historic"
"6945740226747","Bella Double Wardrobe with Drawer GA","Bella Double Wardrobe with Drawer GA","Bella Double Wardrobe with Drawer","bella-double-wardrobe-with-drawer","bella-double-wardrobe-with-drawer","bella-double-wardrobe-with-drawer","Live title retained; live handle may be historic"
"6945737048251","Bella Bed GA","Bella Bed GA","Bella Bed","bella-bed","bella-bed","bella-bed","Live title retained; live handle may be historic"
"6945718665403","Bamberg Chair Dark Grey GA","Bamberg Chair Dark Grey GA","Bamberg Chair Dark Grey","bamberg-dark-grey-dining-chair","bamberg-dark-grey-dining-chair","bamberg-chair-dark-grey","Live title retained; live handle may be historic"
"6945713258683","Alana Slatted Bed GA","Alana Slatted Bed GA","Alana Slatted Bed","alana-slatted-bed","alana-slatted-bed","alana-slatted-bed","Live title retained; live handle may be historic"
"6945700151483","Aintree Bed GA","Aintree Bed GA","Aintree Bed","aintree-bed","aintree-bed","aintree-bed","Live title retained; live handle may be historic"
"6945698873531","Aintree 3+2 Drawer Chest GA","Aintree 3+2 Drawer Chest GA","Aintree 3+2 Drawer Chest","aintree-3-2-drawer-chest","aintree-3-2-drawer-chest","aintree-3-2-drawer-chest","Live title retained; live handle may be historic"
"6938831847611","Frankfurt Lamp Table - HJ","Frankfurt Lamp Table - HJ","Frankfurt Lamp Table","frankfurt-lamp-table","frankfurt-lamp-table","frankfurt-lamp-table","Live title retained; live handle may be historic"
"6921613770939","Hollie Triple Bunk Bed HJ","Hollie Triple Bunk Bed HJ","Hollie Triple Bunk Bed","triple-bunk-bed","triple-bunk-bed","hollie-triple-bunk-bed","Live title retained; live handle may be historic"
"6921598599355","Eric Corner Bunk - HJ","Eric Corner Bunk - HJ","Eric Corner Bunk","eric-corner-bunk","eric-corner-bunk","eric-corner-bunk","Live title retained; live handle may be historic"
"6921593422011","Cassie Bunk Bed HJ","Cassie Bunk Bed HJ","Cassie Bunk Bed","cassie-bunk-bed","cassie-bunk-bed","cassie-bunk-bed","Live title retained; live handle may be historic"
"6921471983803","Robson Bed Frame - HJ","Robson Bed Frame - HJ","Robson Bed Frame","robson-bedframe-1","robson-bedframe-1","robson-bed-frame","Live title retained; live handle may be historic"
"6847046254779","Columbia Oak Dining Set - HJ","Columbia Oak Dining Set - HJ","Columbia Oak Dining Set","columbia-oak-dining-set","columbia-oak-dining-set","columbia-oak-dining-set","Live title retained; live handle may be historic"
"6847023710395","Alicante Dining Set - HJ","Alicante Dining Set - HJ","Alicante Dining Set","alicante-dining-set","alicante-dining-set","alicante-dining-set","Live title retained; live handle may be historic"
"6884152082619","Roxy 2 Seater Sofa - IM","Roxy 2 Seater Sofa - IM","Roxy 2 Seater Sofa","roxy-2-seater-sofa","roxy-2-seater-sofa","roxy-2-seater-sofa","Live title retained; live handle may be historic"
"6849575846075","Sarah Black PU Office Chair - HJ","Sarah Black PU Office Chair - HJ","Sarah Black PU Office Chair","sarah-office-chair","sarah-office-chair","sarah-black-pu-office-chair","Live title retained; live handle may be historic"
"6849245184187","Oak Writing Desk with Drawers - HJ","Oak Writing Desk with Drawers - HJ","Oak Writing Desk with Drawers","oak-writing-desk-with-drawers","oak-writing-desk-with-drawers","oak-writing-desk-with-drawers","Live title retained; live handle may be historic"
"6849242333371","Gina Writing Desk - HJ","Gina Writing Desk - HJ","Gina Writing Desk","gine-writing-desk","gine-writing-desk","gina-writing-desk","Live title retained; live handle may be historic"
"6849201602747","Staten Console Table - HJ","Staten Console Table - HJ","Staten Console Table","staten-coffee-table-1","staten-coffee-table-1","staten-console-table","Live title retained; live handle may be historic"
"6849200586939","Staten Coffee Table - HJ","Staten Coffee Table - HJ","Staten Coffee Table","staten-coffee-table","staten-coffee-table","staten-coffee-table","Live title retained; live handle may be historic"
"6849188626619","Manhattan Coffee Table - HJ","Manhattan Coffee Table - HJ","Manhattan Coffee Table","manhattan-coffee-table","manhattan-coffee-table","manhattan-coffee-table","Live title retained; live handle may be historic"
"6849185218747","Manhattan Lamp Table - HJ","Manhattan Lamp Table - HJ","Manhattan Lamp Table","manhattan-lamp-table","manhattan-lamp-table","manhattan-lamp-table","Live title retained; live handle may be historic"
"6849171914939","Manhattan Console Table - HJ","Manhattan Console Table - HJ","Manhattan Console Table","manhattan-console-table","manhattan-console-table","manhattan-console-table","Live title retained; live handle may be historic"
"6849101299899","Boston Coffee Table - HJ","Boston Coffee Table - HJ","Boston Coffee Table","boston-coffee-table","boston-coffee-table","boston-coffee-table","Live title retained; live handle may be historic"
"6847396577467","Thames Extending Dining Set - HJ","Thames Extending Dining Set - HJ","Thames Extending Dining Set","thames-extending-dining-set","thames-extending-dining-set","thames-extending-dining-set","Live title retained; live handle may be historic"
"6847291392187","Rochester Dining Set - HJ","Rochester Dining Set - HJ","Rochester Dining Set","rochester-dining-set","rochester-dining-set","rochester-dining-set","Live title retained; live handle may be historic"
"6847271108795","Nappa Grey & Oak Dining Set with Bench - HJ","Nappa Grey & Oak Dining Set with Bench - HJ","Nappa Grey & Oak Dining Set with Bench","nappa-grey-oak-dining-set-with-bench","nappa-grey-oak-dining-set-with-bench","nappa-grey-and-oak-dining-set-with-bench","Live title retained; live handle may be historic"
"6847184371899","Hampshire Grey Dining Set - HJ","Hampshire Grey Dining Set - HJ","Hampshire Grey Dining Set","hampshire-grey-dining-set","hampshire-grey-dining-set","hampshire-grey-dining-set","Live title retained; live handle may be historic"
"6847124570299","Galina Dining Set - HJ","Galina Dining Set - HJ","Galina Dining Set","galina-dining-set","galina-dining-set","galina-dining-set","Live title retained; live handle may be historic"
"6847052447931","Dropleaf Dining Set - HJ","Dropleaf Dining Set - HJ","Dropleaf Dining Set","dropleaf-dining-set","dropleaf-dining-set","dropleaf-dining-set","Live title retained; live handle may be historic"
"6847028134075","Bolton Dining Set - HJ","Bolton Dining Set - HJ","Bolton Dining Set","bolton-dining-set","bolton-dining-set","bolton-dining-set","Live title retained; live handle may be historic"
"6828614811835","Cassie Bed Frame HJ","Cassie Bed Frame HJ","Cassie Bed Frame","cassie-bed","cassie-bed","cassie-bed-frame","Live title retained; live handle may be historic"
"6819445276859","Quilted Bean Bag - IM","Quilted Bean Bag - IM","Quilted Bean Bag","quilted-bean-bag","quilted-bean-bag","quilted-bean-bag","Live title retained; live handle may be historic"
"6819444228283","Kid's Recliner With Cupholder - IM","Kid's Recliner With Cupholder - IM","Kid's Recliner With Cupholder","kids-recliner-w-cupholder","kids-recliner-w-cupholder","kids-recliner-with-cupholder","Live title retained; live handle may be historic"
"6819411296443","Lynn Accent Chair - IM","Lynn Accent Chair - IM","Lynn Accent Chair","lynn-accent-chair","lynn-accent-chair","lynn-accent-chair","Live title retained; live handle may be historic"
"6819410346171","Kenmare Chair & Footstool - IM","Kenmare Chair & Footstool - IM","Kenmare Chair & Footstool","kenmare-chair-footstool","kenmare-chair-footstool","kenmare-chair-and-footstool","Live title retained; live handle may be historic"
"6819410018491","Kirkby Sofa Bed - IM","Kirkby Sofa Bed - IM","Kirkby Sofa Bed","kirkby-sofa-bed-curved-arm","kirkby-sofa-bed-curved-arm","kirkby-sofa-bed","Live title retained; live handle may be historic"
"6815460786363","Emily Patchwork Cube - IM","Emily Patchwork Cube - IM","Emily Patchwork Cube","emily-patchwork-cube","emily-patchwork-cube","emily-patchwork-cube","Live title retained; live handle may be historic"
"6815460720827","Annah Linen Patchwork Chair Multicolour - IM","Annah Linen Patchwork Chair Multicolour - IM","Annah Linen Patchwork Chair Multicolour","annah-linen-patchwork-chair","annah-linen-patchwork-chair","annah-linen-patchwork-chair-multicolour","Live title retained; live handle may be historic"
