id,title,old_price,live_price,old_compare,live_compare,action,availability
"15401114239299","Tucker Sofa Bed IM","349","349.00","449","449.00","retain live compare-at","Showroom stock and lead time not supplied"
"8794723549507","Horizontal Wall Beds AL","1899","1899.00","2399","2399.00","retain live compare-at","Showroom stock and lead time not supplied"
"15390796513603","Scottsboro Full Foam Sofa Bed - IM","1549","1549.00","1899","1899.00","retain live compare-at","Showroom stock and lead time not supplied"
"15390769905987","Arga Sofa Bed - IM","399","399.00","699","699.00","retain live compare-at","Showroom stock and lead time not supplied"
"15369388196163","Viera bedframe","599","599.00","699","699.00","retain live compare-at","Showroom stock and lead time not supplied"
"15369386754371","Antrim bedframe","349","349.00","699","699.00","retain live compare-at","Showroom stock and lead time not supplied"
"15369376891203","Waterford bedframe","399","399.00","699","699.00","retain live compare-at","Showroom stock and lead time not supplied"
"15369361916227","Donegal Ottoman Storage Bed","699","699.00","849","849.00","retain live compare-at","Showroom stock and lead time not supplied"
"15369135391043","Clifften Ottoman Storage Bed","699","699.00","899","899.00","retain live compare-at","Showroom stock and lead time not supplied"
"15369130770755","New York Storage Bed","799","799.00","1399","1399.00","retain live compare-at","Showroom stock and lead time not supplied"
"8611130868035","Aspire Rug - Coral","99","99.00","179","179.00","retain live compare-at","Showroom stock and lead time not supplied"
"8612243767619","Kilkenny Grey Locker-GI","199","199.00","249","249.00","retain live compare-at","Showroom stock and lead time not supplied"
"8612244029763","Kilkenny Mink Locker-GI","199","199.00","","","remove empty compare-at","Showroom stock and lead time not supplied"
"8612246618435","R60-M GI","159","159.00","199","199.00","retain live compare-at","Showroom stock and lead time not supplied"
"8361262252355","ROISIN 2 SEATER SOFA BED HT","799","799.00","1099","1099.00","retain live compare-at","Showroom stock and lead time not supplied"
"15362542960963","Malta Suite - GIE","1599","1599.00","2589","2589.00","retain live compare-at","Showroom stock and lead time not supplied"
"8699020738883","Natural Sleep Origin Restore Mattress","349","349.00","459","459.00","retain live compare-at","Showroom stock and lead time not supplied"
"8699017789763","Natural Sleep Origin Hibernate Mattress","349","349.00","499","499.00","retain live compare-at","Showroom stock and lead time not supplied"
"8704020152643","Natural Sleep Platinum Comfort Mattress","629","629.00","899","899.00","retain live compare-at","Showroom stock and lead time not supplied"
"8698292175171","Natural Sleep Nature's Touch Mattress","959","959.00","1299","1299.00","retain live compare-at","Showroom stock and lead time not supplied"
"8978708726083","Fredrik Bar Stools PU GA","169","169.00","249","249.00","retain live compare-at","Showroom stock and lead time not supplied"
"15335257899331","Frida Storage bed HB","499","499.00","699","699.00","retain live compare-at","Showroom stock and lead time not supplied"
"15334191497539","Cedar Wood 2 Drawer Locker","139","139.00","189","189.00","retain live compare-at","Showroom stock and lead time not supplied"
"15333210390851","Concept Vertical Wall Bed","1699","1699.00","2199","2199.00","retain live compare-at","Showroom stock and lead time not supplied"
"8798938235203","Vertical Wall Beds AL","1789","1789.00","2289","2289.00","retain live compare-at","Showroom stock and lead time not supplied"
"15310062715203","Aspen Corner Garden Furniture Set","1249","1249.00","2499","2499.00","retain live compare-at","Showroom stock and lead time not supplied"
"15298336194883","Elizabeth Ivory Metal Bed - 4'6","499","499.00","649","649.00","retain live compare-at","Showroom stock and lead time not supplied"
"15298328232259","Shannon Mattress","249","249.00","329","329.00","retain live compare-at","Showroom stock and lead time not supplied"
"9062542541123","Isra Console Table Marble GA","199","199.00","249","249.00","retain live compare-at","Showroom stock and lead time not supplied"
"9062545621315","Isra Lamp Table Marble GA","159","159.00","229","229.00","retain live compare-at","Showroom stock and lead time not supplied"
"15269849891139","Limerick Storage Bed","769","769.00","899","899.00","retain live compare-at","Showroom stock and lead time not supplied"
"15269847859523","Wicklow Storage Bed","627","627.00","849","849.00","retain live compare-at","Showroom stock and lead time not supplied"
"15265178321219","Sheraton Recliner Sofa Range","749","399.00","989","599.00","retain live compare-at","Showroom stock and lead time not supplied"
"15265177764163","Kerry Recliner Sofa Range","989","499.00","1299","649.00","retain live compare-at","Showroom stock and lead time not supplied"
"7674039828667","Taylor Patchwork Chair (original) - HJ","219","219.00","299","299.00","retain live compare-at","Showroom stock and lead time not supplied"
"8945405264195","Melissa Nest Table HJ","99","99.00","","","remove empty compare-at","Showroom stock and lead time not supplied"
"8612247929155","Sligo Gas Lift Bed-GI","649","649.00","899","899.00","retain live compare-at","Showroom stock and lead time not supplied"
"15239233339715","Carlow Beige Bed - GI","689","689.00","980","980.00","retain live compare-at","Showroom stock and lead time not supplied"
"8612243833155","Kilkenny Mink Bed-GI","559","559.00","899","899.00","retain live compare-at","Showroom stock and lead time not supplied"
"15233630798147","Metro Sofa Bed - JB","599","599.00","","","remove empty compare-at","Showroom stock and lead time not supplied"
"15149848953155","Turner Leisure Chair w/Footstool IM","399","399.00","499","499.00","retain live compare-at","Showroom stock and lead time not supplied"
"14875251671363","Malvern 2 Door Bedroom Range WS","569","569.00","699","699.00","retain live compare-at","Showroom stock and lead time not supplied"
"6847039537339","Chelsea Dining Set with Bench - HJ","899","899.00","1289","1289.00","retain live compare-at","Showroom stock and lead time not supplied"
"15121610637635","Ryder Reclining Chair Ash","649","649.00","799","799.00","retain live compare-at","Showroom stock and lead time not supplied"
"15121578131779","Sienna Reclining Chair w/ Phone Holder","599","599.00","679","679.00","retain live compare-at","Showroom stock and lead time not supplied"
"14884993237315","Zara Nest of Tables HB","169","169.00","249","249.00","retain live compare-at","Showroom stock and lead time not supplied"
"15111764672835","Nantes Accent Chair","329","329.00","449","449.00","retain live compare-at","Showroom stock and lead time not supplied"
"15111762870595","Talia Accent Chair","189","189.00","249","249.00","retain live compare-at","Showroom stock and lead time not supplied"
"15110009553219","Pearl Lounger Bean Bag Moss","149","149.00","199","199.00","retain live compare-at","Showroom stock and lead time not supplied"
"15110002999619","Oakley Loveseat","619","619.00","799","799.00","retain live compare-at","Showroom stock and lead time not supplied"
"15109996806467","Isla Swivel Recliner with Footstool","329","329.00","529","529.00","retain live compare-at","Showroom stock and lead time not supplied"
"15109982159171","Halton Lift and Rise + Massage Sofas IM","1479","1479.00","1699","1699.00","retain live compare-at","Showroom stock and lead time not supplied"
"15109961941315","Ebro Sofa Bed IM","499","499.00","649","649.00","retain live compare-at","Showroom stock and lead time not supplied"
"15109959680323","Bremen Sofas IM","749","749.00","","","remove empty compare-at","Showroom stock and lead time not supplied"
"14672691986755","Capri Bar Stool GA","149","149.00","249","249.00","retain live compare-at","Showroom stock and lead time not supplied"
"9087421317443","Opera Dining Chair GA","89","89.00","99","99.00","retain live compare-at","Showroom stock and lead time not supplied"
"9175124148547","James Dining Chair GA","249","249.00","299","299.00","retain live compare-at","Showroom stock and lead time not supplied"
"15062589997379","Tyrone Recliner Sofa McN","499","499.00","","","remove empty compare-at","Showroom stock and lead time not supplied"
"15062587277635","Waterloo Fabric Recliner Sofa","499","499.00","","","remove empty compare-at","Showroom stock and lead time not supplied"
"15062558179651","New York Mattress","499","499.00","","","remove empty compare-at","Showroom stock and lead time not supplied"
"15009128841539","Portland 3 Drawer Chest","129","129.00","179","179.00","retain live compare-at","Showroom stock and lead time not supplied"
"15006744150339","Portland 2 Drawer Bedside","79.99","79.99","149","149.00","retain live compare-at","Showroom stock and lead time not supplied"
"15006739366211","Portland 3+2 Drawer Chest","189","189.00","239","239.00","retain live compare-at","Showroom stock and lead time not supplied"
"14981849284931","Boston Corner Sofa Bed - Bren","899","899.00","1199","1199.00","retain live compare-at","Showroom stock and lead time not supplied"
"14978333573443","GD001 Mirror - GIE","156","156.00","229","229.00","retain live compare-at","Showroom stock and lead time not supplied"
"14978331705667","GD008 Mirror - GIE","189","189.00","279","279.00","retain live compare-at","Showroom stock and lead time not supplied"
"14978329215299","GD007 Mirror - GIE","179","179.00","259","259.00","retain live compare-at","Showroom stock and lead time not supplied"
"14978153251139","GD006 Mirror - GIE","169","169.00","239","239.00","retain live compare-at","Showroom stock and lead time not supplied"
"14978145354051","GD005 Mirror - GIE","156","156.00","239","239.00","retain live compare-at","Showroom stock and lead time not supplied"
"14978129461571","GD004 Mirror - GIE","156","156.00","229","229.00","retain live compare-at","Showroom stock and lead time not supplied"
"14978105508163","GD003 Mirror - GIE","169","169.00","249","249.00","retain live compare-at","Showroom stock and lead time not supplied"
"14957008126275","Stratford 3 Door Wardrobe","319","319.00","389","389.00","retain live compare-at","Showroom stock and lead time not supplied"
"14957006586179","Stratford 2 Door Wardrobe","239","239.00","299","299.00","retain live compare-at","Showroom stock and lead time not supplied"
"14957004456259","Stratford 3+2 Drawer Chest","255","255.00","299","299.00","retain live compare-at","Showroom stock and lead time not supplied"
"14957001769283","Stratford 3 Drawer Chest","189","189.00","229","229.00","retain live compare-at","Showroom stock and lead time not supplied"
"14957001605443","Stratford 3 Drawer Bedside","89","89.00","119","119.00","retain live compare-at","Showroom stock and lead time not supplied"
"14957000524099","Stratford 2 Drawer Console Table","149","149.00","199","199.00","retain live compare-at","Showroom stock and lead time not supplied"
"14956997050691","Stratford 2 Drawer Coffee Table","135","135.00","199","199.00","retain live compare-at","Showroom stock and lead time not supplied"
"14956989350211","Stratford 2 Door TV Unit WS","189","189.00","229","229.00","retain live compare-at","Showroom stock and lead time not supplied"
"14956986958147","Stratford 2 Door 2 Drawer Sideboard","274.99","274.99","299","299.00","retain live compare-at","Showroom stock and lead time not supplied"
"14956984205635","Stratford 1 Drawer Locker WS","89","89.00","119","119.00","retain live compare-at","Showroom stock and lead time not supplied"
"14952759492931","Modena led cheval arch - TL","189","189.00","229","229.00","retain live compare-at","Showroom stock and lead time not supplied"
"14952003633475","Raphael Sofa Bed - IM","1079","1079.00","1599","1599.00","retain live compare-at","Showroom stock and lead time not supplied"
"14952000192835","Corso Sofa Bed - IM","379","379.00","","","remove empty compare-at","Showroom stock and lead time not supplied"
"14951969194307","Cashel Mattress","499","499.00","","","remove empty compare-at","Showroom stock and lead time not supplied"
"14951953727811","Natural Sleep Deep Comfort Mattress","499","499.00","649","649.00","retain live compare-at","Showroom stock and lead time not supplied"
"14936655233347","Ottawa 1 Door 3 Drawear Side Table - WH","259","259.00","399","399.00","retain live compare-at","Showroom stock and lead time not supplied"
"14934737486147","Nadia Vanity Dressing Table with Drawers TA","399","399.00","499","499.00","retain live compare-at","Showroom stock and lead time not supplied"
"14934558441795","Hamilton Dining Table WS","209","209.00","299","299.00","retain live compare-at","Showroom stock and lead time not supplied"
"14934544843075","Orson Recliner Chair & Ottoman IM","499","499.00","859","859.00","retain live compare-at","Showroom stock and lead time not supplied"
"14934517547331","Nevada Vanity Table Set (White Gloss) WH","219","219.00","249","249.00","retain live compare-at","Showroom stock and lead time not supplied"
"14913347584323","Malvern 6 Drawer chest WS","199","199.00","249","249.00","retain live compare-at","Showroom stock and lead time not supplied"
"9135555969347","Perth Recliner IM","449","449.00","549","549.00","retain live compare-at","Showroom stock and lead time not supplied"
"8756826865987","Quebec Wave Edge Coffee Table Medium Oak Effect/Black - WH","99","99.00","199","199.00","retain live compare-at","Showroom stock and lead time not supplied"
"6965225816251","Oscar Small Bench GA","269","269.00","399","399.00","retain live compare-at","Showroom stock and lead time not supplied"
"8639647154499","Jack Lamp Table-GA","179","179.00","299","299.00","retain live compare-at","Showroom stock and lead time not supplied"
"8639646597443","Jack Coffee Table-GA","229","229.00","299","299.00","retain live compare-at","Showroom stock and lead time not supplied"
"8639645942083","Jack TV Unit-GA","389","389.00","499","499.00","retain live compare-at","Showroom stock and lead time not supplied"
"7019064524987","Roma 27“ Headboard & Base (2 Drawers) AJ","379","379.00","","","remove empty compare-at","Showroom stock and lead time not supplied"
"14887995965763","Ventura 3ft Metal Bunk Beds WS","369","369.00","499","499.00","retain live compare-at","Showroom stock and lead time not supplied"
"14887992459587","Brandon 3ft Metal Frame Bunk Bed WS","309","309.00","369","369.00","retain live compare-at","Showroom stock and lead time not supplied"
"9137613406531","Tandi Triple Sleeper Bunk Bed","359","359.00","499","499.00","retain live compare-at","Showroom stock and lead time not supplied"
"14887848739139","Neptune Triple Sleeper Bunk Bed Dark Grey/Oak Effect WS","549","549.00","699","699.00","retain live compare-at","Showroom stock and lead time not supplied"
"14887795392835","Neptune Triple Sleeper Bunk Bed White WS","549","549.00","699","699.00","retain live compare-at","Showroom stock and lead time not supplied"
"14887771472195","Neptune 3ft Bunk Bed Dark Grey/Oak Effect WS","429","429.00","499","499.00","retain live compare-at","Showroom stock and lead time not supplied"
"14887769735491","Neptune 3ft Bunk Bed White WS","429","429.00","499","499.00","retain live compare-at","Showroom stock and lead time not supplied"
"14885413257539","Prime Bed Range HB","199","199.00","249","249.00","retain live compare-at","Showroom stock and lead time not supplied"
"14885360861507","Rosa Grey Bedframe HB","439","439.00","","","remove empty compare-at","Showroom stock and lead time not supplied"
"14884205822275","Zoey 4 Door 2 Mirrored Wardrobe JB","1299","1299.00","1699","1699.00","retain live compare-at","Showroom stock and lead time not supplied"
"14884153065795","Voyager 3 Door 2 Drawer Wardrobe JB","599","599.00","899","899.00","retain live compare-at","Showroom stock and lead time not supplied"
"14884106961219","Sliderobe 2 Door 1 Mirror Wardrobe JB","699","699.00","1449","1449.00","retain live compare-at","Showroom stock and lead time not supplied"
"14884069474627","Stuttgart Sliding 2 Door 1 Mirror Wardrobe JB","999","999.00","1449","1449.00","retain live compare-at","Showroom stock and lead time not supplied"
"14884024418627","Stuttgart 3 Door Central Mirror Wardrobe JB","929","929.00","1399","1399.00","retain live compare-at","Showroom stock and lead time not supplied"
"14883964944707","Skyla 4 Door 2 Mirror Wardrobe JB","999","999.00","1499","1499.00","retain live compare-at","Showroom stock and lead time not supplied"
"14883964748099","Sevilla 2 Door 1 Mirror 2 Drawer Sliding Wardrobe Alpine White JB","1139","1139.00","1599","1599.00","retain live compare-at","Showroom stock and lead time not supplied"
"14878031413571","Oakland 5 Door 3 Mirror 2 Drawer Wardrobe 2.26m JB","1749","1749.00","2299","2299.00","retain live compare-at","Showroom stock and lead time not supplied"
"14878029054275","Monza 2 Door 1 Half Mirror Sliding Wardrobe 2.18 JB","999","999.00","1399","1399.00","retain live compare-at","Showroom stock and lead time not supplied"
"14878010310979","Monza 4 Door 2 Split Mirror Wardrobe 2.18m JB","999","999.00","1399","1399.00","retain live compare-at","Showroom stock and lead time not supplied"
"14877990486339","Mainz 4 Door 2 Mirror 2 Drawer Wardrobe Alpine White 1.8m JB","1049","1049.00","1499","1499.00","retain live compare-at","Showroom stock and lead time not supplied"
"14877971054915","Kronach Two Sliding Door Mirrored Wardrobe 2.25m JB","1099","1099.00","1499","1499.00","retain live compare-at","Showroom stock and lead time not supplied"
"14877951557955","Joel 2 Door 2 Mirror 2 Drawer Wardrobe Alpine White JB","799","799.00","845","845.00","retain live compare-at","Showroom stock and lead time not supplied"
"14877939794243","Imperial 3 door Sliding Wardrobe with Central Mirror 2.5m JB","1599","1599.00","2149","2149.00","retain live compare-at","Showroom stock and lead time not supplied"
"14877922492739","Fellbach Sliding 2 Door 2 1/2 Mirror Wardrobe JB","729","729.00","849","849.00","retain live compare-at","Showroom stock and lead time not supplied"
"14877911777603","Ellesse 4 Door 2 Mirror 2 Drawer Wardrobe JB","929","929.00","999","999.00","retain live compare-at","Showroom stock and lead time not supplied"
"14877882810691","Cadiz 2 Door 1 Mirror Sliding Wardrobe JB","949","949.00","1349","1349.00","retain live compare-at","Showroom stock and lead time not supplied"
"14877793845571","Belluno 2 Door 1 Mirror Sliding Wardrobe Artisan Oak JB","1399","1399.00","1849","1849.00","retain live compare-at","Showroom stock and lead time not supplied"
"14877687120195","Arnstein 3 Door 2 drawer 1 Central Mirror Wardrobe JB","689","689.00","749","749.00","retain live compare-at","Showroom stock and lead time not supplied"
"14877676634435","Arnstein 2 Door 1 Mirror 2 Drawer JB","529","529.00","599","599.00","retain live compare-at","Showroom stock and lead time not supplied"
"8985711083843","Colton 4’6 White Bed HJ","269","269.00","349","349.00","retain live compare-at","Showroom stock and lead time not supplied"
"14877567779139","Aalen 3 door 1 Mirror 6 Drawer Wardrobe 1.36m JB","699","699.00","","","remove empty compare-at","Showroom stock and lead time not supplied"
"14877468328259","Imperial Sliding Wardrobe JB","1199","1199.00","","","remove empty compare-at","Showroom stock and lead time not supplied"
"14875382219075","Nevada Mirrored 2 Door 1 Drawer Wardrobe White Gloss WS","289","289.00","349","349.00","retain live compare-at","Showroom stock and lead time not supplied"
"14875380908355","Nevada Mirrored 2 Door 1 Drawer Wardrobe Grey Gloss/Light Oak Effect WS","289","289.00","349","349.00","retain live compare-at","Showroom stock and lead time not supplied"
"9451307958595","Nevada 3+2 Drawer Chest (White Gloss) - WH","239","239.00","279","279.00","retain live compare-at","Showroom stock and lead time not supplied"
"14875313799491","Malvern 8 Drawer Chest WS","279","279.00","399","399.00","retain live compare-at","Showroom stock and lead time not supplied"
"14875304362307","Malvern 3 Door Wardrobe WS","319","319.00","449","449.00","retain live compare-at","Showroom stock and lead time not supplied"
"14875261960515","Malvern 2 door Wardrobe WS","219","219.00","299","299.00","retain live compare-at","Showroom stock and lead time not supplied"
"14875254587715","Malvern 3 door Bedroom Range WS","659","659.00","789","789.00","retain live compare-at","Showroom stock and lead time not supplied"
"14875244953923","Monaco Bedframe White WS","199","199.00","","","remove empty compare-at","Showroom stock and lead time not supplied"
"14671906537795","Monaco Bedframe Grey/Oak WS","199","199.00","","","remove empty compare-at","Showroom stock and lead time not supplied"
"8782132805955","Quebec Dining Chairs - WH","119","119.00","199","199.00","retain live compare-at","Showroom stock and lead time not supplied"
"14861160022339","Madison Ottoman Bed WS","499","499.00","549","549.00","retain live compare-at","Showroom stock and lead time not supplied"
"14861001818435","Amalfi 2 seater sofa WS","499","499.00","649","649.00","retain live compare-at","Showroom stock and lead time not supplied"
"14861001064771","Amalfi 1 seater sofa WS","299","299.00","389","389.00","retain live compare-at","Showroom stock and lead time not supplied"
"14835534397763","Nevada 6 Door 2 Drawer Mirrored Wardrobe (Grey Gloss/Light Oak Effect Veneer) WS","569.99","569.99","639.99","639.99","retain live compare-at","Showroom stock and lead time not supplied"
"9417586868547","Nevada 2 Door Corner Wardrobe (White Gloss) WH","469","469.00","549","549.00","retain live compare-at","Showroom stock and lead time not supplied"
"14741061009731","Chrissie Dining Set HJ","1399","1399.00","1599","1599.00","retain live compare-at","Showroom stock and lead time not supplied"
"14741058486595","Chrissie 2m Dining Table Set /w Bench HJ","1499","1499.00","1899","1899.00","retain live compare-at","Showroom stock and lead time not supplied"
"14741050949955","Chrissie Coffee Table HJ","229.99","229.99","299","299.00","retain live compare-at","Showroom stock and lead time not supplied"
"14741043183939","Chrissie Console Table HJ","199","199.00","249","249.00","retain live compare-at","Showroom stock and lead time not supplied"
"8612247273795","Rukas 0516 Rug","109","109.00","199","199.00","retain live compare-at","Showroom stock and lead time not supplied"
"8611128312131","Alisa Rug - Beige Brown","99","99.00","179","179.00","retain live compare-at","Showroom stock and lead time not supplied"
"14672507240771","Aintree 3+3 Drawer Wide Chest GA","759.99","759.99","880","880.00","retain live compare-at","Showroom stock and lead time not supplied"
"14672544596291","Oscar 2 Drawer Coffee Table GA","499","499.00","699","699.00","retain live compare-at","Showroom stock and lead time not supplied"
"14672552853827","Erik Round Table GA","480","480.00","560","560.00","retain live compare-at","Showroom stock and lead time not supplied"
"14672680419651","Dallas Office Chair - GA","249","249.00","340","340.00","retain live compare-at","Showroom stock and lead time not supplied"
"14672685891907","York Office Chair - GA","129","129.00","220","220.00","retain live compare-at","Showroom stock and lead time not supplied"
"8639687655747","Dario Round Table with Black Legs GA","449","449.00","549","549.00","retain live compare-at","Showroom stock and lead time not supplied"
"9062539788611","Matrix Lamp Table Marble GA","169","169.00","199","199.00","retain live compare-at","Showroom stock and lead time not supplied"
"9062537298243","Matrix Coffee Table Light Marble GA","199","199.00","249","249.00","retain live compare-at","Showroom stock and lead time not supplied"
"9087359287619","Fredrik Tall Bookcase GA","299","299.00","369","369.00","retain live compare-at","Showroom stock and lead time not supplied"
"14671904080195","Sam Bedframe","429","429.00","","","remove empty compare-at","Showroom stock and lead time not supplied"
"9182345101635","Wendy Velvet Tub Chair IM","319","319.00","389","389.00","retain live compare-at","Showroom stock and lead time not supplied"
"6884152311995","Roxy Chaise Lounge - IM","699","699.00","1100","1100.00","retain live compare-at","Showroom stock and lead time not supplied"
"6884152246459","Roxy 3 Seater Sofa - IM","599","599.00","899","899.00","retain live compare-at","Showroom stock and lead time not supplied"
"8720675930435","Vienna Locker - GI","299","299.00","449","449.00","retain live compare-at","Showroom stock and lead time not supplied"
"8720721051971","Vienna Dressing Table GI","969","969.00","1299","1299.00","retain live compare-at","Showroom stock and lead time not supplied"
"8720705519939","Vienna 5 Drawer Chest - GI","699","699.00","899","899.00","retain live compare-at","Showroom stock and lead time not supplied"
"9062516785475","Emma Gas-Lift Headboard GI","699","699.00","849","849.00","retain live compare-at","Showroom stock and lead time not supplied"
"6819443933371","Orthopedic Chair IM","299","299.00","399","399.00","retain live compare-at","Showroom stock and lead time not supplied"
"8612238360899","Carlow Grey Bed - GI","689","689.00","980","980.00","retain live compare-at","Showroom stock and lead time not supplied"
"9556427800899","Cedarwood Nore Oak Bed","399","399.00","649","649.00","retain live compare-at","Showroom stock and lead time not supplied"
"9556385300803","Cedarwood Boyne Ivory Bed","399","399.00","649","649.00","retain live compare-at","Showroom stock and lead time not supplied"
"9556341981507","Cedarwood Naturalstone Bed","399","399.00","649","649.00","retain live compare-at","Showroom stock and lead time not supplied"
"9556334117187","Cedarwood Greystones Bed","399","399.00","649","649.00","retain live compare-at","Showroom stock and lead time not supplied"
"9556246462787","Cedarwood Trufflestone Bed","399","399.00","649","649.00","retain live compare-at","Showroom stock and lead time not supplied"
"9554567790915","Cedarwood Indigo Oak Blue Bed","399","399.00","649","649.00","retain live compare-at","Showroom stock and lead time not supplied"
"9554555502915","Cedarwood Sage Oak Green Bed","399","399.00","649","649.00","retain live compare-at","Showroom stock and lead time not supplied"
"9554534564163","Annalee Ivory Carcass Bed CW","399","399.00","649","649.00","retain live compare-at","Showroom stock and lead time not supplied"
"9061617762627","Francesca Bedside Locker GA","279","279.00","299","299.00","retain live compare-at","Showroom stock and lead time not supplied"
"6947231563963","Daniella 3+4 Drawer Chest GA","799","799.00","849","849.00","retain live compare-at","Showroom stock and lead time not supplied"
"8720619209027","Vienna Bed GI","1069","1069.00","1569","1569.00","retain live compare-at","Showroom stock and lead time not supplied"
"9176101323075","Anderson Sofa Bed IM","399","399.00","599","599.00","retain live compare-at","Showroom stock and lead time not supplied"
"9495671112003","L17B66- 80X80 CM - GI","169","169.00","219","219.00","retain live compare-at","Showroom stock and lead time not supplied"
"9495688741187","S18B68 - 80X80 CM - GI","169","169.00","229","229.00","retain live compare-at","Showroom stock and lead time not supplied"
"9495690510659","FAM-2465 - 80X80 CM - GI","169","169.00","229","229.00","retain live compare-at","Showroom stock and lead time not supplied"
"9495691624771","FAM-2434 - 60X90 CM - GI","159","159.00","199","199.00","retain live compare-at","Showroom stock and lead time not supplied"
"9495692509507","FAM-1533 - 80X80 CM - GI","169","169.00","229","229.00","retain live compare-at","Showroom stock and lead time not supplied"
"9495693328707","FAM-1626 - 90X60 CM - GI","149","149.00","199","199.00","retain live compare-at","Showroom stock and lead time not supplied"
"9495694606659","FAM-0637 - 80X80 CM - GI","169","169.00","219","219.00","retain live compare-at","Showroom stock and lead time not supplied"
"9495697457475","FAM-0669 - 90X60 CM - GI","139","139.00","179","179.00","retain live compare-at","Showroom stock and lead time not supplied"
"9496219353411","L19T18 - 80X80 CM - GI","169","169.00","219","219.00","retain live compare-at","Showroom stock and lead time not supplied"
"9496240685379","L18B111 - 80X80 CM - GI","179","179.00","229","229.00","retain live compare-at","Showroom stock and lead time not supplied"
"9496241570115","FAM-2471-1 - 80X80 CM - GI","169","169.00","229","229.00","retain live compare-at","Showroom stock and lead time not supplied"
"9496242848067","FAM-2527 - 80X80 CM - GI","169","169.00","229","229.00","retain live compare-at","Showroom stock and lead time not supplied"
"9496244683075","FAM-1375 - 80X80 CM - GI","159","159.00","199","199.00","retain live compare-at","Showroom stock and lead time not supplied"
"9496247435587","ZH6068- 80X80 CM - GI","159","159.00","199","199.00","retain live compare-at","Showroom stock and lead time not supplied"
"9496268243267","FAM-2523- 90X60 CM - GI","149","149.00","199","199.00","retain live compare-at","Showroom stock and lead time not supplied"
"9496276369731","FAM-0328 - 80X80 CM - GI","169","169.00","219","219.00","retain live compare-at","Showroom stock and lead time not supplied"
"9496282890563","FAM-0117 - 80X80 CM - GI","169","169.00","219","219.00","retain live compare-at","Showroom stock and lead time not supplied"
"9496283775299","FAM-2520 - 80X80 CM - GI","169","169.00","229","229.00","retain live compare-at","Showroom stock and lead time not supplied"
"9493617738051","Donegal Cream Ottoman - GI","189","189.00","239","239.00","retain live compare-at","Showroom stock and lead time not supplied"
"9493612331331","Donegal Cream Bed - GI","499","499.00","639","639.00","retain live compare-at","Showroom stock and lead time not supplied"
"9493608071491","Donegal Grey Ottoman - GI","189","189.00","239","239.00","retain live compare-at","Showroom stock and lead time not supplied"
"9493602894147","Donegal Grey Bed - GI","499","499.00","639","639.00","retain live compare-at","Showroom stock and lead time not supplied"
"9493594145091","Roscommon Locker - GI","149","149.00","199","199.00","retain live compare-at","Showroom stock and lead time not supplied"
"9493592080707","Roscommon Bed - GI","319","319.00","419","419.00","retain live compare-at","Showroom stock and lead time not supplied"
"9473791426883","Nevada 6 Drawer Chest (Black Gloss) WH","269","269.00","309","309.00","retain live compare-at","Showroom stock and lead time not supplied"
"9473786741059","Nevada 6 Drawer Chest (Grey Gloss/Light Oak Effect Veneer) WH","269","269.00","309","309.00","retain live compare-at","Showroom stock and lead time not supplied"
"9473782645059","Nevada 6 Drawer Chest (White Gloss) WH","269","269.00","309","309.00","retain live compare-at","Showroom stock and lead time not supplied"
"9473779106115","Nevada 5 Drawer Narrow Chest (White Gloss) WH","169","169.00","199","199.00","retain live compare-at","Showroom stock and lead time not supplied"
"9473735131459","Nevada 5 Drawer Narrow Chest (Grey Gloss/Light Oak Effect Veneer) WH","169","169.00","199","199.00","retain live compare-at","Showroom stock and lead time not supplied"
"9473725759811","Nevada 5 Drawer Low Wardrobe (Grey Gloss/Light Oak Effect Veneer) WH","299","299.00","349","349.00","retain live compare-at","Showroom stock and lead time not supplied"
"9473698496835","Nevada 5 Drawer Low Wardrobe (White Gloss) WH","299","299.00","349","349.00","retain live compare-at","Showroom stock and lead time not supplied"
"9451478974787","Nevada 4 Drawer Dressing Table Set (White Gloss) WH","219","219.00","249","249.00","retain live compare-at","Showroom stock and lead time not supplied"
"9451473862979","Nevada 4 Drawer Dressing Table Set (Grey Gloss/Light Oak Effect Veneer) WH","219","219.00","249","249.00","retain live compare-at","Showroom stock and lead time not supplied"
"9451448074563","Nevada 4 Door 2 Drawer Mirrored Wardrobe (Grey Gloss/Light Oak Effect Veneer) WH","469","469.00","539","539.00","retain live compare-at","Showroom stock and lead time not supplied"
"9451336139075","Nevada 4 Door 2 Drawer Mirrored Wardrobe (White Gloss) WH","469","469.00","539","539.00","retain live compare-at","Showroom stock and lead time not supplied"
"9451261460803","Nevada 3+2 Drawer Chest (Grey Gloss/Light Oak Effect Veneer) - WH","239","239.00","279","279.00","retain live compare-at","Showroom stock and lead time not supplied"
"9451250319683","Nevada 3 Drawer Chest (Grey Gloss/Light Oak Effect Veneer) - WH","159","159.00","179","179.00","retain live compare-at","Showroom stock and lead time not supplied"
"9448799437123","Nevada 3 Drawer Bedside Grey Gloss/Light Oak Effect Veneer - WH","99","99.00","109","109.00","retain live compare-at","Showroom stock and lead time not supplied"
"8720949739843","Grace Gas-Lift Headboard - GI","799","799.00","1019","1019.00","retain live compare-at","Showroom stock and lead time not supplied"
"9409496842563","Waterford Blanket Box GIE","299","299.00","449","449.00","retain live compare-at","Showroom stock and lead time not supplied"
"9409484521795","Waterford Locker GIE","239","239.00","339","339.00","retain live compare-at","Showroom stock and lead time not supplied"
"9409455292739","Waterford Bed Grey GIE","899","899.00","1399","1399.00","retain live compare-at","Showroom stock and lead time not supplied"
"9409434648899","Waterford Bed Green GIE","899","899.00","1399","1399.00","retain live compare-at","Showroom stock and lead time not supplied"
"8630277964099","Evan 1 Seater Lift & Rise Sultry - IM","799","799.00","1099","1099.00","retain live compare-at","Showroom stock and lead time not supplied"
"9426557731139","Nevada 3 Door 2 Drawer Mirrored Wardrobe (Grey Gloss/Light Oak Effect Veneer) WH","399","399.00","469","469.00","retain live compare-at","Showroom stock and lead time not supplied"
"9426552357187","Nevada 3 Door 2 Drawer Mirrored Wardrobe (White Gloss) WH","399","399.00","469","469.00","retain live compare-at","Showroom stock and lead time not supplied"
"9426322882883","Nevada 2 Door Corner Wardrobe (Grey Gloss/Light Oak Effect Veneer) WH","469","469.00","549","549.00","retain live compare-at","Showroom stock and lead time not supplied"
"9415407665475","Nevada 2 Door 1 Drawer Wardrobe Bedroom Set (Grey Gloss/Light Oak Effect Veneer) WH","679","679.00","799","799.00","retain live compare-at","Showroom stock and lead time not supplied"
"9415338459459","Nevada 2 Door All Hanging Wardrobe (Grey Gloss/Light Oak Effect Veneer) WH","219","219.00","249","249.00","retain live compare-at","Showroom stock and lead time not supplied"
"9415274004803","Nevada 2 Door 1 Drawer Wardrobe (White Gloss) WH","269","269.00","299","299.00","retain live compare-at","Showroom stock and lead time not supplied"
"9415226687811","Nevada 1 Door 1 Drawer Wardrobe (Grey Gloss/Light Oak Effect Veneer) WH","179","179.00","209","209.00","retain live compare-at","Showroom stock and lead time not supplied"
"8756654178627","Durham Coffee Table - WH","109","109.00","199","199.00","retain live compare-at","Showroom stock and lead time not supplied"
"6958394147003","London 3 Drawer Locker GA","219","219.00","289","289.00","retain live compare-at","Showroom stock and lead time not supplied"
"6965215822011","Oscar Nest of 3 Tables GA","299","299.00","369","369.00","retain live compare-at","Showroom stock and lead time not supplied"
"6965192130747","Oscar Lamp Table GA","179","179.00","299","299.00","retain live compare-at","Showroom stock and lead time not supplied"
"6965207236795","Oscar Large Extension Table GA","1199","1199.00","1539","1539.00","retain live compare-at","Showroom stock and lead time not supplied"
"6965166178491","Oscar Butterfly Extension Table 1.4 Metre GA","989","989.00","1199","1199.00","retain live compare-at","Showroom stock and lead time not supplied"
"6965213692091","Oscar Low Dining Chair GA","159","159.00","199","199.00","retain live compare-at","Showroom stock and lead time not supplied"
"6945729708219","Bella 3+4 Drawer Chest GA","799","799.00","889","889.00","retain live compare-at","Showroom stock and lead time not supplied"
"8612246552899","Parker Headboard - GI","379","379.00","599","599.00","retain live compare-at","Showroom stock and lead time not supplied"
"8612246487363","Oasis Base GI","475","475.00","599","599.00","retain live compare-at","Showroom stock and lead time not supplied"
"6965147500731","Oscar 1 Drawer Mini Console Table GA","269","269.00","399","399.00","retain live compare-at","Showroom stock and lead time not supplied"
"9182453891395","Mattia Lift & Rise Chair IM","1219","1219.00","1489","1489.00","retain live compare-at","Showroom stock and lead time not supplied"
"8612246454595","Oasis Base + Wilson Headboard GI","849","849.00","1159","1159.00","retain live compare-at","Showroom stock and lead time not supplied"
"9183609553219","Ember Fireside Fabric Chair IM","579","579.00","709","709.00","retain live compare-at","Showroom stock and lead time not supplied"
"9183595168067","Blaze Fireside Fabric Chair IM","389","389.00","599","599.00","retain live compare-at","Showroom stock and lead time not supplied"
"6819410575547","Brandon Armchair - IM","399","399.00","499","499.00","retain live compare-at","Showroom stock and lead time not supplied"
"9182311481667","Wendy Boucle Chair IM","249","249.00","389","389.00","retain live compare-at","Showroom stock and lead time not supplied"
"9182265344323","Reese Accent Chair IM","259","259.00","389","389.00","retain live compare-at","Showroom stock and lead time not supplied"
"8629913223491","Bray Accent Chair IM","399","399.00","539","539.00","retain live compare-at","Showroom stock and lead time not supplied"
"9176145068355","Sophie Static Sofa IM","499","499.00","719","719.00","retain live compare-at","Showroom stock and lead time not supplied"
"9176125342019","Charlotte Armchair IM","399","399.00","569","569.00","retain live compare-at","Showroom stock and lead time not supplied"
"9176074715459","Ricardo Motion Sofa IM","979","979.00","1189","1189.00","retain live compare-at","Showroom stock and lead time not supplied"
"6967169286331","Salou Double Wardrobe With Drawers GA","2249","2249.00","","1299.00","retain live compare-at","Showroom stock and lead time not supplied"
"9175059661123","Whitney Double Warerobe - White GA","549","549.00","649","649.00","retain live compare-at","Showroom stock and lead time not supplied"
"9175155736899","Capri Dining Chair GA","99","99.00","149","149.00","retain live compare-at","Showroom stock and lead time not supplied"
"9175211508035","Gabriel Dining Chair GA","159","139.00","169","169.00","retain live compare-at","Showroom stock and lead time not supplied"
"8765182542147","Kendra Accent Chair Grey Fabric - WS","299","299.00","429","429.00","retain live compare-at","Showroom stock and lead time not supplied"
"9180502884675","T108019S Lamp","129","129.00","179","179.00","retain live compare-at","Showroom stock and lead time not supplied"
"9180415099203","T209023 Lamp","129","129.00","179","179.00","retain live compare-at","Showroom stock and lead time not supplied"
"9180409168195","T209026 Lamp","139","139.00","199","199.00","retain live compare-at","Showroom stock and lead time not supplied"
"9180391801155","T209027 Lamp","129","129.00","179","179.00","retain live compare-at","Showroom stock and lead time not supplied"
"9180413624643","T209024 Lamp","139","139.00","199","199.00","retain live compare-at","Showroom stock and lead time not supplied"
"9180422799683","T108015B Lamp","119","119.00","169","169.00","retain live compare-at","Showroom stock and lead time not supplied"
"9180420669763","T108040A Lamp","129","129.00","169","169.00","retain live compare-at","Showroom stock and lead time not supplied"
"9180418998595","T108020B Lamp","139","139.00","189","189.00","retain live compare-at","Showroom stock and lead time not supplied"
"9180417687875","T209022 Lamp","129","129.00","179","179.00","retain live compare-at","Showroom stock and lead time not supplied"
"9180485648707","T2314 Lamp","119","119.00","159","159.00","retain live compare-at","Showroom stock and lead time not supplied"
"9180449702211","T108011 Lamp","129","129.00","179","179.00","retain live compare-at","Showroom stock and lead time not supplied"
"9180443214147","T108002 Lamp","139","139.00","189","189.00","retain live compare-at","Showroom stock and lead time not supplied"
"9180429156675","T209018W Lamp","139","139.00","199","199.00","retain live compare-at","Showroom stock and lead time not supplied"
"9180498395459","T2312 Lamp","119","119.00","169","169.00","retain live compare-at","Showroom stock and lead time not supplied"
"9180496986435","T2311 Lamp","139","139.00","199","199.00","retain live compare-at","Showroom stock and lead time not supplied"
"9180495085891","T2313 Lamp","119","119.00","169","169.00","retain live compare-at","Showroom stock and lead time not supplied"
"9180492497219","T2315 Lamp","119","119.00","159","159.00","retain live compare-at","Showroom stock and lead time not supplied"
"9180499837251","F209029 Lamp","169","169.00","229","229.00","retain live compare-at","Showroom stock and lead time not supplied"
"9180501016899","F209028 Lamp","169","169.00","229","229.00","retain live compare-at","Showroom stock and lead time not supplied"
"9135441609027","Giada Recliner Chair IM","1699","1699.00","2079","2079.00","retain live compare-at","Showroom stock and lead time not supplied"
"9132445827395","Conrad Steel Blue Recliner IM","549","549.00","669","669.00","retain live compare-at","Showroom stock and lead time not supplied"
"8821772812611","Roma Dining Set HJ","449","449.00","649","649.00","retain live compare-at","Showroom stock and lead time not supplied"
"9135514648899","Leroy Electric Recliner IM","699","699.00","1009","1009.00","retain live compare-at","Showroom stock and lead time not supplied"
"9135460974915","Herbert Electric Motion Chair IM","829","829.00","1019","1019.00","retain live compare-at","Showroom stock and lead time not supplied"
"9135448686915","Glenwood Electric Motion Sofa IM","849","849.00","1039","1039.00","retain live compare-at","Showroom stock and lead time not supplied"
"9135415001411","Ebba Recliner Chair IM","669","669.00","1029","1029.00","retain live compare-at","Showroom stock and lead time not supplied"
"9132420792643","Casey Recliner IM","549","549.00","679","679.00","retain live compare-at","Showroom stock and lead time not supplied"
"9131624038723","Aurora Italian Leather Sofa - Tan IM","1349","589.00","1639","719.00","retain live compare-at","Showroom stock and lead time not supplied"
"6819441279163","Snug Milano Bean Chair - IM","99","99.00","149","149.00","retain live compare-at","Showroom stock and lead time not supplied"
"6945702772923","Aintree Double Robe GA","679","679.00","849","849.00","retain live compare-at","Showroom stock and lead time not supplied"
"8802447688003","Quebec Wave Edge Console Table - WH","159","159.00","249","249.00","retain live compare-at","Showroom stock and lead time not supplied"
"8756666794307","EDDIE COFFEE TABLE Grey/Sonoma Effect - WH","89","89.00","129","129.00","retain live compare-at","Showroom stock and lead time not supplied"
"8756517241155","Athens Rectangular Coffee Table Concrete Effect/Black - WH","119","119.00","189","189.00","retain live compare-at","Showroom stock and lead time not supplied"
"8756510196035","Athens Oval Coffee Table Concrete Effect/Black - WH","125","125.00","189","189.00","retain live compare-at","Showroom stock and lead time not supplied"
"8756453867843","Aspen Coffee Table White Oak/Stone Effect - WH","139","139.00","199","199.00","retain live compare-at","Showroom stock and lead time not supplied"
"6967471440059","Vicenza Coffee Table Light Grey GA","349","349.00","399","399.00","retain live compare-at","Showroom stock and lead time not supplied"
"8639690277187","Dario Round Table with Chrome Legs GA","449","449.00","549","549.00","retain live compare-at","Showroom stock and lead time not supplied"
"6965205696699","Oscar Large Dining Chair - PU Seat GA","189","189.00","269","269.00","retain live compare-at","Showroom stock and lead time not supplied"
"6965198651579","Oscar Large Chair - Wooden Seat GA","199","199.00","249","249.00","retain live compare-at","Showroom stock and lead time not supplied"
"6949860704443","Delta Oak 2 Drawer Locker GA","249","249.00","319","319.00","retain live compare-at","Showroom stock and lead time not supplied"
"6958360133819","Kylie 5 Drawer Chest GA","449","449.00","549","549.00","retain live compare-at","Showroom stock and lead time not supplied"
"6967165780155","Salou 4+2 Drawer Chest GA","899","899.00","","899.00","retain live compare-at","Showroom stock and lead time not supplied"
"6945740783803","Bella Two Drawer Bedside Locker GA","229","229.00","269","269.00","retain live compare-at","Showroom stock and lead time not supplied"
"6945735016635","Bella 3+4 Drawer Wide Chest GA","839","839.00","899","899.00","retain live compare-at","Showroom stock and lead time not supplied"
"6947242836155","Daniella Double Wardrobe with Drawer GA","1099","1099.00","1199","1199.00","retain live compare-at","Showroom stock and lead time not supplied"
"6947245228219","Daniella Two Drawer Bedside Locker GA","229","229.00","249","249.00","retain live compare-at","Showroom stock and lead time not supplied"
"9113152520515","Blaine Sectional 2R-C-2R IM","2199","2199.00","3229","3229.00","retain live compare-at","Showroom stock and lead time not supplied"
"9113253937475","Snug Milano Bean Chair Boucle IM","149","149.00","199","199.00","retain live compare-at","Showroom stock and lead time not supplied"
"9113274745155","Waterville Swivel & Glide Chair IM","799","799.00","1099","1099.00","retain live compare-at","Showroom stock and lead time not supplied"
"8782126448963","Treviso Dining Table WH","299","299.00","499","499.00","retain live compare-at","Showroom stock and lead time not supplied"
"9068664258883","Felicia Swivel Chair IM","299","299.00","389","389.00","retain live compare-at","Showroom stock and lead time not supplied"
"9061486002499","Montreal Stool HJ","119","119.00","199","199.00","retain live compare-at","Showroom stock and lead time not supplied"
"9061482266947","Montreal Dining Set HJ","699","699.00","849","849.00","retain live compare-at","Showroom stock and lead time not supplied"
"9061472338243","Kimberley Robe HJ","459","459.00","549","549.00","retain live compare-at","Showroom stock and lead time not supplied"
"9061451006275","Chrissie Stool HJ","129","129.00","189","189.00","retain live compare-at","Showroom stock and lead time not supplied"
"9087401492803","Angela Dining Chair GA","179","179.00","199","199.00","retain live compare-at","Showroom stock and lead time not supplied"
"9087415353667","Anya Dining Chair GA","149","149.00","159","159.00","retain live compare-at","Showroom stock and lead time not supplied"
"9087356010819","Fredrik 2 Drawer Console Table GA","249","249.00","299","299.00","retain live compare-at","Showroom stock and lead time not supplied"
"6945696186555","Aintree 3 Drawer Locker GA","189","189.00","249","249.00","retain live compare-at","Showroom stock and lead time not supplied"
"6958397128891","London 4+2 Drawer Chest GA","689","689.00","789","789.00","retain live compare-at","Showroom stock and lead time not supplied"
"8640951451971","Silvia Chair - Chrome Legs GA","149","149.00","199","199.00","retain live compare-at","Showroom stock and lead time not supplied"
"8640942604611","Silvia Chair - Black Legs GA","149","149.00","199","199.00","retain live compare-at","Showroom stock and lead time not supplied"
"6952944697531","Fredrik Chair GA","99","99.00","139","139.00","retain live compare-at","Showroom stock and lead time not supplied"
"8639564054851","Lucy Hanging Mirror GA","55","55.00","129","129.00","retain live compare-at","Showroom stock and lead time not supplied"
"8639562940739","Lucy One Drawer Locker GA","69","69.00","129","129.00","retain live compare-at","Showroom stock and lead time not supplied"
"8765186343235","Kendra Rocking Chair Grey Fabric - WH","349","349.00","469","469.00","retain live compare-at","Showroom stock and lead time not supplied"
"9073975525699","Hugo 2.1 Metre Table with Pedestal Leg GA","899","899.00","995","995.00","retain live compare-at","Showroom stock and lead time not supplied"
"9072457679171","Tapas Round Table GA","189","189.00","299","299.00","retain live compare-at","Showroom stock and lead time not supplied"
"9072438968643","Tapas Square Table GA","189","189.00","299","299.00","retain live compare-at","Showroom stock and lead time not supplied"
"9072432087363","Vetro Lamp Table GA","229","229.00","249","249.00","retain live compare-at","Showroom stock and lead time not supplied"
"9072435396931","Vetro Console Table GA","349","349.00","399","399.00","retain live compare-at","Showroom stock and lead time not supplied"
"9072426713411","Vetro Coffee Table GA","299","299.00","349","349.00","retain live compare-at","Showroom stock and lead time not supplied"
"9072419340611","George Lamp Table GA","179","179.00","199","199.00","retain live compare-at","Showroom stock and lead time not supplied"
"9072406397251","George Coffee Table GA","209","209.00","279","279.00","retain live compare-at","Showroom stock and lead time not supplied"
"9061622186307","Francesca Wide Chest GA","899","899.00","949","949.00","retain live compare-at","Showroom stock and lead time not supplied"
"9061619597635","Francesca Tall Chest GA","789","789.00","849","849.00","retain live compare-at","Showroom stock and lead time not supplied"
"8985817579843","Newark Dining Set HJ","689","689.00","949","949.00","retain live compare-at","Showroom stock and lead time not supplied"
"9061375017283","Farrell Chests HJ","99","99.00","119","119.00","retain live compare-at","Showroom stock and lead time not supplied"
"9061030265155","Farrell Locker HJ","79","79.00","119","119.00","retain live compare-at","Showroom stock and lead time not supplied"
"8821771108675","Napoli Dining Set HJ","499","499.00","699","699.00","retain live compare-at","Showroom stock and lead time not supplied"
"9061634015555","Blox Wide Chest GA","849","849.00","","819.00","retain live compare-at","Showroom stock and lead time not supplied"
"9061630968131","Blox Chest of Drawers GA","749","749.00","","749.00","retain live compare-at","Showroom stock and lead time not supplied"
"9072477700419","Doda Tall Bookcase GA","369","369.00","429","429.00","retain live compare-at","Showroom stock and lead time not supplied"
"9072472883523","Doda Dining Table GA","429","429.00","529","529.00","retain live compare-at","Showroom stock and lead time not supplied"
"9072474587459","Doda Coffee Table GA","249","249.00","299","299.00","retain live compare-at","Showroom stock and lead time not supplied"
"9072464757059","Erik Table 1.6 Metre GA","399","399.00","499","499.00","retain live compare-at","Showroom stock and lead time not supplied"
"9062523601219","Canyon Lamp Table GA","159","159.00","199","199.00","retain live compare-at","Showroom stock and lead time not supplied"
"9062533824835","Canyon Coffee Table GA","209","209.00","289","289.00","retain live compare-at","Showroom stock and lead time not supplied"
"9061613666627","Francesca Bed GA","579","579.00","679","679.00","retain live compare-at","Showroom stock and lead time not supplied"
"8985625526595","Rukas 0024A Rug","109","109.00","199","199.00","retain live compare-at","Showroom stock and lead time not supplied"
"9061064966467","Quebec Dining Table WH","199","199.00","349","349.00","retain live compare-at","Showroom stock and lead time not supplied"
"7734343565499","Chelsea Bed - IM","599","599.00","899","899.00","retain live compare-at","Showroom stock and lead time not supplied"
"8612247667011","Silver TV Unit S32M-SV GI","99","99.00","149","149.00","retain live compare-at","Showroom stock and lead time not supplied"
"6965132034235","Oscar 2+3 Drawer Chest GA","749","749.00","829","829.00","retain live compare-at","Showroom stock and lead time not supplied"
"8821734244675","Ohio Bunk Bed HJ","549","549.00","799","799.00","retain live compare-at","Showroom stock and lead time not supplied"
"6952915534011","Fredrik 1.2 Metre Table Walnut GA","289","289.00","395","395.00","retain live compare-at","Showroom stock and lead time not supplied"
"6952961212603","Fredrik Coffee Table GA","249","249.00","299","299.00","retain live compare-at","Showroom stock and lead time not supplied"
"6953248882875","Fredrik Round Table GA","419","419.00","499","499.00","retain live compare-at","Showroom stock and lead time not supplied"
"6953226895547","Fredrik Dining Table 1.6 Metre GA","349","349.00","499","499.00","retain live compare-at","Showroom stock and lead time not supplied"
"6952907899067","Fredrik 1.2 Metre Table Oak GA","289","289.00","399","399.00","retain live compare-at","Showroom stock and lead time not supplied"
"6947234578619","Daniella 3+4 Drawer Wide Chest GA","849","849.00","919","919.00","retain live compare-at","Showroom stock and lead time not supplied"
"8985752502595","Harriet Tilt & Rise Chair HJ","549","549.00","","","remove empty compare-at","Showroom stock and lead time not supplied"
"8978759778627","Fredrik Bench GA","329","329.00","389","389.00","retain live compare-at","Showroom stock and lead time not supplied"
"8978737234243","Fredrik 1800 Table X Leg GA","579","579.00","799","799.00","retain live compare-at","Showroom stock and lead time not supplied"
"8978658099523","Rebecca Leather Dining Chair GA","259","259.00","","","remove empty compare-at","Showroom stock and lead time not supplied"
"8985555861827","Katie Armchair GI","349","349.00","","","remove empty compare-at","Showroom stock and lead time not supplied"
"8985860407619","Writing Desk Grey HJ","119","119.00","149","149.00","retain live compare-at","Showroom stock and lead time not supplied"
"6884151722171","Archie Armchair IM","349","349.00","899","899.00","retain live compare-at","Showroom stock and lead time not supplied"
"8647901970755","Alicante Round Set - HJ","449","449.00","699","699.00","retain live compare-at","Showroom stock and lead time not supplied"
"8945344348483","Columbia Console Table HJ","159","159.00","","","remove empty compare-at","Showroom stock and lead time not supplied"
"8945330848067","Chantelle Console Table HJ","299","299.00","449","449.00","retain live compare-at","Showroom stock and lead time not supplied"
"7001162776763","Royal Coil Regency Mattress","449","449.00","898","898.00","retain live compare-at","Showroom stock and lead time not supplied"
"8611164127555","Skye Rug 242","229","229.00","419","419.00","retain live compare-at","Showroom stock and lead time not supplied"
"8630327705923","Union Fabric Bean Chair - Brown (Kaki) IM","119","119.00","199","199.00","retain live compare-at","Showroom stock and lead time not supplied"
"6815460851899","Aspen Sofa Bed - IM","749","749.00","1099","1099.00","retain live compare-at","Showroom stock and lead time not supplied"
"6954694148283","Juliet 3 Drawer Locker GA","249","249.00","299","299.00","retain live compare-at","Showroom stock and lead time not supplied"
"8821759639875","Beverly Set - HJ","779","779.00","1099","1099.00","retain live compare-at","Showroom stock and lead time not supplied"
"8910964719939","Arizona Triple Sleeper – White (4' Base) DE","499","499.00","699","699.00","retain live compare-at","Showroom stock and lead time not supplied"
"8909369311555","Silvia Bar Stool with Chrome Legs GA","179","179.00","249","249.00","retain live compare-at","Showroom stock and lead time not supplied"
"8909343523139","Silvia Bar Stool with Black Legs GA","179","179.00","249","249.00","retain live compare-at","Showroom stock and lead time not supplied"
"8821774221635","Verona Dining Set HJ","749","749.00","1099","1099.00","retain live compare-at","Showroom stock and lead time not supplied"
"8821752365379","Edel Console Table - HJ","299","299.00","449","449.00","retain live compare-at","Showroom stock and lead time not supplied"
"8821735129411","Solteira Bunk Bed - HJ","459","459.00","699","699.00","retain live compare-at","Showroom stock and lead time not supplied"
"8821733622083","Colton Bunk Bed HJ","399","399.00","649","649.00","retain live compare-at","Showroom stock and lead time not supplied"
"8821721956675","Como folding bed - HJ","199","199.00","269","269.00","retain live compare-at","Showroom stock and lead time not supplied"
"8821639512387","Holly Bed HJ","299","299.00","449","449.00","retain live compare-at","Showroom stock and lead time not supplied"
"8821630533955","Colton 3' Bed HJ","179","179.00","289","289.00","retain live compare-at","Showroom stock and lead time not supplied"
"6849127186619","Detroit Coffee Table","179","179.00","249","249.00","retain live compare-at","Showroom stock and lead time not supplied"
"8648138621251","Raffa Dining Set - HJ","1199","1199.00","1699","1699.00","retain live compare-at","Showroom stock and lead time not supplied"
"6954714693819","Juliet Curved Bed GA","839","839.00","849","849.00","retain live compare-at","Showroom stock and lead time not supplied"
"8640815268163","Verona Lamp Table GA","199","199.00","299","299.00","retain live compare-at","Showroom stock and lead time not supplied"
"8794596344131","Jay-Be Revolution Folding Bed with Rebound e-Fibre Mattress - Single- DE","249","249.00","369","369.00","retain live compare-at","Showroom stock and lead time not supplied"
"8777586868547","Argyle Triple Sleeper - Rustic Pine (4' Base) DE","499","499.00","699","699.00","retain live compare-at","Showroom stock and lead time not supplied"
"8777580380483","Argyle Bunk Bed - Light Antique DE","449","449.00","699","699.00","retain live compare-at","Showroom stock and lead time not supplied"
"8777558032707","Denmark Large Sliderobe 1.5m DE","769","769.00","1069","1069.00","retain live compare-at","Showroom stock and lead time not supplied"
"8777545777475","Nova 6 Drawer Chest - Oak DE","369","369.00","499","499.00","retain live compare-at","Showroom stock and lead time not supplied"
"8777542009155","Nova 5 Drawer Wide Chest - White DE","229","229.00","299","299.00","retain live compare-at","Showroom stock and lead time not supplied"
"8777539060035","Nova 5 Drawer Wide Chest - Oak DE","229","229.00","299","299.00","retain live compare-at","Showroom stock and lead time not supplied"
"8777529753923","Nova 5 Drawer Narrow Chest - Oak DE","189","189.00","299","299.00","retain live compare-at","Showroom stock and lead time not supplied"
"8777523724611","Nova 3 Drawer Chest - White DE","159","159.00","279","279.00","retain live compare-at","Showroom stock and lead time not supplied"
"8777512780099","Nova 3 Drawer Chest - Oak DE","159","159.00","279","279.00","retain live compare-at","Showroom stock and lead time not supplied"
"8777497674051","Nelly 2 Door Mirrored Wardrobe (105cm) - Graphite Lamela Artisan DE","699","699.00","1099","1099.00","retain live compare-at","Showroom stock and lead time not supplied"
"8776788214083","Argyle Bed DE","199","199.00","289","289.00","retain live compare-at","Showroom stock and lead time not supplied"
"8776739062083","Function Plus Desk- White DE","149","149.00","299","299.00","retain live compare-at","Showroom stock and lead time not supplied"
"8776731984195","Function Plus Corner Desk - White/Oak DE","369","369.00","","","remove empty compare-at","Showroom stock and lead time not supplied"
"8765516120387","Nevada 2 Drawer Bedside White Gloss - WH","89","89.00","109","109.00","retain live compare-at","Showroom stock and lead time not supplied"
"8765502914883","Nevada 2 Drawer Bedside Grey Gloss/Light Oak Effect Veneer - WH","89","89.00","109","109.00","retain live compare-at","Showroom stock and lead time not supplied"
"8765487055171","Nevada 3 Drawer Bedside White Gloss - WH","109","109.00","189","189.00","retain live compare-at","Showroom stock and lead time not supplied"
"8640932938051","Fredrik Chair PU GA","99","99.00","149","149.00","retain live compare-at","Showroom stock and lead time not supplied"
"8756820345155","Quebec Round Coffee Table Set Medium Oak Effect/Black - WH","149","149.00","199","199.00","retain live compare-at","Showroom stock and lead time not supplied"
"8756809990467","Ottawa 1 Drawer Coffee Table Medium Oak Effect/Black - WH","169","169.00","289","289.00","retain live compare-at","Showroom stock and lead time not supplied"
"8756524417347","Athens Round Coffee Table Set Concrete Effect/Black - WH","149","149.00","249","249.00","retain live compare-at","Showroom stock and lead time not supplied"
"8644725506371","Kilkenny Side Gas-Lift Bed - GI","599","599.00","799","799.00","retain live compare-at","Showroom stock and lead time not supplied"
"8720894656835","Ashley Sky Blue Bed - GI","349","349.00","699","699.00","retain live compare-at","Showroom stock and lead time not supplied"
"8720782262595","Charlotte Bed - GI","989","989.00","1499","1499.00","retain live compare-at","Showroom stock and lead time not supplied"
"8698308690243","Natural Sleep Nature's Finest Mattress","799","799.00","1109","1109.00","retain live compare-at","Showroom stock and lead time not supplied"
"8681318187331","Quebec Wave Edge Nest of Tables - WH","139","159.00","229","229.00","retain live compare-at","Showroom stock and lead time not supplied"
"8681314713923","Quebec Straight Edge Nest of Tables - WH","139","139.00","229","229.00","retain live compare-at","Showroom stock and lead time not supplied"
"8681312190787","Ottawa 3 Drawer Console Table - WH","189","189.00","249","249.00","retain live compare-at","Showroom stock and lead time not supplied"
"7777742291131","Toronto Sliding Wardrobe 2.5 BR","995","995.00","1499","1499.00","retain live compare-at","Showroom stock and lead time not supplied"
"7088655663291","Memphis High Sleeper Bunk","749","749.00","899","899.00","retain live compare-at","Showroom stock and lead time not supplied"
"8658896847171","Natural Sleep Florence Mattress","189","189.00","299","299.00","retain live compare-at","Showroom stock and lead time not supplied"
"8656624877891","Natural Sleep Flotation Comfort Mattress","599","599.00","799","799.00","retain live compare-at","Showroom stock and lead time not supplied"
"8656619798851","Natural Sleep Origin Support Mattress","399","399.00","549","549.00","retain live compare-at","Showroom stock and lead time not supplied"
"7675717157051","Chantelle Dining Chair - HJ","99","99.00","199","199.00","retain live compare-at","Showroom stock and lead time not supplied"
"8647957020995","Courtney Dining Set HJ","1099","1099.00","1699","1699.00","retain live compare-at","Showroom stock and lead time not supplied"
"8648168243523","Harry Stool - HJ","129","129.00","199","199.00","retain live compare-at","Showroom stock and lead time not supplied"
"8648379695427","Jack Fireside Chair - HJ","219","219.00","349","349.00","retain live compare-at","Showroom stock and lead time not supplied"
"8648169619779","Lisbon PU Chair HJ","69","69.00","99","99.00","retain live compare-at","Showroom stock and lead time not supplied"
"8648393687363","Manhattan TV Unit HJ","189","189.00","299","299.00","retain live compare-at","Showroom stock and lead time not supplied"
"8648313110851","Marriot Bed - HJ","229","229.00","399","399.00","retain live compare-at","Showroom stock and lead time not supplied"
"8648394768707","Oak Writing Desk - HJ","119","119.00","199","199.00","retain live compare-at","Showroom stock and lead time not supplied"
"8648189149507","Olive Cream & Oak Stool - HJ","29.99","29.99","49.99","49.99","retain live compare-at","Showroom stock and lead time not supplied"
"8648306786627","Rochester Cream & Oak chair HJ","99","99.00","199","199.00","retain live compare-at","Showroom stock and lead time not supplied"
"8648311046467","Thames Cream & Oak Chair HJ","79","79.00","129","129.00","retain live compare-at","Showroom stock and lead time not supplied"
"8648402665795","Vera Fireside Chair - HJ","289","289.00","399","399.00","retain live compare-at","Showroom stock and lead time not supplied"
"8648144322883","Washington 5′ Oak Set - HJ","579","579.00","799","799.00","retain live compare-at","Showroom stock and lead time not supplied"
"8648343880003","Columbia Coffee Table - HJ","149","149.00","299","299.00","retain live compare-at","Showroom stock and lead time not supplied"
"8648153006403","Columbia Chair HJ","99","99.00","169","169.00","retain live compare-at","Showroom stock and lead time not supplied"
"8648336245059","Chantelle Coffee Table - HJ","279","279.00","399","399.00","retain live compare-at","Showroom stock and lead time not supplied"
"8647940473155","Chantelle Compact Set - HJ","449","449.00","699","699.00","retain live compare-at","Showroom stock and lead time not supplied"
"8647908098371","Chantelle 4′ Grey Fixed Top Dining Set - HJ","779","779.00","1299","1299.00","retain live compare-at","Showroom stock and lead time not supplied"
"8646706659651","Platinum Mattress","349","349.00","499","499.00","retain live compare-at","Showroom stock and lead time not supplied"
"8612247339331","Rukas 0549 Rug","109","109.00","199","199.00","retain live compare-at","Showroom stock and lead time not supplied"
"8612247404867","Rukas 0557 Rug","109","109.00","199","199.00","retain live compare-at","Showroom stock and lead time not supplied"
"8612247568707","Rukas 0565 Rug","99","99.00","179","179.00","retain live compare-at","Showroom stock and lead time not supplied"
"8612249108803","Twist 10620 Rug","59","59.00","109","109.00","retain live compare-at","Showroom stock and lead time not supplied"
"8612249239875","Twist 10629 Rug","59","59.00","109","109.00","retain live compare-at","Showroom stock and lead time not supplied"
"8612249338179","Twist 10638 Rug","59","59.00","109","109.00","retain live compare-at","Showroom stock and lead time not supplied"
"8612249436483","Twist 1752 Rug","59","59.00","109","109.00","retain live compare-at","Showroom stock and lead time not supplied"
"8612247208259","Rukas 0509 Rug","109","109.00","199","199.00","retain live compare-at","Showroom stock and lead time not supplied"
"8612247109955","Rukas 0254 Rug","109","109.00","199","199.00","retain live compare-at","Showroom stock and lead time not supplied"
"8612249600323","Twist 1991 Rug","59","59.00","109","109.00","retain live compare-at","Showroom stock and lead time not supplied"
"8612249764163","Twist 2098 Rug","59","59.00","109","109.00","retain live compare-at","Showroom stock and lead time not supplied"
"8612250321219","Twist Terracotta T1009 Rug","59","59.00","109","109.00","retain live compare-at","Showroom stock and lead time not supplied"
"8612250222915","Twist T1739 Rug","59","59.00","109","109.00","retain live compare-at","Showroom stock and lead time not supplied"
"8612250091843","Twist T1009 Green Rug","59","59.00","109","109.00","retain live compare-at","Showroom stock and lead time not supplied"
"8612249960771","Twist Grey T1009 Rug","59","59.00","109","109.00","retain live compare-at","Showroom stock and lead time not supplied"
"8612249862467","Twist Brown T1009 Rug","59","59.00","109","109.00","retain live compare-at","Showroom stock and lead time not supplied"
"8612246880579","Rukas 0241 Rug","109","109.00","199","199.00","retain live compare-at","Showroom stock and lead time not supplied"
"8612246815043","Rukas 0204A Rug -","109","109.00","199","199.00","retain live compare-at","Showroom stock and lead time not supplied"
"8612246716739","Rukas 0032 Rug","99","99.00","179","179.00","retain live compare-at","Showroom stock and lead time not supplied"
"8612245635395","Maple 1027 Rug","129","129.00","239","239.00","retain live compare-at","Showroom stock and lead time not supplied"
"8612245471555","Maple 0927A Rug","129","129.00","239","239.00","retain live compare-at","Showroom stock and lead time not supplied"
"8612237803843","Bodrum BD0278 Rug","99","99.00","179","179.00","retain live compare-at","Showroom stock and lead time not supplied"
"8612237738307","Bodrum 0511 Rug","99","99.00","179","179.00","retain live compare-at","Showroom stock and lead time not supplied"
"8612237902147","Bodrum BD238A Rug","109","109.00","199","199.00","retain live compare-at","Showroom stock and lead time not supplied"
"8639565005123","Lucy Double Wardrobe GA","199","199.00","299","299.00","retain live compare-at","Showroom stock and lead time not supplied"
"8639563923779","Lucy 3 Drawer Chest GA","169","169.00","249","249.00","retain live compare-at","Showroom stock and lead time not supplied"
"8639440748867","Lucy 3ft Bed GA","219","219.00","299","299.00","retain live compare-at","Showroom stock and lead time not supplied"
"8639432753475","Whitney 3+2 Drawer Chest GA","449","449.00","529","529.00","retain live compare-at","Showroom stock and lead time not supplied"
"8639422857539","Whitney 3 Drawer Locker GA","169","169.00","249","249.00","retain live compare-at","Showroom stock and lead time not supplied"
"8639405293891","Whitney White Bed GA","399","399.00","","389.00","retain live compare-at","Showroom stock and lead time not supplied"
"8639334089027","Jack 6 Drawer Wide Chest GA","489","489.00","599","599.00","retain live compare-at","Showroom stock and lead time not supplied"
"8639334482243","Jack 5 Drawer Tall Chest-GA","489","489.00","579","579.00","retain live compare-at","Showroom stock and lead time not supplied"
"8639296176451","Jack 2 Drawer Locker-GA","199","199.00","269","269.00","retain live compare-at","Showroom stock and lead time not supplied"
"8639278711107","Jack Bed-GA","399","399.00","499","499.00","retain live compare-at","Showroom stock and lead time not supplied"
"8639683854659","Dario 1.4 Metre Dining Table with Chrome Legs GA","499","499.00","599","599.00","retain live compare-at","Showroom stock and lead time not supplied"
"8639675760963","Dario 1.4 Metre Dining Table with Black Legs GA","449","449.00","589","589.00","retain live compare-at","Showroom stock and lead time not supplied"
"8640133824835","Branca Dining Chair GA","169","169.00","299","299.00","retain live compare-at","Showroom stock and lead time not supplied"
"8640826868035","Vicenza Dining Chair Tuape GA","129","129.00","199","199.00","retain live compare-at","Showroom stock and lead time not supplied"
"8640808354115","Infinity Lamp Table GA","129","129.00","199","199.00","retain live compare-at","Showroom stock and lead time not supplied"
"8640889618755","Liana Chair with Black Legs GA","109","109.00","169","169.00","retain live compare-at","Showroom stock and lead time not supplied"
"8640922124611","Liana Chair Chrome Legs GA","109","109.00","169","169.00","retain live compare-at","Showroom stock and lead time not supplied"
"8640938017091","Retro Dining Chair GA","149","149.00","199","199.00","retain live compare-at","Showroom stock and lead time not supplied"
"8640187400515","Retro Bar Stool GA","159","159.00","199","199.00","retain live compare-at","Showroom stock and lead time not supplied"
"8640194347331","Talia Bar Stool GA","179","179.00","289","289.00","retain live compare-at","Showroom stock and lead time not supplied"
"8639697256771","Branca Bench PU GA","599","599.00","699","699.00","retain live compare-at","Showroom stock and lead time not supplied"
"8630273638723","Callie Accent Chair - IM","249","249.00","399","399.00","retain live compare-at","Showroom stock and lead time not supplied"
"8630289269059","Boston Sofa Bed - IM","399","399.00","699","699.00","retain live compare-at","Showroom stock and lead time not supplied"
"8612237672771","Bodrum 0496 Rug","99","99.00","179","179.00","retain live compare-at","Showroom stock and lead time not supplied"
"8612249043267","Tower Gas Lift - 5FT - GI","899","899.00","1599","1599.00","retain live compare-at","Showroom stock and lead time not supplied"
"8612248846659","Taylor Bed GI","349","349.00","549","549.00","retain live compare-at","Showroom stock and lead time not supplied"
"8612248617283","TV Unit T32-S - GI","119","119.00","159","159.00","retain live compare-at","Showroom stock and lead time not supplied"
"8612248518979","Soho Locker GI","243","243.00","","","remove empty compare-at","Showroom stock and lead time not supplied"
"8612248191299","Soho Footstool GI","199","199.00","289","289.00","retain live compare-at","Showroom stock and lead time not supplied"
"8612247699779","Silver TV Unit S36M GI","130","130.00","199","199.00","retain live compare-at","Showroom stock and lead time not supplied"
"8612246323523","Oasis Base + Hogan Headboard GI","849","849.00","1059","1059.00","retain live compare-at","Showroom stock and lead time not supplied"
"8612246192451","Mayo Bed Grey-GI","575","575.00","899","899.00","retain live compare-at","Showroom stock and lead time not supplied"
"8612246028611","Mayo Bed Beige-GI","575","575.00","899","899.00","retain live compare-at","Showroom stock and lead time not supplied"
"8612244554051","Kingston Standard Bed-GI","399","399.00","549","549.00","retain live compare-at","Showroom stock and lead time not supplied"
"8612244324675","Kilkenny Silver Locker-GI","199","199.00","249","249.00","retain live compare-at","Showroom stock and lead time not supplied"
"8612244062531","Kilkenny Silver Bed-GI","499","499.00","899","899.00","retain live compare-at","Showroom stock and lead time not supplied"
"8612243636547","Kilkenny Grey Bed-GI","559","559.00","899","899.00","retain live compare-at","Showroom stock and lead time not supplied"
"8612242096451","Hogan Headboard-GI","375","375.00","449","449.00","retain live compare-at","Showroom stock and lead time not supplied"
"8612241277251","Galway Silver Bed-GI","575","575.00","699","699.00","retain live compare-at","Showroom stock and lead time not supplied"
"8612240818499","Galway Grey Bed-GI","579","579.00","699","699.00","retain live compare-at","Showroom stock and lead time not supplied"
"8612239900995","DP48-SV TV STAND GI","149","149.00","249","249.00","retain live compare-at","Showroom stock and lead time not supplied"
"8612239016259","Chair & Footstool 1986 - GI","589","589.00","799","799.00","retain live compare-at","Showroom stock and lead time not supplied"
"8612238328131","Carlow Beige Side Gas Lift Bed-GI","689","689.00","1029","1029.00","retain live compare-at","Showroom stock and lead time not supplied"
"8612238098755","Brazil Bed GI","299","299.00","399","399.00","retain live compare-at","Showroom stock and lead time not supplied"
"8612237410627","Arizona Bed DE-GI","872","872.00","1269","1269.00","retain live compare-at","Showroom stock and lead time not supplied"
"8612237377859","A60-U - GI","159","159.00","299","299.00","retain live compare-at","Showroom stock and lead time not supplied"
"8612237214019","5280 - TV Unit - GI","139","139.00","199","199.00","retain live compare-at","Showroom stock and lead time not supplied"
"8611165667651","Venus Rug - Grey Red","109","109.00","199","199.00","retain live compare-at","Showroom stock and lead time not supplied"
"8611165536579","Venus Rug - Grey Gold","109","109.00","199","199.00","retain live compare-at","Showroom stock and lead time not supplied"
"8611165372739","Venus Rug - Black Grey","109","109.00","199","199.00","retain live compare-at","Showroom stock and lead time not supplied"
"8611165307203","Venus Rug - Beige Brown","109","109.00","199","199.00","retain live compare-at","Showroom stock and lead time not supplied"
"8611165241667","Venice Rug - White 2941","69","69.00","129","129.00","retain live compare-at","Showroom stock and lead time not supplied"
"8611165110595","Venice Rug - Grey 2941","69","69.00","129","129.00","retain live compare-at","Showroom stock and lead time not supplied"
"8611165045059","Venice Rug - Grey 1721","69","69.00","129","129.00","retain live compare-at","Showroom stock and lead time not supplied"
"8611165012291","Venice Rug - Grey 1696","69","69.00","129","129.00","retain live compare-at","Showroom stock and lead time not supplied"
"8611164881219","Venice Rug - Blue 2941","69","69.00","129","129.00","retain live compare-at","Showroom stock and lead time not supplied"
"8611164815683","Venice Rug - Blue 1794","69","69.00","129","129.00","retain live compare-at","Showroom stock and lead time not supplied"
"8611164651843","Venice Rug - Blue 1696","69","69.00","129","129.00","retain live compare-at","Showroom stock and lead time not supplied"
"8611164455235","Storm Rug 972","139","139.00","259","259.00","retain live compare-at","Showroom stock and lead time not supplied"
"8611164258627","Storm Rug 752","139","139.00","259","259.00","retain live compare-at","Showroom stock and lead time not supplied"
"8611162292547","Saturn Rug - Grey Red","109","109.00","159","159.00","retain live compare-at","Showroom stock and lead time not supplied"
"8611162095939","Saturn Rug - Grey Gold","109","109.00","199","199.00","retain live compare-at","Showroom stock and lead time not supplied"
"8611161833795","Saturn Rug - Black Grey","109","109.00","199","199.00","retain live compare-at","Showroom stock and lead time not supplied"
"8611161604419","Saturn Rug - Beige Brown","109","109.00","199","199.00","retain live compare-at","Showroom stock and lead time not supplied"
"8611160883523","Primrose Rug Choc-Red","59","59.00","109","109.00","retain live compare-at","Showroom stock and lead time not supplied"
"8611160588611","Primrose Rug Beige-Brown","59","59.00","109","109.00","retain live compare-at","Showroom stock and lead time not supplied"
"8611160228163","Prada Silver Rug","99","99.00","179","179.00","retain live compare-at","Showroom stock and lead time not supplied"
"8611160129859","Prada Red Rug","109","109.00","199","199.00","retain live compare-at","Showroom stock and lead time not supplied"
"8611159966019","Prada Mink Rug","99","99.00","179","179.00","retain live compare-at","Showroom stock and lead time not supplied"
"8611159769411","Prada Grey Rug","99","99.00","179","179.00","retain live compare-at","Showroom stock and lead time not supplied"
"8611159507267","Prada Cream Rug","99","99.00","179","179.00","retain live compare-at","Showroom stock and lead time not supplied"
"8611159114051","Prada Coral Rug","99","99.00","179","179.00","retain live compare-at","Showroom stock and lead time not supplied"
"8611158524227","Prada Aquamarine Rug","99","99.00","179","179.00","retain live compare-at","Showroom stock and lead time not supplied"
"8611158327619","Pluton Rug - Grey Red","109","109.00","199","199.00","retain live compare-at","Showroom stock and lead time not supplied"
"8611158131011","Pluton Rug - Grey Gold","109","109.00","199","199.00","retain live compare-at","Showroom stock and lead time not supplied"
"8611157934403","Pluton Rug - Beige Brown","109","109.00","199","199.00","retain live compare-at","Showroom stock and lead time not supplied"
"8611157705027","Pluton Rug - Black Grey","109","109.00","199","199.00","retain live compare-at","Showroom stock and lead time not supplied"
"8611157410115","Ottova Rug Red","159","69.00","289","129.00","retain live compare-at","Showroom stock and lead time not supplied"
"8611157082435","Milo Rug - Salmon 02","59","59.00","109","109.00","retain live compare-at","Showroom stock and lead time not supplied"
"8611156984131","Milo Rug - Navy 03","59","59.00","109","109.00","retain live compare-at","Showroom stock and lead time not supplied"
"8611156853059","Milo Rug - Mustard 05","59","59.00","109","109.00","retain live compare-at","Showroom stock and lead time not supplied"
"8611156787523","Milo Rug - Grey 01","59","59.00","109","109.00","retain live compare-at","Showroom stock and lead time not supplied"
"8611156656451","Milo Rug - Black 04","59","59.00","109","109.00","retain live compare-at","Showroom stock and lead time not supplied"
"8611156590915","Milo Rug - Beige 06","59","59.00","109","109.00","retain live compare-at","Showroom stock and lead time not supplied"
"8611156099395","Max Rug 791","99","99.00","179","179.00","retain live compare-at","Showroom stock and lead time not supplied"
"8611155968323","Max Rug 671","99","99.00","179","179.00","retain live compare-at","Showroom stock and lead time not supplied"
"8611155870019","Mason Rug - 110 Grey Mustard","99","99.00","179","179.00","retain live compare-at","Showroom stock and lead time not supplied"
"8611155607875","Mason Rug - 109 Grey Orange","99","99.00","179","179.00","retain live compare-at","Showroom stock and lead time not supplied"
"8611155378499","Mason Rug - 108 Grey Blue","99","99.00","179","179.00","retain live compare-at","Showroom stock and lead time not supplied"
"8611154723139","Mason Rug - 105 Grey Blue","99","99.00","179","179.00","retain live compare-at","Showroom stock and lead time not supplied"
"8611154362691","Mason Rug - 103 Navy Grey","99","99.00","179","179.00","retain live compare-at","Showroom stock and lead time not supplied"
"8611153314115","Kiss 800 Rug","81","34.00","149","69.00","retain live compare-at","Showroom stock and lead time not supplied"
"8611152953667","Kiss 070 Rug","89","39.00","169","79.00","retain live compare-at","Showroom stock and lead time not supplied"
"8611152855363","Jasper Rug Beige","59","59.00","109","109.00","retain live compare-at","Showroom stock and lead time not supplied"
"8611151479107","Ivy Rug 092","249","249.00","449","449.00","retain live compare-at","Showroom stock and lead time not supplied"
"8611151053123","Ivy Rug 022","249","249.00","449","449.00","retain live compare-at","Showroom stock and lead time not supplied"
"8611150856515","Harper Rug 652","139","139.00","259","259.00","retain live compare-at","Showroom stock and lead time not supplied"
"8611150692675","Harper Rug 592","239","239.00","439","439.00","retain live compare-at","Showroom stock and lead time not supplied"
"8611150463299","Harper Rug 522","139","139.00","259","259.00","retain live compare-at","Showroom stock and lead time not supplied"
"8611150332227","Empire Rug Silver","54","54.00","99","99.00","retain live compare-at","Showroom stock and lead time not supplied"
"8611150201155","Empire Rug Ochre","59","59.00","109","109.00","retain live compare-at","Showroom stock and lead time not supplied"
"8611150037315","Empire Rug Grey","59","59.00","109","109.00","retain live compare-at","Showroom stock and lead time not supplied"
"8611149644099","Empire Rug Charcoal","59","59.00","109","109.00","retain live compare-at","Showroom stock and lead time not supplied"
"8611149250883","Elise Rug Silver","59","59.00","109","109.00","retain live compare-at","Showroom stock and lead time not supplied"
"8611148529987","Elise Rug Cream-Red","59","59.00","109","109.00","retain live compare-at","Showroom stock and lead time not supplied"
"8611147776323","Darcy Rug Navy","59","59.00","109","109.00","retain live compare-at","Showroom stock and lead time not supplied"
"8611146957123","Darcy Rug Beige","149","149.00","269","269.00","retain live compare-at","Showroom stock and lead time not supplied"
"8611145646403","Dakar Rug - Gold","99","99.00","179","179.00","retain live compare-at","Showroom stock and lead time not supplied"
"8611144892739","Cruz Rug - Taupe 04","59","59.00","109","109.00","retain live compare-at","Showroom stock and lead time not supplied"
"8611144565059","Cruz Rug - Red 02","59","59.00","109","109.00","retain live compare-at","Showroom stock and lead time not supplied"
"8611144270147","Cruz Rug - Navy 03","59","59.00","109","109.00","retain live compare-at","Showroom stock and lead time not supplied"
"8611143844163","Cruz Rug - Mustard 06","59","59.00","109","109.00","retain live compare-at","Showroom stock and lead time not supplied"
"8611143254339","Cruz Rug - Green 05","59","59.00","109","109.00","retain live compare-at","Showroom stock and lead time not supplied"
"8611142730051","Cruz Rug - Black 01","59","59.00","109","109.00","retain live compare-at","Showroom stock and lead time not supplied"
"8611142074691","Chad Rug 592","259","259.00","469","469.00","retain live compare-at","Showroom stock and lead time not supplied"
"8611141321027","Chad Rug 572","149","149.00","269","269.00","retain live compare-at","Showroom stock and lead time not supplied"
"8611140108611","Broadway Rug - 5296A","99","99.00","179","179.00","retain live compare-at","Showroom stock and lead time not supplied"
"8611139289411","Broadway Rug - 5293A","99","99.00","179","179.00","retain live compare-at","Showroom stock and lead time not supplied"
"8611138699587","Broadway Rug - 5185A","99","99.00","179","179.00","retain live compare-at","Showroom stock and lead time not supplied"
"8611138240835","Broadway Rug - 5182A","99","99.00","179","179.00","retain live compare-at","Showroom stock and lead time not supplied"
"8611137585475","Broadway Rug - 5008A","99","99.00","179","179.00","retain live compare-at","Showroom stock and lead time not supplied"
"8611136897347","Broadway Rug - 4950A","99","99.00","179","179.00","retain live compare-at","Showroom stock and lead time not supplied"
"8611136209219","Broadway Rug - 4945A","99","99.00","179","179.00","retain live compare-at","Showroom stock and lead time not supplied"
"8611134079299","Blaze Rug - Toupe Beige 03","59","59.00","109","109.00","retain live compare-at","Showroom stock and lead time not supplied"
"8611133980995","Blaze Rug - Navy Blue 02","59","59.00","109","109.00","retain live compare-at","Showroom stock and lead time not supplied"
"8611133817155","Blaze Rug - Ivory Orange 01","59","59.00","109","109.00","retain live compare-at","Showroom stock and lead time not supplied"
"8611133489475","Blaze Rug - Grey 04","59","59.00","109","109.00","retain live compare-at","Showroom stock and lead time not supplied"
"8611132866883","Aspire Rug - 108","89","89.00","169","169.00","retain live compare-at","Showroom stock and lead time not supplied"
"8611132440899","Aspire Rug - 107","99","99.00","179","179.00","retain live compare-at","Showroom stock and lead time not supplied"
"8611132080451","Aspire Rug - 106","99","99.00","179","179.00","retain live compare-at","Showroom stock and lead time not supplied"
"8611131359555","Aspire Rug - 104","99","99.00","179","179.00","retain live compare-at","Showroom stock and lead time not supplied"
"8611131261251","Aspire Rug - Gold","89","89.00","169","169.00","retain live compare-at","Showroom stock and lead time not supplied"
"8611131195715","Aspire Rug - Silver","99","99.00","179","179.00","retain live compare-at","Showroom stock and lead time not supplied"
"8611131130179","Aspire Rug - Blue","99","99.00","179","179.00","retain live compare-at","Showroom stock and lead time not supplied"
"8611130704195","Ashton Rug - Toupe Beige 02","59","59.00","109","109.00","retain live compare-at","Showroom stock and lead time not supplied"
"8611130507587","Ashton Rug - Mustard Cream 04","59","59.00","109","109.00","retain live compare-at","Showroom stock and lead time not supplied"
"8611130147139","Ashton Rug - Ivory Orange 01","59","59.00","109","109.00","retain live compare-at","Showroom stock and lead time not supplied"
"8611129917763","Ashton Rug - Grey 05","59","59.00","109","109.00","retain live compare-at","Showroom stock and lead time not supplied"
"8611129753923","Ashton Rug - Blue Navy 03","59","59.00","109","109.00","retain live compare-at","Showroom stock and lead time not supplied"
"8611129622851","Asher Rug Grey-Red","99","99.00","179","179.00","retain live compare-at","Showroom stock and lead time not supplied"
"8611129360707","Asher Rug Grey-Mustard","59","59.00","109","109.00","retain live compare-at","Showroom stock and lead time not supplied"
"8611129000259","Asher Rug Grey-Beige","59","59.00","109","109.00","retain live compare-at","Showroom stock and lead time not supplied"
"8611128770883","Alisa Rug - Grey Black","89","89.00","169","169.00","retain live compare-at","Showroom stock and lead time not supplied"
"8611128607043","Alisa Rug - Dark Grey Black","99","99.00","179","179.00","retain live compare-at","Showroom stock and lead time not supplied"
"8611127820611","Alaska Rug 5 - 104 White","59","59.00","109","109.00","retain live compare-at","Showroom stock and lead time not supplied"
"8611127755075","Alaska Rug 4 - 108","89","89.00","169","169.00","retain live compare-at","Showroom stock and lead time not supplied"
"8611127624003","Alaska Rug 3 - 123A","99","99.00","179","179.00","retain live compare-at","Showroom stock and lead time not supplied"
"8611127591235","Alaska Rug 2 - 104 Blue","99","99.00","179","179.00","retain live compare-at","Showroom stock and lead time not supplied"
"8611127492931","Alaska Rug 1 - 115A","49","49.00","89","89.00","retain live compare-at","Showroom stock and lead time not supplied"
"8611099410755","Accra Rug - Grey Lilac","99","99.00","179","179.00","retain live compare-at","Showroom stock and lead time not supplied"
"8611099312451","Accra Rug - Grey Gold","99","99.00","179","179.00","retain live compare-at","Showroom stock and lead time not supplied"
"8611099148611","Accra Rug - Grey Black","99","99.00","179","179.00","retain live compare-at","Showroom stock and lead time not supplied"
"8611099083075","Accra Rug - Cream Red","99","99.00","179","179.00","retain live compare-at","Showroom stock and lead time not supplied"
"8361295315267","Ortho Guest Bed with trundle / 2 Mattresses FE","699","699.00","849","849.00","retain live compare-at","Showroom stock and lead time not supplied"
"7777741799611","Toronto Sliding Wardrobe BR","699","699.00","1099","1099.00","retain live compare-at","Showroom stock and lead time not supplied"
"7755757027515","Max Sofa Bed BRE","799","799.00","1199","1199.00","retain live compare-at","Showroom stock and lead time not supplied"
"7755736285371","Paradise Mattress - G05 - GI","589","589.00","899","899.00","retain live compare-at","Showroom stock and lead time not supplied"
"7755733631163","Aloe Vera G02 - GI","349","349.00","499","499.00","retain live compare-at","Showroom stock and lead time not supplied"
"7744478052539","Kensington Bed Frame - IM","699","699.00","849","849.00","retain live compare-at","Showroom stock and lead time not supplied"
"7674884096187","Columbia Table & Chairs - HJ","899","899.00","1499","1499.00","retain live compare-at","Showroom stock and lead time not supplied"
"7674868564155","CHANTELLE CAPPUCCINO SET - HJ","1109","1109.00","1649","1649.00","retain live compare-at","Showroom stock and lead time not supplied"
"7466781868219","Denmark Sliding Wardrobe DE","599","599.00","1099","1099.00","retain live compare-at","Showroom stock and lead time not supplied"
"7418400243899","Lagan 5 Drawer Chest HB","499","499.00","649","649.00","retain live compare-at","Showroom stock and lead time not supplied"
"7413474492603","Lagan Bed Frame HB","399","399.00","549","549.00","retain live compare-at","Showroom stock and lead time not supplied"
"6849249083579","Troy Study-Writing Desk - HJ","169","169.00","299","299.00","retain live compare-at","Showroom stock and lead time not supplied"
"7083404198075","Staten TV Unit HJ","189","189.00","299","299.00","retain live compare-at","Showroom stock and lead time not supplied"
"7081979674811","Troy Bookcase - HJ","169","169.00","299","299.00","retain live compare-at","Showroom stock and lead time not supplied"
"7051384455355","Home Trend's Furniture Gift Voucher","50","50.00","","","remove empty compare-at","Showroom stock and lead time not supplied"
"7048497660091","Polly Storage Bed Frame DI","1115","799.00","","","remove empty compare-at","Showroom stock and lead time not supplied"
"7048490713275","Lola Storage Bed Frame DI","1099","699.00","","","remove empty compare-at","Showroom stock and lead time not supplied"
"7048486781115","Mayfair Wingback Storage Bed Frame DD","1199","838.00","1699","1699.00","retain live compare-at","Showroom stock and lead time not supplied"
"7048482750651","Chiswick Storage Bed Frame DD","1239","899.00","1329","1329.00","retain live compare-at","Showroom stock and lead time not supplied"
"7019219419323","Roma 27“ Headboard AJ","159","159.00","","","remove empty compare-at","Showroom stock and lead time not supplied"
"7019205558459","Panel 27"" Headboard AJ","159","159.00","","","remove empty compare-at","Showroom stock and lead time not supplied"
"7019191009467","Button Top 27"" Headboard","129","129.00","199","199.00","retain live compare-at","Showroom stock and lead time not supplied"
"7016713978043","Button Top 27"" Headboard & Base","299","299.00","449","449.00","retain live compare-at","Showroom stock and lead time not supplied"
"7019043782843","Deep Panel 27"" Headboard & Base AJ","329","329.00","558","558.00","retain live compare-at","Showroom stock and lead time not supplied"
"7016711356603","Clara Headboard & Base","239","239.00","449","449.00","retain live compare-at","Showroom stock and lead time not supplied"
"7018779967675","Band 27"" Headboard & Base with Drawer AJ","379","379.00","499","499.00","retain live compare-at","Showroom stock and lead time not supplied"
"7009924382907","Boston Sliding Wardrobe - DE","989","989.00","1489","1489.00","retain live compare-at","Showroom stock and lead time not supplied"
"7009888370875","Cuba Sliding Wardrobe DE","999","799.00","1449","1299.00","retain live compare-at","Showroom stock and lead time not supplied"
"7001240109243","Opal Mattress","199","199.00","269","269.00","retain live compare-at","Showroom stock and lead time not supplied"
"7001216647355","Madrid Mattress","189","189.00","349","349.00","retain live compare-at","Showroom stock and lead time not supplied"
"7001167659195","Royal Coil Luxury Opulence Mattress","699","699.00","1199","1199.00","retain live compare-at","Showroom stock and lead time not supplied"
"6999852318907","Royal Coil Superb Mattress","749","749.00","1079","1079.00","retain live compare-at","Showroom stock and lead time not supplied"
"6999784882363","Royal Coil Supreme Mattress","769","769.00","1029","1029.00","retain live compare-at","Showroom stock and lead time not supplied"
"6965137473723","Oscar Slatted Bed GA","699","699.00","798","798.00","retain live compare-at","Showroom stock and lead time not supplied"
"6967481073851","Vicenza Lamp Table GA","279","279.00","399","399.00","retain live compare-at","Showroom stock and lead time not supplied"
"6967476912315","Vicenza Console Table GA","329","329.00","499","499.00","retain live compare-at","Showroom stock and lead time not supplied"
"6967421862075","Vicenza 1.6 Metre Fixed Table Light Grey GA","599","599.00","799","799.00","retain live compare-at","Showroom stock and lead time not supplied"
"6967397253307","Vicenza 1.6 Metre Extension Table GA","989","989.00","","949.00","retain live compare-at","Showroom stock and lead time not supplied"
"6967357112507","Verona Coffee Table GA","229","229.00","299","299.00","retain live compare-at","Showroom stock and lead time not supplied"
"6967173316795","Talia Velvet Chair GA","159","159.00","199","199.00","retain live compare-at","Showroom stock and lead time not supplied"
"6967168237755","Salou Curved Bed GA","899","899.00","969","969.00","retain live compare-at","Showroom stock and lead time not supplied"
"6967162142907","Salou 3 Drawer Locker GA","279","279.00","299","299.00","retain live compare-at","Showroom stock and lead time not supplied"
"6965603139771","Rimini Chair PU GA","119","119.00","149","149.00","retain live compare-at","Showroom stock and lead time not supplied"
"6965228044475","Oscar Small Bookcase GA","439","439.00","499","499.00","retain live compare-at","Showroom stock and lead time not supplied"
"6965199700155","Oscar Coffee Table GA","379","379.00","499","499.00","retain live compare-at","Showroom stock and lead time not supplied"
"6965196554427","Oscar Coffee Table with drawer GA","579","579.00","619","619.00","retain live compare-at","Showroom stock and lead time not supplied"
"6965169488059","Oscar Double Display Cabinet GA","989","989.00","1525","1525.00","retain live compare-at","Showroom stock and lead time not supplied"
"6965168275643","Oscar Corner TV Unit GA","399","399.00","459","459.00","retain live compare-at","Showroom stock and lead time not supplied"
"6965167653051","Oscar Coffee Table GA","379","379.00","499","499.00","retain live compare-at","Showroom stock and lead time not supplied"
"6965156020411","Oscar 3 Door 3 Drawer Sideboard GA","899","899.00","1089","1089.00","retain live compare-at","Showroom stock and lead time not supplied"
"6965154742459","Oscar 2 Drawer Console Table GA","399","399.00","489","489.00","retain live compare-at","Showroom stock and lead time not supplied"
"6965153956027","Oscar 2 Door 2 Drawer Sideboard GA","679","679.00","849","849.00","retain live compare-at","Showroom stock and lead time not supplied"
"6965141340347","Oscar Double Wardrobe With Drawers GA","1099","1099.00","1299","1299.00","retain live compare-at","Showroom stock and lead time not supplied"
"6965140619451","Oscar 6 Drawer Wide Chest GA","849","849.00","899","899.00","retain live compare-at","Showroom stock and lead time not supplied"
"6965135802555","Oscar Curved Bed GA","799","799.00","899","899.00","retain live compare-at","Showroom stock and lead time not supplied"
"6965133181115","Oscar 3 Drawer Locker GA","229","229.00","299","299.00","retain live compare-at","Showroom stock and lead time not supplied"
"6965124366523","Munich Round Nest of Tables GA","199","199.00","299","299.00","retain live compare-at","Showroom stock and lead time not supplied"
"6965087469755","Munich Lamp Table GA","149","149.00","","","remove empty compare-at","Showroom stock and lead time not supplied"
"6965086617787","Munich Coffee Table GA","199","199.00","289","289.00","retain live compare-at","Showroom stock and lead time not supplied"
"6963916013755","Milan Lamp Table GA","169","169.00","199","199.00","retain live compare-at","Showroom stock and lead time not supplied"
"6963914932411","Milan Console Table GA","229","229.00","299","299.00","retain live compare-at","Showroom stock and lead time not supplied"
"6963914014907","Milan Coffee Table GA","219","219.00","269","269.00","retain live compare-at","Showroom stock and lead time not supplied"
"6958399815867","London Bed Frame GA","749","749.00","849","849.00","retain live compare-at","Showroom stock and lead time not supplied"
"6958364229819","Kylie Bed Frame GA","399","399.00","479","479.00","retain live compare-at","Showroom stock and lead time not supplied"
"6958362427579","Kylie Double Wardrobe GA","549","549.00","629","629.00","retain live compare-at","Showroom stock and lead time not supplied"
"6958361215163","Kylie Bedside Locker GA","169","169.00","249","249.00","retain live compare-at","Showroom stock and lead time not supplied"
"6954531586235","Infinity Coffee Table GA","219","219.00","279","279.00","retain live compare-at","Showroom stock and lead time not supplied"
"6954476535995","Hanna Slatted Bed GA","239","239.00","299","299.00","retain live compare-at","Showroom stock and lead time not supplied"
"6953243148475","Fredrik Lamp Table GA","189","189.00","299","299.00","retain live compare-at","Showroom stock and lead time not supplied"
"6952973893819","Fredrik Desk (Flatpack) GA","349","349.00","399","399.00","retain live compare-at","Showroom stock and lead time not supplied"
"6949888852155","Delta Oak Bed GA","899","899.00","1099","1099.00","retain live compare-at","Showroom stock and lead time not supplied"
"6949884559547","Delta Oak 3+4 Drawer Wide Chest GA","899","899.00","","899.00","retain live compare-at","Showroom stock and lead time not supplied"
"6949868470459","Delta Oak 3+4 Drawer Tall Chest GA","899","899.00","1099","1099.00","retain live compare-at","Showroom stock and lead time not supplied"
"6947240542395","Daniella Bed GA","799","799.00","889","889.00","retain live compare-at","Showroom stock and lead time not supplied"
"6945740226747","Bella Double Wardrobe with Drawer GA","1049","1049.00","1149","1149.00","retain live compare-at","Showroom stock and lead time not supplied"
"6945737048251","Bella Bed GA","829","829.00","899","899.00","retain live compare-at","Showroom stock and lead time not supplied"
"6945718665403","Bamberg Chair Dark Grey GA","129","129.00","199","199.00","retain live compare-at","Showroom stock and lead time not supplied"
"6945713258683","Alana Slatted Bed GA","259","259.00","399","399.00","retain live compare-at","Showroom stock and lead time not supplied"
"6945700151483","Aintree Bed GA","449","449.00","599","599.00","retain live compare-at","Showroom stock and lead time not supplied"
"6945698873531","Aintree 3+2 Drawer Chest GA","799","799.00","","599.00","retain live compare-at","Showroom stock and lead time not supplied"
"6938831847611","Frankfurt Lamp Table - HJ","109","109.00","149","149.00","retain live compare-at","Showroom stock and lead time not supplied"
"6921613770939","Hollie Triple Bunk Bed HJ","549","549.00","799","799.00","retain live compare-at","Showroom stock and lead time not supplied"
"6921598599355","Eric Corner Bunk - HJ","549","549.00","899","899.00","retain live compare-at","Showroom stock and lead time not supplied"
"6921593422011","Cassie Bunk Bed HJ","449","449.00","549","549.00","retain live compare-at","Showroom stock and lead time not supplied"
"6921471983803","Robson Bed Frame - HJ","169","169.00","299","299.00","retain live compare-at","Showroom stock and lead time not supplied"
"6847046254779","Columbia Oak Dining Set - HJ","599","599.00","899","899.00","retain live compare-at","Showroom stock and lead time not supplied"
"6847023710395","Alicante Dining Set - HJ","599","599.00","899","899.00","retain live compare-at","Showroom stock and lead time not supplied"
"6884152082619","Roxy 2 Seater Sofa - IM","499","499.00","899","899.00","retain live compare-at","Showroom stock and lead time not supplied"
"6849575846075","Sarah Black PU Office Chair - HJ","189","189.00","239","239.00","retain live compare-at","Showroom stock and lead time not supplied"
"6849245184187","Oak Writing Desk with Drawers - HJ","125","125.00","175","175.00","retain live compare-at","Showroom stock and lead time not supplied"
"6849242333371","Gina Writing Desk - HJ","129","129.00","199","199.00","retain live compare-at","Showroom stock and lead time not supplied"
"6849201602747","Staten Console Table - HJ","169","169.00","299","299.00","retain live compare-at","Showroom stock and lead time not supplied"
"6849200586939","Staten Coffee Table - HJ","179","179.00","299","299.00","retain live compare-at","Showroom stock and lead time not supplied"
"6849188626619","Manhattan Coffee Table - HJ","179","179.00","269","269.00","retain live compare-at","Showroom stock and lead time not supplied"
"6849185218747","Manhattan Lamp Table - HJ","129","129.00","199","199.00","retain live compare-at","Showroom stock and lead time not supplied"
"6849171914939","Manhattan Console Table - HJ","179","179.00","269","269.00","retain live compare-at","Showroom stock and lead time not supplied"
"6849101299899","Boston Coffee Table - HJ","119","119.00","169","169.00","retain live compare-at","Showroom stock and lead time not supplied"
"6847396577467","Thames Extending Dining Set - HJ","599","599.00","949","949.00","retain live compare-at","Showroom stock and lead time not supplied"
"6847291392187","Rochester Dining Set - HJ","649","649.00","949","949.00","retain live compare-at","Showroom stock and lead time not supplied"
"6847271108795","Nappa Grey & Oak Dining Set with Bench - HJ","669","669.00","849","849.00","retain live compare-at","Showroom stock and lead time not supplied"
"6847184371899","Hampshire Grey Dining Set - HJ","599","599.00","1099","1099.00","retain live compare-at","Showroom stock and lead time not supplied"
"6847124570299","Galina Dining Set - HJ","299","299.00","549","549.00","retain live compare-at","Showroom stock and lead time not supplied"
"6847052447931","Dropleaf Dining Set - HJ","299","299.00","489","489.00","retain live compare-at","Showroom stock and lead time not supplied"
"6847028134075","Bolton Dining Set - HJ","459","459.00","749","749.00","retain live compare-at","Showroom stock and lead time not supplied"
"6828614811835","Cassie Bed Frame HJ","169","169.00","299","299.00","retain live compare-at","Showroom stock and lead time not supplied"
"6819445276859","Quilted Bean Bag - IM","89","89.00","119","119.00","retain live compare-at","Showroom stock and lead time not supplied"
"6819444228283","Kid's Recliner With Cupholder - IM","169","169.00","229","229.00","retain live compare-at","Showroom stock and lead time not supplied"
"6819411296443","Lynn Accent Chair - IM","279","279.00","499","499.00","retain live compare-at","Showroom stock and lead time not supplied"
"6819410346171","Kenmare Chair & Footstool - IM","569","469.00","699","699.00","retain live compare-at","Showroom stock and lead time not supplied"
"6819410018491","Kirkby Sofa Bed - IM","989","989.00","1489","1489.00","retain live compare-at","Showroom stock and lead time not supplied"
"6815460786363","Emily Patchwork Cube - IM","65","65.00","95","95.00","retain live compare-at","Showroom stock and lead time not supplied"
"6815460720827","Annah Linen Patchwork Chair Multicolour - IM","149","149.00","169","169.00","retain live compare-at","Showroom stock and lead time not supplied"
