product_id,title,index,source,output,status,background_pixels
"6815460720827","Annah Linen Patchwork Chair Multicolour - IM","1","https://cdn.shopify.com/s/files/1/0567/1377/3243/products/AnnahLinenPatchworkChair.jpg?v=1620391281","/media/catalogue/d0676b2028f7fed0.webp","processed original","890885"
"6815460786363","Emily Patchwork Cube - IM","1","https://cdn.shopify.com/s/files/1/0567/1377/3243/products/EmilyCube.jpg?v=1620393847","/media/catalogue/6362bbf0bf9bd85d.webp","processed original","764679"
"6815460851899","Aspen Sofa Bed - IM","1","https://cdn.shopify.com/s/files/1/0567/1377/3243/products/AspenSofabedMustard-tealpatchwork2.jpg?v=1711471497","/media/catalogue/ac70eff8c35376e7.webp","processed original","951138"
"6815460851899","Aspen Sofa Bed - IM","2","https://cdn.shopify.com/s/files/1/0567/1377/3243/files/Aspen-Sofa-Bed-Teal-Patchwork-1.jpg?v=1711471497","/media/catalogue/1fd7d7eda0dc2b52.webp","processed original","412450"
"6815460851899","Aspen Sofa Bed - IM","3","https://cdn.shopify.com/s/files/1/0567/1377/3243/products/AspenSofabedMustard-tealpatchwork.jpg?v=1711471497","/media/catalogue/60af1002ce374b2d.webp","processed original","953857"
"6815460851899","Aspen Sofa Bed - IM","4","https://cdn.shopify.com/s/files/1/0567/1377/3243/files/DSC00824.webp?v=1715192669","/media/catalogue/6fbddcf9e6e969e4.webp","processed original","0"
"6815460851899","Aspen Sofa Bed - IM","5","https://cdn.shopify.com/s/files/1/0567/1377/3243/files/DSC00826.webp?v=1715192669","/media/catalogue/f9b96de3da66f53b.webp","processed original","0"
"6815460851899","Aspen Sofa Bed - IM","6","https://cdn.shopify.com/s/files/1/0567/1377/3243/files/DSC00829.webp?v=1715192669","/media/catalogue/00ed2142b40637ab.webp","processed original","0"
"6815460851899","Aspen Sofa Bed - IM","7","https://cdn.shopify.com/s/files/1/0567/1377/3243/files/DSC00830.webp?v=1715192668","/media/catalogue/591457bcdcf642b4.webp","processed original","0"
"6815460851899","Aspen Sofa Bed - IM","8","https://cdn.shopify.com/s/files/1/0567/1377/3243/files/DSC00832.webp?v=1715192670","/media/catalogue/8bb5bbe195d6a400.webp","processed original","0"
"6815460851899","Aspen Sofa Bed - IM","9","https://cdn.shopify.com/s/files/1/0567/1377/3243/files/DSC00833.webp?v=1715192668","/media/catalogue/f3344ebc2daca67d.webp","processed original","0"
"6819410018491","Kirkby Sofa Bed - IM","1","https://cdn.shopify.com/s/files/1/0567/1377/3243/products/KirkySOfabed2.png?v=1620389507","/media/catalogue/125c7dc5bc30e882.webp","processed original","0"
"6819410018491","Kirkby Sofa Bed - IM","2","https://cdn.shopify.com/s/files/1/0567/1377/3243/products/KirkySofaBed.jpg?v=1620389507","/media/catalogue/38dea8f912e1d4ba.webp","processed original","0"
"6819410346171","Kenmare Chair & Footstool - IM","1","https://cdn.shopify.com/s/files/1/0567/1377/3243/files/KenmareChair_Footstool-DarkGreyRH6.jpg7_af1e1f03-0bc4-40c9-bd8b-7407ad5db53e.webp?v=1715116465","/media/catalogue/c702b3ce96644508.webp","processed original","0"
"6819410346171","Kenmare Chair & Footstool - IM","2","https://cdn.shopify.com/s/files/1/0567/1377/3243/files/KenamareAnchorJS1283D-3661.webp?v=1715116465","/media/catalogue/ae2ae9da2007d44c.webp","processed original","0"
"6819410346171","Kenmare Chair & Footstool - IM","3","https://cdn.shopify.com/s/files/1/0567/1377/3243/files/KenamareAnchorJS1283D-366.3.webp?v=1715116465","/media/catalogue/46ebed5567b321f2.webp","processed original","0"
"6819410346171","Kenmare Chair & Footstool - IM","4","https://cdn.shopify.com/s/files/1/0567/1377/3243/files/KenamareAnchorJS1283D-3662.webp?v=1715116465","/media/catalogue/2050fdb2fcff589e.webp","processed original","0"
"6819410346171","Kenmare Chair & Footstool - IM","5","https://cdn.shopify.com/s/files/1/0567/1377/3243/files/KenamareChestnutJS1283D-345.2.webp?v=1715116465","/media/catalogue/39ce49fd2bab7c49.webp","processed original","0"
"6819410346171","Kenmare Chair & Footstool - IM","6","https://cdn.shopify.com/s/files/1/0567/1377/3243/files/KenamareChestnutJS1283D-345.3.webp?v=1715116465","/media/catalogue/d715a25e50e799a6.webp","processed original","0"
"6819410346171","Kenmare Chair & Footstool - IM","7","https://cdn.shopify.com/s/files/1/0567/1377/3243/files/KenamareChestnutJS1283D-3451.webp?v=1715116465","/media/catalogue/f64066fece620cb6.webp","processed original","0"
"6819410346171","Kenmare Chair & Footstool - IM","8","https://cdn.shopify.com/s/files/1/0567/1377/3243/files/0002019_kenmare-chair-footstool-shadow.webp?v=1715116465","/media/catalogue/56ad129e4236e965.webp","processed original","0"
"6819410346171","Kenmare Chair & Footstool - IM","9","https://cdn.shopify.com/s/files/1/0567/1377/3243/files/Kenmare-Fabric-Ash-1-600x600_2543e036-76d6-4d84-8305-1c2462ed1055.webp?v=1715116465","/media/catalogue/5d2f53a90dccf06b.webp","processed original","240870"
"6819410575547","Brandon Armchair - IM","1","https://cdn.shopify.com/s/files/1/0567/1377/3243/files/BrandonChairA0322SP0772A-75LightGrey123.webp?v=1715117019","/media/catalogue/35dc9befd176215f.webp","processed original","0"
"6819410575547","Brandon Armchair - IM","2","https://cdn.shopify.com/s/files/1/0567/1377/3243/files/BrandonChairA0322SP0772A-75LightGrey321.webp?v=1715117019","/media/catalogue/772704db7696d09d.webp","processed original","0"
"6819410575547","Brandon Armchair - IM","3","https://cdn.shopify.com/s/files/1/0567/1377/3243/files/BrandonChairA0322SP0772A-78Oatmeal1.webp?v=1715117019","/media/catalogue/0fe42ce9bbb023b1.webp","processed original","0"
"6819410575547","Brandon Armchair - IM","4","https://cdn.shopify.com/s/files/1/0567/1377/3243/files/BrandonChairA0322SP0772A-78Oatmeal2.webp?v=1715117019","/media/catalogue/a42236f2ca2ab1a4.webp","processed original","0"
"6819410575547","Brandon Armchair - IM","5","https://cdn.shopify.com/s/files/1/0567/1377/3243/files/BrandonChairA0322SP0772A-78Oatmeal3.webp?v=1715117019","/media/catalogue/e79c9b9a278ff831.webp","processed original","0"
"6819410575547","Brandon Armchair - IM","6","https://cdn.shopify.com/s/files/1/0567/1377/3243/products/BrandonArmchairGrey.jpg?v=1715117019","/media/catalogue/75e7c614b2b8f81c.webp","processed original","1165245"
"6819411296443","Lynn Accent Chair - IM","1","https://cdn.shopify.com/s/files/1/0567/1377/3243/products/Lynn-MY6800ML_blush_PT0979-04._1.jpg?v=1620387903","/media/catalogue/028119669d469acb.webp","processed original","0"
"6819411296443","Lynn Accent Chair - IM","2","https://cdn.shopify.com/s/files/1/0567/1377/3243/products/Lynn-MY6800ML_blush_PT0979-04._3.jpg?v=1620387904","/media/catalogue/4358019c15be8261.webp","processed original","0"
"6819441279163","Snug Milano Bean Chair - IM","1","https://cdn.shopify.com/s/files/1/0567/1377/3243/products/SnugMilanoBlue.jpg?v=1620395838","/media/catalogue/63cd7624315a877b.webp","processed original","0"
"6819441279163","Snug Milano Bean Chair - IM","2","https://cdn.shopify.com/s/files/1/0567/1377/3243/products/SnugMilanoGrey.jpg?v=1620395838","/media/catalogue/4c53ae5fd0469b3f.webp","processed original","0"
"6819441279163","Snug Milano Bean Chair - IM","3","https://cdn.shopify.com/s/files/1/0567/1377/3243/products/SnugMilanoBlack.jpg?v=1620395838","/media/catalogue/40e2c11bb73f39ef.webp","processed original","786987"
"6819441279163","Snug Milano Bean Chair - IM","4","https://cdn.shopify.com/s/files/1/0567/1377/3243/products/SnugMilanopink.jpg?v=1620395838","/media/catalogue/2634494017a5014f.webp","processed original","746780"
"6819441279163","Snug Milano Bean Chair - IM","5","https://cdn.shopify.com/s/files/1/0567/1377/3243/products/SnugMilanoRed.jpg?v=1620395838","/media/catalogue/ed75946ad32a33b3.webp","processed original","642770"
"6819443933371","Orthopedic Chair IM","1","https://cdn.shopify.com/s/files/1/0567/1377/3243/products/Orthopedic_Chair_Black.jpg?v=1620387907","/media/catalogue/d6f74eb3863149ca.webp","processed original","0"
"6819443933371","Orthopedic Chair IM","2","https://cdn.shopify.com/s/files/1/0567/1377/3243/products/Orthopedic_Chair_Brown.jpg?v=1620387907","/media/catalogue/4b6ca89c97df8e17.webp","processed original","0"
"6819443933371","Orthopedic Chair IM","3","https://cdn.shopify.com/s/files/1/0567/1377/3243/products/Orthopedic_Chair_Amorie_Burgundy.jpg?v=1620387907","/media/catalogue/521756e60df3f8f2.webp","excluded: Sale/price signage: SALE 37VS | SALE 37VS | SALE 3IVS | SALE aIVS | 8 | AVW","0"
"6819443933371","Orthopedic Chair IM","4","https://cdn.shopify.com/s/files/1/0567/1377/3243/products/Orthopeadic_chair_with_60117W-1.jpg?v=1620387907","/media/catalogue/4613bd5c05d01fc3.webp","processed original","0"
"6819443933371","Orthopedic Chair IM","5","https://cdn.shopify.com/s/files/1/0567/1377/3243/files/0001838_orthopedic-chair-brown.jpg?v=1739619829","/media/catalogue/41255f65d9cad727.webp","processed original","0"
"6819443933371","Orthopedic Chair IM","6","https://cdn.shopify.com/s/files/1/0567/1377/3243/files/0001839_orthopedic-chair-burgandy.jpg?v=1739619882","/media/catalogue/687beb7b992414aa.webp","processed original","0"
"6819443933371","Orthopedic Chair IM","7","https://cdn.shopify.com/s/files/1/0567/1377/3243/files/0000845_orthopedic-chair-tan.jpg?v=1739619909","/media/catalogue/a027283da091fe48.webp","processed original","0"
"6819443933371","Orthopedic Chair IM","8","https://cdn.shopify.com/s/files/1/0567/1377/3243/files/Orthopedic_brown.png?v=1739620309","/media/catalogue/d3583a0011f3a04b.webp","processed original","0"
"6819443933371","Orthopedic Chair IM","9","https://cdn.shopify.com/s/files/1/0567/1377/3243/files/Orthopedic_Burg.png?v=1739620338","/media/catalogue/4c40f9d298cab816.webp","processed original","0"
"6819443933371","Orthopedic Chair IM","10","https://cdn.shopify.com/s/files/1/0567/1377/3243/files/Orthopedic_Tan.png?v=1739620362","/media/catalogue/4549da4e45675603.webp","processed original","0"
"6819443933371","Orthopedic Chair IM","11","https://cdn.shopify.com/s/files/1/0567/1377/3243/files/Orthopedic_black.png?v=1739620419","/media/catalogue/ebc097783209f0e1.webp","processed original","0"
"6819444228283","Kid's Recliner With Cupholder - IM","1","https://cdn.shopify.com/s/files/1/0567/1377/3243/products/YF__5429.jpg?v=1711473982","/media/catalogue/74ec6a897a700b06.webp","processed original","0"
"6819444228283","Kid's Recliner With Cupholder - IM","2","https://cdn.shopify.com/s/files/1/0567/1377/3243/files/Kids-Recliner-Chair-with-Cup-Holder-Beige-2.webp?v=1711473982","/media/catalogue/b71f13f982fc45ba.webp","processed original","0"
"6819444228283","Kid's Recliner With Cupholder - IM","3","https://cdn.shopify.com/s/files/1/0567/1377/3243/products/YF__5490.jpg?v=1711473982","/media/catalogue/f16d6c538fe77f01.webp","excluded: Sale/price signage: The Hotel Book 1J1| | THE HOTEL BOOK ! | THE HOTEL BOOK | KELLY HOPPEN STYLE | American Style | Pentaho Solutions | SaUm YULS | SYUM SULS | Arletta | TABLE OF CONTENTS | SALE B1VS | SALE 3IVS | SALE aIVS | SALE BTVS | David Pooue | Switching | to the Maci","0"
"6819444228283","Kid's Recliner With Cupholder - IM","4","https://cdn.shopify.com/s/files/1/0567/1377/3243/products/YF__5449.jpg?v=1711473982","/media/catalogue/92c1993410603e3c.webp","processed original","0"
"6819444228283","Kid's Recliner With Cupholder - IM","5","https://cdn.shopify.com/s/files/1/0567/1377/3243/products/YF__5477.jpg?v=1711473982","/media/catalogue/64a1c801e5d50a78.webp","processed original","0"
"6819444228283","Kid's Recliner With Cupholder - IM","6","https://cdn.shopify.com/s/files/1/0567/1377/3243/files/I6-200___1___L.jpg?v=1733268306","/media/catalogue/34ed754f066e689c.webp","processed original","0"
"6819444228283","Kid's Recliner With Cupholder - IM","7","https://cdn.shopify.com/s/files/1/0567/1377/3243/files/I6-200___2___L.jpg?v=1733268307","/media/catalogue/1bc673a65685a476.webp","processed original","0"
"6819444228283","Kid's Recliner With Cupholder - IM","8","https://cdn.shopify.com/s/files/1/0567/1377/3243/files/I6-200___3___L.jpg?v=1733268307","/media/catalogue/cec30af59f67d103.webp","processed original","0"
"6819444228283","Kid's Recliner With Cupholder - IM","9","https://cdn.shopify.com/s/files/1/0567/1377/3243/files/I6-200___L.jpg?v=1733268306","/media/catalogue/9eaa3f1b19e5af6c.webp","processed original","0"
"6819445276859","Quilted Bean Bag - IM","1","https://cdn.shopify.com/s/files/1/0567/1377/3243/products/quilted_beanbag_pink.jpg?v=1621512673","/media/catalogue/216a8be17f04bd51.webp","processed original","1014563"
"6819445276859","Quilted Bean Bag - IM","2","https://cdn.shopify.com/s/files/1/0567/1377/3243/products/Quiltted_beanbag_blue_4459d390-87a3-41da-8f81-f629d2c79adc.jpg?v=1621512677","/media/catalogue/5df0a8a4acd8231d.webp","processed original","861856"
"6819445276859","Quilted Bean Bag - IM","3","https://cdn.shopify.com/s/files/1/0567/1377/3243/products/Quilted_beanbag_red_4230d167-afa5-4a2f-8a5c-41842bd4df18.jpg?v=1621512677","/media/catalogue/b83ed6ced426b1a1.webp","processed original","919619"
"6828614811835","Cassie Bed Frame HJ","1","https://cdn.shopify.com/s/files/1/0567/1377/3243/products/Cassie3_GreyBed.jpg?v=1620749267","/media/catalogue/5ebe683ba12d025a.webp","processed original","0"
"6828614811835","Cassie Bed Frame HJ","2","https://cdn.shopify.com/s/files/1/0567/1377/3243/products/Cassie3_Whitebed.jpg?v=1620749272","/media/catalogue/644cba1156a2043d.webp","processed original","0"
"6828614811835","Cassie Bed Frame HJ","3","https://cdn.shopify.com/s/files/1/0567/1377/3243/products/Cassie3_Navybed.jpg?v=1620749272","/media/catalogue/d02a9118a98ef75d.webp","processed original","0"
"6847023710395","Alicante Dining Set - HJ","1","https://cdn.shopify.com/s/files/1/0567/1377/3243/products/Alicante5_Set.jpg?v=1624357321","/media/catalogue/7de2af17a8056947.webp","processed original","0"
"6847023710395","Alicante Dining Set - HJ","2","https://cdn.shopify.com/s/files/1/0567/1377/3243/products/Alicante4_Set.jpg?v=1624357321","/media/catalogue/1a8c0755ea4e6295.webp","processed original","0"
"6847028134075","Bolton Dining Set - HJ","1","https://cdn.shopify.com/s/files/1/0567/1377/3243/products/Bolton4_setOak.jpg?v=1621430431","/media/catalogue/c74b8bcfc3dca4cf.webp","processed original","0"
"6847028134075","Bolton Dining Set - HJ","2","https://cdn.shopify.com/s/files/1/0567/1377/3243/products/BoltonCream_Oakset.jpg?v=1621430432","/media/catalogue/94e7418b248f7159.webp","processed original","0"
"6847028134075","Bolton Dining Set - HJ","3","https://cdn.shopify.com/s/files/1/0567/1377/3243/products/BoltonGrey_Oakset.jpg?v=1621430432","/media/catalogue/7855771b415e4b58.webp","processed original","0"
"6847039537339","Chelsea Dining Set with Bench - HJ","1","https://cdn.shopify.com/s/files/1/0567/1377/3243/products/ChelseaCreamset.jpg?v=1621431036","/media/catalogue/0bf136b057376340.webp","processed original","0"
"6847039537339","Chelsea Dining Set with Bench - HJ","2","https://cdn.shopify.com/s/files/1/0567/1377/3243/products/ChelseaGreyset.jpg?v=1621431040","/media/catalogue/42ba3ae6e9de83a0.webp","processed original","0"
"6847039537339","Chelsea Dining Set with Bench - HJ","3","https://cdn.shopify.com/s/files/1/0567/1377/3243/files/qX__UgwF.jpg?v=1697487662","/media/catalogue/954d2cd5882de112.webp","processed original","0"
"6847046254779","Columbia Oak Dining Set - HJ","1","https://cdn.shopify.com/s/files/1/0567/1377/3243/products/Columbia4_set_2.jpg?v=1630956173","/media/catalogue/0948fcc7585d6728.webp","processed original","0"
"6847046254779","Columbia Oak Dining Set - HJ","2","https://cdn.shopify.com/s/files/1/0567/1377/3243/products/Columbia5_set.jpg?v=1630956173","/media/catalogue/8b75b5c26cb78fb9.webp","processed original","0"
"6847046254779","Columbia Oak Dining Set - HJ","3","https://cdn.shopify.com/s/files/1/0567/1377/3243/products/Columbia-set-Web_6_ft.png?v=1630956173","/media/catalogue/8629c141467782f7.webp","processed original","0"
"6847052447931","Dropleaf Dining Set - HJ","1","https://cdn.shopify.com/s/files/1/0567/1377/3243/products/Drop-leafT121set.jpg?v=1621431783","/media/catalogue/f28e76fcc1af57a0.webp","processed original","0"
"6847052447931","Dropleaf Dining Set - HJ","2","https://cdn.shopify.com/s/files/1/0567/1377/3243/files/Dropleaf-Grey-Oak-Set.jpg?v=1686821703","/media/catalogue/800ddc787feefffd.webp","processed original","0"
"6847124570299","Galina Dining Set - HJ","1","https://cdn.shopify.com/s/files/1/0567/1377/3243/products/Galina_Cream_Oak_set.jpg?v=1621433595","/media/catalogue/6752c093437a4209.webp","processed original","0"
"6847124570299","Galina Dining Set - HJ","2","https://cdn.shopify.com/s/files/1/0567/1377/3243/products/Galina_Grey_Oak_set.jpg?v=1621433597","/media/catalogue/f039dcaeaa410e06.webp","processed original","0"
"6847124570299","Galina Dining Set - HJ","3","https://cdn.shopify.com/s/files/1/0567/1377/3243/products/Galina_set.jpg?v=1621433600","/media/catalogue/b44b9b9ec0c0e466.webp","processed original","0"
"6847184371899","Hampshire Grey Dining Set - HJ","1","https://cdn.shopify.com/s/files/1/0567/1377/3243/products/Hampshire5_Set.jpg?v=1621434331","/media/catalogue/8f9b1e64df37e206.webp","processed original","0"
"6847271108795","Nappa Grey & Oak Dining Set with Bench - HJ","1","https://cdn.shopify.com/s/files/1/0567/1377/3243/products/NappaGrey_Oakset.jpg?v=1621435509","/media/catalogue/0ec214beda711ac9.webp","processed original","0"
"6847291392187","Rochester Dining Set - HJ","1","https://cdn.shopify.com/s/files/1/0567/1377/3243/products/Rochester_4_set_Cream_Oak.jpg?v=1621435996","/media/catalogue/3a4e59e52cbd7932.webp","processed original","0"
"6847291392187","Rochester Dining Set - HJ","2","https://cdn.shopify.com/s/files/1/0567/1377/3243/products/Rochester_4_set_Grey_Oak.jpg?v=1621435999","/media/catalogue/f262c9569415340c.webp","processed original","0"
"6847291392187","Rochester Dining Set - HJ","3","https://cdn.shopify.com/s/files/1/0567/1377/3243/products/Rochester_set_Cream_Oak.jpg?v=1621436000","/media/catalogue/4b044032c71a823b.webp","processed original","0"
"6847291392187","Rochester Dining Set - HJ","4","https://cdn.shopify.com/s/files/1/0567/1377/3243/products/Rochester_set_Grey_Oak.jpg?v=1621436002","/media/catalogue/b761a358fc2ca0d2.webp","processed original","0"
"6847396577467","Thames Extending Dining Set - HJ","1","https://cdn.shopify.com/s/files/1/0567/1377/3243/products/Thames_set_Cream_Oak.jpg?v=1621526044","/media/catalogue/65e06818f35b5fd3.webp","processed original","0"
"6847396577467","Thames Extending Dining Set - HJ","2","https://cdn.shopify.com/s/files/1/0567/1377/3243/products/Thames_set_Grey_Oak.jpg?v=1621526045","/media/catalogue/758a9c0751713309.webp","processed original","0"
"6849101299899","Boston Coffee Table - HJ","1","https://cdn.shopify.com/s/files/1/0567/1377/3243/products/Boston_coffee_table.jpg?v=1621508589","/media/catalogue/193d536ca549441e.webp","processed original","0"
"6849101299899","Boston Coffee Table - HJ","2","https://cdn.shopify.com/s/files/1/0567/1377/3243/products/Boston_coffee_table_Cream_Oak.jpg?v=1621508591","/media/catalogue/26b9f3bd82aab4dc.webp","processed original","0"
"6849101299899","Boston Coffee Table - HJ","3","https://cdn.shopify.com/s/files/1/0567/1377/3243/products/Boston_coffee_table_Grey_Oak.jpg?v=1621508592","/media/catalogue/db5856d9d0aeb90c.webp","processed original","0"
"6849127186619","Detroit Coffee Table","1","https://cdn.shopify.com/s/files/1/0567/1377/3243/products/DetroitCoffeeTable-Copy.jpg?v=1621509377","/media/catalogue/4e62a6fbf6d24af2.webp","processed original","0"
"6849171914939","Manhattan Console Table - HJ","1","https://cdn.shopify.com/s/files/1/0567/1377/3243/products/ManhattanConsoleUnit.jpg?v=1621510708","/media/catalogue/f9dc510b906f7f49.webp","processed original","0"
"6849185218747","Manhattan Lamp Table - HJ","1","https://cdn.shopify.com/s/files/1/0567/1377/3243/products/ManhattanLampTable.jpg?v=1621511178","/media/catalogue/a7e74a65aa330213.webp","processed original","1039571"
"6849188626619","Manhattan Coffee Table - HJ","1","https://cdn.shopify.com/s/files/1/0567/1377/3243/products/ManhattenCoffee.jpg?v=1621511344","/media/catalogue/e08bf3e070686a8a.webp","processed original","981314"
"6849200586939","Staten Coffee Table - HJ","1","https://cdn.shopify.com/s/files/1/0567/1377/3243/products/Statencoffee.jpg?v=1621511919","/media/catalogue/ae274476ce44a806.webp","processed original","0"
"6849201602747","Staten Console Table - HJ","1","https://cdn.shopify.com/s/files/1/0567/1377/3243/products/Statenconsole.jpg?v=1621512024","/media/catalogue/2aa670f4b17e8be5.webp","processed original","0"
"6849242333371","Gina Writing Desk - HJ","1","https://cdn.shopify.com/s/files/1/0567/1377/3243/products/Ginawhitewritingdesk.jpg?v=1621513533","/media/catalogue/d43817d38123458a.webp","processed original","0"
"6849245184187","Oak Writing Desk with Drawers - HJ","1","https://cdn.shopify.com/s/files/1/0567/1377/3243/products/WritingdeskOak.jpg?v=1621513647","/media/catalogue/55056e55a5197e6a.webp","processed original","0"
"6849249083579","Troy Study-Writing Desk  - HJ","1","https://cdn.shopify.com/s/files/1/0567/1377/3243/products/Troy_English_Oak.jpg?v=1621513884","/media/catalogue/2a8117b3035ee74a.webp","processed original","0"
"6849249083579","Troy Study-Writing Desk  - HJ","2","https://cdn.shopify.com/s/files/1/0567/1377/3243/products/Troy_Desk.jpg?v=1621513886","/media/catalogue/c6fa66d478e057f9.webp","processed original","946113"
"6849249083579","Troy Study-Writing Desk  - HJ","3","https://cdn.shopify.com/s/files/1/0567/1377/3243/products/oakunit.jpg?v=1624277693","/media/catalogue/24254deb56075717.webp","processed original","0"
"6849249083579","Troy Study-Writing Desk  - HJ","4","https://cdn.shopify.com/s/files/1/0567/1377/3243/files/Troy-Grey-Desk.jpg?v=1706372695","/media/catalogue/8f6f85607b302787.webp","processed original","0"
"6849575846075","Sarah Black PU Office Chair - HJ","1","https://cdn.shopify.com/s/files/1/0567/1377/3243/products/SarahOfficeChair.jpg?v=1621528836","/media/catalogue/4e518c1f7b570d0e.webp","processed original","1194183"
"6884151722171","Archie Armchair IM","1","https://cdn.shopify.com/s/files/1/0567/1377/3243/products/Archie_Blue_1S.jpg?v=1623159881","/media/catalogue/eb97c364b0ad57c8.webp","processed original","0"
"6884151722171","Archie Armchair IM","2","https://cdn.shopify.com/s/files/1/0567/1377/3243/products/archie_grey_1seater.jpg?v=1623778859","/media/catalogue/4cd6bf3cce69c6e3.webp","processed original","0"
"6884152082619","Roxy 2 Seater Sofa - IM","1","https://cdn.shopify.com/s/files/1/0567/1377/3243/files/RoxyHL53993_2_1greyJX21-5_-1.webp?v=1712228860","/media/catalogue/9fa63971fac60d90.webp","processed original","0"
"6884152082619","Roxy 2 Seater Sofa - IM","2","https://cdn.shopify.com/s/files/1/0567/1377/3243/products/Roxy_dark_grey_2S.jpg?v=1712228684","/media/catalogue/0631734f4c11925f.webp","processed original","0"
"6884152246459","Roxy 3 Seater Sofa - IM","1","https://cdn.shopify.com/s/files/1/0567/1377/3243/files/RoxyHL53993_2_1greyJX21-5png_ede4f35a-6090-4f8c-a530-a1d0e68868a9.webp?v=1712230445","/media/catalogue/60b0437543461d10.webp","processed original","0"
"6884152311995","Roxy Chaise Lounge - IM","1","https://cdn.shopify.com/s/files/1/0567/1377/3243/files/RoxyLHFHL5399sectional.greyJX21-5png.webp?v=1712230524","/media/catalogue/41551dddfdc38156.webp","processed original","0"
"6884152311995","Roxy Chaise Lounge - IM","2","https://cdn.shopify.com/s/files/1/0567/1377/3243/files/RoxyHL5399sectional.greyJX21-5png_7707c907-f3ab-47b7-963b-13007a4db72a.webp?v=1712230524","/media/catalogue/44fff191d1d6b147.webp","processed original","0"
"6921471983803","Robson Bed Frame - HJ","1","https://cdn.shopify.com/s/files/1/0567/1377/3243/products/Robson_3_Grey_Bed.jpg?v=1624364785","/media/catalogue/b727f4ef92709676.webp","processed original","0"
"6921471983803","Robson Bed Frame - HJ","2","https://cdn.shopify.com/s/files/1/0567/1377/3243/products/Robson_3_White_Bed_1.jpg?v=1624364786","/media/catalogue/c1ed9b14e934d8ef.webp","processed original","0"
"6921593422011","Cassie Bunk Bed HJ","1","https://cdn.shopify.com/s/files/1/0567/1377/3243/products/Cassie_Grey_Bunk.jpg?v=1624368237","/media/catalogue/1dcc47bac102907e.webp","processed original","0"
"6921593422011","Cassie Bunk Bed HJ","2","https://cdn.shopify.com/s/files/1/0567/1377/3243/products/Cassie_bunk-white.jpg?v=1624368238","/media/catalogue/afec52b3fe300083.webp","processed original","0"
"6921598599355","Eric Corner Bunk - HJ","1","https://cdn.shopify.com/s/files/1/0567/1377/3243/products/Ericcornerbunkwhite.jpg?v=1624368365","/media/catalogue/3ba77d85820606ae.webp","processed original","0"
"6921613770939","Hollie Triple Bunk Bed HJ","1","https://cdn.shopify.com/s/files/1/0567/1377/3243/products/Triple_bunk_bed_white.jpg?v=1624368791","/media/catalogue/94e4fc3783a57bb9.webp","processed original","0"
"6921613770939","Hollie Triple Bunk Bed HJ","2","https://cdn.shopify.com/s/files/1/0567/1377/3243/products/Triple_bunk_grey.jpg?v=1624368792","/media/catalogue/fa1b7d21dde17fe8.webp","processed original","0"
"6921613770939","Hollie Triple Bunk Bed HJ","3","https://cdn.shopify.com/s/files/1/0567/1377/3243/products/Triple_bunk_bed.jpg?v=1624368794","/media/catalogue/1ad6129d3d9d8ecd.webp","processed original","191812"
"6938831847611","Frankfurt Lamp Table - HJ","1","https://cdn.shopify.com/s/files/1/0567/1377/3243/products/Frankfurt_Grey_lamp_table.jpg?v=1625048225","/media/catalogue/04383b4d2549523d.webp","processed original","0"
"6938831847611","Frankfurt Lamp Table - HJ","2","https://cdn.shopify.com/s/files/1/0567/1377/3243/products/Frankfurt_Lamp_table_1.jpg?v=1625048228","/media/catalogue/d23cb600888613e1.webp","processed original","0"
"6945696186555","Aintree 3 Drawer Locker GA","1","https://cdn.shopify.com/s/files/1/0567/1377/3243/products/AintreeLocker.jpg?v=1625327534","/media/catalogue/2ed8dc17a6038b03.webp","processed original","298511"
"6945698873531","Aintree 3+2 Drawer Chest GA","1","https://cdn.shopify.com/s/files/1/0567/1377/3243/products/Aintree3_2Chest.jpg?v=1625327721","/media/catalogue/8d415b3aaeef0588.webp","processed original","321450"
"6945700151483","Aintree Bed GA","1","https://cdn.shopify.com/s/files/1/0567/1377/3243/products/AintreeDoubleBed.jpg?v=1625327826","/media/catalogue/a699e0425c6bc97a.webp","processed original","267744"
"6945702772923","Aintree Double Robe GA","1","https://cdn.shopify.com/s/files/1/0567/1377/3243/products/AintreeWardrobe.jpg?v=1625328011","/media/catalogue/4a7d2095490fab83.webp","processed original","301286"
"6945713258683","Alana Slatted Bed GA","1","https://cdn.shopify.com/s/files/1/0567/1377/3243/products/Alana_3ft_Bed.jpg?v=1625328518","/media/catalogue/41b2b4a4f64db833.webp","processed original","298890"
"6945713258683","Alana Slatted Bed GA","2","https://cdn.shopify.com/s/files/1/0567/1377/3243/products/Alana3ftBedlifestyle.jpg?v=1625328561","/media/catalogue/6c95cb6bd944e5c7.webp","processed original","70820"
"6945713258683","Alana Slatted Bed GA","3","https://cdn.shopify.com/s/files/1/0567/1377/3243/products/Alana_4ft_and_4ft6_Bed.jpg?v=1625328561","/media/catalogue/6c0cbbf3aadde344.webp","processed original","286790"
"6945713258683","Alana Slatted Bed GA","4","https://cdn.shopify.com/s/files/1/0567/1377/3243/products/Alana_4ft_and_4ft6_Bed_d3e46a3a-2b9d-4c2e-9d2a-3cd4f6ef2473.jpg?v=1625328561","/media/catalogue/bbda79dafe33d89f.webp","processed original","286790"
"6945713258683","Alana Slatted Bed GA","5","https://cdn.shopify.com/s/files/1/0567/1377/3243/products/Alana4ftand4ft6Bedlifestyle.jpg?v=1625328562","/media/catalogue/516a464cc18adad3.webp","processed original","72462"
"6945718665403","Bamberg Chair Dark Grey GA","1","https://cdn.shopify.com/s/files/1/0567/1377/3243/products/BAMBCHTWO_2.jpg?v=1625328964","/media/catalogue/1810d983a93bb8e4.webp","processed original","310210"
"6945718665403","Bamberg Chair Dark Grey GA","2","https://cdn.shopify.com/s/files/1/0567/1377/3243/products/BAMBCHTWO_1.jpg?v=1625328974","/media/catalogue/ef309a443cef0b8e.webp","processed original","303791"
"6945729708219","Bella 3+4 Drawer Chest GA","1","https://cdn.shopify.com/s/files/1/0567/1377/3243/products/BELBC34_1.jpg?v=1625329480","/media/catalogue/5ab7c0102947f44a.webp","processed original","293514"
"6945729708219","Bella 3+4 Drawer Chest GA","2","https://cdn.shopify.com/s/files/1/0567/1377/3243/products/BELB_Lifestyle.jpg?v=1625329480","/media/catalogue/a68b7034480bbd21.webp","processed original","0"
"6945735016635","Bella 3+4 Drawer Wide Chest GA","1","https://cdn.shopify.com/s/files/1/0567/1377/3243/products/BELBCW34_1.jpg?v=1625329605","/media/catalogue/8fc555f1e44606aa.webp","processed original","282488"
"6945735016635","Bella 3+4 Drawer Wide Chest GA","2","https://cdn.shopify.com/s/files/1/0567/1377/3243/products/BELB_Lifestyle_92930668-6048-4e71-897b-33342b30811c.jpg?v=1625329605","/media/catalogue/d9d29d106b47a7ed.webp","processed original","0"
"6945737048251","Bella Bed GA","1","https://cdn.shopify.com/s/files/1/0567/1377/3243/products/BELBB5_1.jpg?v=1625329765","/media/catalogue/f24a8b399a5cf100.webp","processed original","320305"
"6945737048251","Bella Bed GA","2","https://cdn.shopify.com/s/files/1/0567/1377/3243/products/BELBB5_2.jpg?v=1625329765","/media/catalogue/5368d77f00d3deaf.webp","processed original","296576"
"6945737048251","Bella Bed GA","3","https://cdn.shopify.com/s/files/1/0567/1377/3243/products/BELB_Lifestyle_0cccd45e-55f2-41ac-8ccd-6150098df74a.jpg?v=1625329895","/media/catalogue/e99a16fc0e275b11.webp","processed original","0"
"6945740226747","Bella Double Wardrobe with Drawer GA","1","https://cdn.shopify.com/s/files/1/0567/1377/3243/products/BELBR_1.jpg?v=1625329966","/media/catalogue/70f40c4a02caae66.webp","processed original","285990"
"6945740226747","Bella Double Wardrobe with Drawer GA","2","https://cdn.shopify.com/s/files/1/0567/1377/3243/products/BELB_Lifestyle_d411147b-08d0-4694-be07-b15f517c7ebf.jpg?v=1625330052","/media/catalogue/ca47ee105a573aca.webp","processed original","0"
"6945740783803","Bella Two Drawer Bedside Locker GA","1","https://cdn.shopify.com/s/files/1/0567/1377/3243/products/BELBL_1.jpg?v=1625330027","/media/catalogue/8854da260c158ff8.webp","processed original","305115"
"6945740783803","Bella Two Drawer Bedside Locker GA","2","https://cdn.shopify.com/s/files/1/0567/1377/3243/products/BELB_Lifestyle_0756ea86-780b-4ae6-a88e-2850a03db931.jpg?v=1625330027","/media/catalogue/4a97742a61399de7.webp","processed original","0"
"6947231563963","Daniella 3+4 Drawer Chest GA","1","https://cdn.shopify.com/s/files/1/0567/1377/3243/products/DANBC34_1.jpg?v=1625415321","/media/catalogue/dcf0e3b3366b966e.webp","processed original","250018"
"6947231563963","Daniella 3+4 Drawer Chest GA","2","https://cdn.shopify.com/s/files/1/0567/1377/3243/products/DaniellaRangeRoomSetting.jpg?v=1625415321","/media/catalogue/98753016f1a5f107.webp","processed original","0"
"6947234578619","Daniella 3+4 Drawer Wide Chest GA","1","https://cdn.shopify.com/s/files/1/0567/1377/3243/products/DANBCW34_2.jpg?v=1625415430","/media/catalogue/a8d520792223768c.webp","processed original","278699"
"6947234578619","Daniella 3+4 Drawer Wide Chest GA","2","https://cdn.shopify.com/s/files/1/0567/1377/3243/products/DaniellaRangeRoomSetting_74a01ffd-74ce-4d9f-bca7-bbb38f4089b7.jpg?v=1625415430","/media/catalogue/5dab4623260eb54b.webp","processed original","0"
"6947240542395","Daniella Bed GA","1","https://cdn.shopify.com/s/files/1/0567/1377/3243/products/DANBB5_1.jpg?v=1625415626","/media/catalogue/c9b5cefe72ba0311.webp","processed original","301999"
"6947240542395","Daniella Bed GA","2","https://cdn.shopify.com/s/files/1/0567/1377/3243/products/DANBB5_2.jpg?v=1625415626","/media/catalogue/1a0efbe7bb1ee485.webp","processed original","275783"
"6947240542395","Daniella Bed GA","3","https://cdn.shopify.com/s/files/1/0567/1377/3243/products/DaniellaRangeRoomSetting_21944aca-570e-48f3-99ce-01ad222d227c.jpg?v=1625415626","/media/catalogue/757287c26d8ef21e.webp","processed original","0"
"6947242836155","Daniella Double Wardrobe with Drawer GA","1","https://cdn.shopify.com/s/files/1/0567/1377/3243/products/DANBR_1.jpg?v=1625415807","/media/catalogue/136875793099cecc.webp","processed original","277122"
"6947242836155","Daniella Double Wardrobe with Drawer GA","2","https://cdn.shopify.com/s/files/1/0567/1377/3243/products/DaniellaRangeRoomSetting_26b465d1-10a2-4718-9146-8ecfc7387d2f.jpg?v=1625415808","/media/catalogue/deb6f83ccaa3696c.webp","processed original","0"
"6947245228219","Daniella Two Drawer Bedside Locker GA","1","https://cdn.shopify.com/s/files/1/0567/1377/3243/products/DANBL_2.jpg?v=1625415911","/media/catalogue/172c9b8e600ee853.webp","processed original","269893"
"6947245228219","Daniella Two Drawer Bedside Locker GA","2","https://cdn.shopify.com/s/files/1/0567/1377/3243/products/DANBLTWO_1.jpg?v=1625415911","/media/catalogue/718c8049d0479f11.webp","processed original","289460"
"6947245228219","Daniella Two Drawer Bedside Locker GA","3","https://cdn.shopify.com/s/files/1/0567/1377/3243/products/DaniellaRangeRoomSetting_71d5f2e6-c12a-4d9a-b45b-a2234350ccf6.jpg?v=1625415911","/media/catalogue/f1b16325611e7e9a.webp","processed original","0"
"6949860704443","Delta Oak 2 Drawer Locker GA","1","https://cdn.shopify.com/s/files/1/0567/1377/3243/products/DeltaBedsideLocker.jpg?v=1625490800","/media/catalogue/e71e7a58d31eb292.webp","processed original","209636"
"6949860704443","Delta Oak 2 Drawer Locker GA","2","https://cdn.shopify.com/s/files/1/0567/1377/3243/products/DeltaBedroomImage.jpg?v=1625490800","/media/catalogue/849c55189a24b96f.webp","processed original","0"
"6949868470459","Delta Oak 3+4 Drawer Tall Chest GA","1","https://cdn.shopify.com/s/files/1/0567/1377/3243/products/Delta7DrawerChest.jpg?v=1625490979","/media/catalogue/3ddee13224320a7a.webp","processed original","204849"
"6949868470459","Delta Oak 3+4 Drawer Tall Chest GA","2","https://cdn.shopify.com/s/files/1/0567/1377/3243/products/DeltaBedroomImage_37322577-75c7-4db6-881c-c2990a3463b0.jpg?v=1625490980","/media/catalogue/288239d35992e75c.webp","processed original","0"
"6949884559547","Delta Oak 3+4 Drawer Wide Chest GA","1","https://cdn.shopify.com/s/files/1/0567/1377/3243/products/DeltaWideChest.jpg?v=1625491275","/media/catalogue/7abd9662fed1fc7f.webp","processed original","269522"
"6949884559547","Delta Oak 3+4 Drawer Wide Chest GA","2","https://cdn.shopify.com/s/files/1/0567/1377/3243/products/DeltaBedroomImage_9448bfbe-9772-4ada-9308-1fb2601a3efa.jpg?v=1625491275","/media/catalogue/69de530ab1af854d.webp","processed original","0"
"6949888852155","Delta Oak Bed GA","1","https://cdn.shopify.com/s/files/1/0567/1377/3243/products/Delta4ft6Bed.jpg?v=1625491426","/media/catalogue/3e99b1704bfa922a.webp","processed original","318050"
"6949888852155","Delta Oak Bed GA","2","https://cdn.shopify.com/s/files/1/0567/1377/3243/products/DeltaBedroomImage_e85a2f35-0dae-4e01-af8e-d1a0dd175e83.jpg?v=1625491427","/media/catalogue/b23d4d5a0b4358ef.webp","processed original","0"
"6952907899067","Fredrik 1.2 Metre Table Oak GA","1","https://cdn.shopify.com/s/files/1/0567/1377/3243/products/FREDOAKTAB_1.jpg?v=1626261195","/media/catalogue/de108f3390dc46c2.webp","processed original","366238"
"6952907899067","Fredrik 1.2 Metre Table Oak GA","2","https://cdn.shopify.com/s/files/1/0567/1377/3243/products/FREDOAKTAB_2.jpg?v=1626261195","/media/catalogue/1a562a11d6e43c84.webp","processed original","364495"
"6952907899067","Fredrik 1.2 Metre Table Oak GA","3","https://cdn.shopify.com/s/files/1/0567/1377/3243/products/FREDOAKTAB_3.jpg?v=1626261195","/media/catalogue/89f8de623d9c7fe2.webp","processed original","339744"
"6952907899067","Fredrik 1.2 Metre Table Oak GA","4","https://cdn.shopify.com/s/files/1/0567/1377/3243/products/FREDOAKTAB_4.jpg?v=1626261195","/media/catalogue/e2c06c588cec2121.webp","processed original","357548"
"6952907899067","Fredrik 1.2 Metre Table Oak GA","5","https://cdn.shopify.com/s/files/1/0567/1377/3243/products/1.2OakTable.jpg?v=1625597893","/media/catalogue/2babec09294a8e98.webp","processed original","69184"
"6952915534011","Fredrik 1.2 Metre Table Walnut GA","1","https://cdn.shopify.com/s/files/1/0567/1377/3243/products/FREDWALTAB_1.jpg?v=1625597909","/media/catalogue/d61b9a057718a813.webp","processed original","365782"
"6952915534011","Fredrik 1.2 Metre Table Walnut GA","2","https://cdn.shopify.com/s/files/1/0567/1377/3243/products/FREDWALTAB_3.jpg?v=1625597909","/media/catalogue/bfc310f571ca2841.webp","processed original","344918"
"6952915534011","Fredrik 1.2 Metre Table Walnut GA","3","https://cdn.shopify.com/s/files/1/0567/1377/3243/products/FREDWALTAB_4.jpg?v=1625597909","/media/catalogue/d5a989621dc480e8.webp","processed original","355591"
"6952915534011","Fredrik 1.2 Metre Table Walnut GA","4","https://cdn.shopify.com/s/files/1/0567/1377/3243/products/FREDWALTAB_2.jpg?v=1625597909","/media/catalogue/1a152d8bd8bd78be.webp","processed original","361913"
"6952915534011","Fredrik 1.2 Metre Table Walnut GA","5","https://cdn.shopify.com/s/files/1/0567/1377/3243/products/1.2WalnutTable-IMG74659.jpg?v=1625597914","/media/catalogue/60b6aa0e686fa691.webp","processed original","0"
"6952944697531","Fredrik Chair GA","1","https://cdn.shopify.com/s/files/1/0567/1377/3243/products/FREDCHGRTWO_1.jpg?v=1625586922","/media/catalogue/3e8e1656d950ba62.webp","processed original","345311"
"6952944697531","Fredrik Chair GA","2","https://cdn.shopify.com/s/files/1/0567/1377/3243/products/FREDCHGRTWO_3.jpg?v=1625586922","/media/catalogue/36b58da8c9c45e5c.webp","processed original","366903"
"6952944697531","Fredrik Chair GA","3","https://cdn.shopify.com/s/files/1/0567/1377/3243/products/FREDCHGRTWO_8.jpg?v=1625586922","/media/catalogue/adcc3d454679c768.webp","processed original","149567"
"6952944697531","Fredrik Chair GA","4","https://cdn.shopify.com/s/files/1/0567/1377/3243/products/FREDCHBRTWO_1.jpg?v=1625586922","/media/catalogue/6ed78549b568ea33.webp","processed original","342456"
"6952944697531","Fredrik Chair GA","5","https://cdn.shopify.com/s/files/1/0567/1377/3243/products/FREDCHBRTWO_2.jpg?v=1625586922","/media/catalogue/09ced5b12581646b.webp","processed original","340352"
"6952944697531","Fredrik Chair GA","6","https://cdn.shopify.com/s/files/1/0567/1377/3243/products/FREDCHBRTWO_8.jpg?v=1625586922","/media/catalogue/2daed5bc9414f663.webp","processed original","188465"
"6952944697531","Fredrik Chair GA","7","https://cdn.shopify.com/s/files/1/0567/1377/3243/products/FREDCHBLTWO_1.jpg?v=1625586922","/media/catalogue/ca88aa327532d2b0.webp","processed original","343185"
"6952944697531","Fredrik Chair GA","8","https://cdn.shopify.com/s/files/1/0567/1377/3243/products/FREDCHBRTWO_3.jpg?v=1625586922","/media/catalogue/f0dc2eb6ccb81f62.webp","processed original","368134"
"6952944697531","Fredrik Chair GA","9","https://cdn.shopify.com/s/files/1/0567/1377/3243/products/FREDCHBLTWO_7.jpg?v=1625586922","/media/catalogue/dbf9e3ad7d430043.webp","processed original","158609"
"6952961212603","Fredrik Coffee Table GA","1","https://cdn.shopify.com/s/files/1/0567/1377/3243/products/FREDOAKCOFF_1.jpg?v=1625587481","/media/catalogue/4b472da7ca2bc74b.webp","processed original","357815"
"6952961212603","Fredrik Coffee Table GA","2","https://cdn.shopify.com/s/files/1/0567/1377/3243/products/FREDOAKCOFF_3.jpg?v=1625587522","/media/catalogue/a6a2e3c9a3d83b5e.webp","processed original","327334"
"6952961212603","Fredrik Coffee Table GA","3","https://cdn.shopify.com/s/files/1/0567/1377/3243/products/FredrikOakOccasional_3c5c614b-2172-4c0b-81e4-9db0b261ba65.jpg?v=1625587522","/media/catalogue/5c036b6e4855d6a8.webp","processed original","71461"
"6952961212603","Fredrik Coffee Table GA","4","https://cdn.shopify.com/s/files/1/0567/1377/3243/products/FREDWALSCOFF_1.jpg?v=1625587522","/media/catalogue/89c86ddbbfe2e9dd.webp","processed original","358142"
"6952961212603","Fredrik Coffee Table GA","5","https://cdn.shopify.com/s/files/1/0567/1377/3243/products/FREDWALSCOFF_3.jpg?v=1625587522","/media/catalogue/b04f30fed1486477.webp","processed original","331802"
"6952961212603","Fredrik Coffee Table GA","6","https://cdn.shopify.com/s/files/1/0567/1377/3243/products/FredrikWalnutOccasional_782f899f-9def-42a8-ad94-23e0a1c26628.jpg?v=1625587522","/media/catalogue/ad3b89c9f1c7b90d.webp","processed original","123671"
"6952961212603","Fredrik Coffee Table GA","7","https://cdn.shopify.com/s/files/1/0567/1377/3243/products/FREDGRCOFF_1.jpg?v=1625587522","/media/catalogue/627539c9ae031767.webp","processed original","354478"
"6952961212603","Fredrik Coffee Table GA","8","https://cdn.shopify.com/s/files/1/0567/1377/3243/products/FREDGRCOFF_3.jpg?v=1625587522","/media/catalogue/cbb36a75af4b9e3b.webp","processed original","329815"
"6952961212603","Fredrik Coffee Table GA","9","https://cdn.shopify.com/s/files/1/0567/1377/3243/products/FredrikGreyMarbleOccasional_4530f038-182a-4693-8d58-f21ab1cdafa5.jpg?v=1625587522","/media/catalogue/4cd304dda7aece4a.webp","processed original","103563"
"6952973893819","Fredrik Desk (Flatpack) GA","1","https://cdn.shopify.com/s/files/1/0567/1377/3243/products/FREDOAKDESK_1.jpg?v=1625590232","/media/catalogue/6b7cfcbd0c585e22.webp","processed original","293703"
"6952973893819","Fredrik Desk (Flatpack) GA","2","https://cdn.shopify.com/s/files/1/0567/1377/3243/products/FREDOAKDESK_3.jpg?v=1625590232","/media/catalogue/78b13f62bce9dec3.webp","processed original","338025"
"6952973893819","Fredrik Desk (Flatpack) GA","3","https://cdn.shopify.com/s/files/1/0567/1377/3243/products/FredrikOakOccasional_3afd2108-dc7c-4658-8622-05889fdcb13e.jpg?v=1625590232","/media/catalogue/a3df41e3461e14f7.webp","processed original","71461"
"6952973893819","Fredrik Desk (Flatpack) GA","4","https://cdn.shopify.com/s/files/1/0567/1377/3243/products/FredrikWalnutOccasional_98663d48-9760-448b-a17e-7714a8fc926a.jpg?v=1625590232","/media/catalogue/4d2926eb72bc3d43.webp","processed original","123671"
"6952973893819","Fredrik Desk (Flatpack) GA","5","https://cdn.shopify.com/s/files/1/0567/1377/3243/products/FREDGRDESK_1.jpg?v=1625590232","/media/catalogue/c137c9ab437475ea.webp","processed original","302315"
"6952973893819","Fredrik Desk (Flatpack) GA","6","https://cdn.shopify.com/s/files/1/0567/1377/3243/products/FREDGRDESK_3.jpg?v=1625590232","/media/catalogue/dea1bf79bbb9b27a.webp","processed original","339626"
"6952973893819","Fredrik Desk (Flatpack) GA","7","https://cdn.shopify.com/s/files/1/0567/1377/3243/products/FredrikGreyMarbleOccasional_bcc5fffa-6805-49e5-a6f2-80993172f97d.jpg?v=1625590232","/media/catalogue/74e5c01fea28e4fb.webp","processed original","103563"
"6952973893819","Fredrik Desk (Flatpack) GA","8","https://cdn.shopify.com/s/files/1/0567/1377/3243/products/FREDWALDESK_1.jpg?v=1625590232","/media/catalogue/4fc34af5219b8737.webp","processed original","299245"
"6952973893819","Fredrik Desk (Flatpack) GA","9","https://cdn.shopify.com/s/files/1/0567/1377/3243/products/FREDWALDESK_3.jpg?v=1625590232","/media/catalogue/0cbbecc841767892.webp","processed original","342742"
"6953226895547","Fredrik Dining Table 1.6 Metre GA","1","https://cdn.shopify.com/s/files/1/0567/1377/3243/products/FREDOAKTAB_1_b5b78155-283d-4d61-a88b-ade276f13334.jpg?v=1625598130","/media/catalogue/c5d66306eb8f82c9.webp","processed original","366238"
"6953226895547","Fredrik Dining Table 1.6 Metre GA","2","https://cdn.shopify.com/s/files/1/0567/1377/3243/products/FREDOAKTAB_3_1a1b1c14-e0ed-40e7-a9b0-10ecd8d1b87c.jpg?v=1625598130","/media/catalogue/85df734234214efd.webp","processed original","339744"
"6953226895547","Fredrik Dining Table 1.6 Metre GA","3","https://cdn.shopify.com/s/files/1/0567/1377/3243/products/FredrikOakDining.jpg?v=1625598130","/media/catalogue/86bbb6d415b1d6b9.webp","processed original","0"
"6953226895547","Fredrik Dining Table 1.6 Metre GA","4","https://cdn.shopify.com/s/files/1/0567/1377/3243/products/FREDGRTAB_1_da3761c9-bda9-4bac-a45f-6941981795dd.jpg?v=1625598131","/media/catalogue/afe10e2ee9dfe5a6.webp","processed original","362470"
"6953226895547","Fredrik Dining Table 1.6 Metre GA","5","https://cdn.shopify.com/s/files/1/0567/1377/3243/products/FREDGRTAB_3_c65ae4ba-c30f-4d23-a5ca-6d6fc654c089.jpg?v=1625598132","/media/catalogue/a2e6d233ec97cd5e.webp","processed original","341569"
"6953226895547","Fredrik Dining Table 1.6 Metre GA","6","https://cdn.shopify.com/s/files/1/0567/1377/3243/products/FredrikGreyMarbleDining.jpg?v=1625598132","/media/catalogue/0468d1a59ee02612.webp","processed original","97811"
"6953226895547","Fredrik Dining Table 1.6 Metre GA","7","https://cdn.shopify.com/s/files/1/0567/1377/3243/products/FREDWALTAB_1_53d4c29c-b4c4-4980-a9e2-4ee76a5ffb50.jpg?v=1625598132","/media/catalogue/6a1458199a2d93b1.webp","processed original","365782"
"6953226895547","Fredrik Dining Table 1.6 Metre GA","8","https://cdn.shopify.com/s/files/1/0567/1377/3243/products/FREDWALTAB_3_8460c03c-2a85-4e46-ba95-7371b45d6112.jpg?v=1625598132","/media/catalogue/bc6beeb123decf41.webp","processed original","344918"
"6953226895547","Fredrik Dining Table 1.6 Metre GA","9","https://cdn.shopify.com/s/files/1/0567/1377/3243/products/FredrikWalnutDining.jpg?v=1625598132","/media/catalogue/d8d7c3c1764090a5.webp","processed original","0"
"6953243148475","Fredrik Lamp Table GA","1","https://cdn.shopify.com/s/files/1/0567/1377/3243/products/FREDOAKLAM_1.jpg?v=1625598741","/media/catalogue/533be5cae0a87a15.webp","processed original","328200"
"6953243148475","Fredrik Lamp Table GA","2","https://cdn.shopify.com/s/files/1/0567/1377/3243/products/FredrikOakOccasional.jpg?v=1625598742","/media/catalogue/732262df99d7904c.webp","processed original","71461"
"6953243148475","Fredrik Lamp Table GA","3","https://cdn.shopify.com/s/files/1/0567/1377/3243/products/FREDGRLAM_1.jpg?v=1625598742","/media/catalogue/551c240f0225f1de.webp","processed original","333254"
"6953243148475","Fredrik Lamp Table GA","4","https://cdn.shopify.com/s/files/1/0567/1377/3243/products/FredrikGreyMarbleOccasional.jpg?v=1625598742","/media/catalogue/72314bef566ade40.webp","processed original","103563"
"6953243148475","Fredrik Lamp Table GA","5","https://cdn.shopify.com/s/files/1/0567/1377/3243/products/FREDWALLAM_1.jpg?v=1625598742","/media/catalogue/44b6e6bed600c044.webp","processed original","337126"
"6953243148475","Fredrik Lamp Table GA","6","https://cdn.shopify.com/s/files/1/0567/1377/3243/products/FredrikWalnutOccasional.jpg?v=1625598742","/media/catalogue/f1d7c51438c669d4.webp","processed original","123671"
"6953248882875","Fredrik Round Table GA","1","https://cdn.shopify.com/s/files/1/0567/1377/3243/products/616RDT-oak.jpg?v=1625598997","/media/catalogue/9594a5873504ee8e.webp","processed original","362345"
"6953248882875","Fredrik Round Table GA","2","https://cdn.shopify.com/s/files/1/0567/1377/3243/products/RoundOak-IMG74655.jpg?v=1625598997","/media/catalogue/a4aa00ce696ed915.webp","processed original","79830"
"6953248882875","Fredrik Round Table GA","3","https://cdn.shopify.com/s/files/1/0567/1377/3243/products/IMG74506.jpg?v=1625598998","/media/catalogue/b0384dbd91e21a97.webp","processed original","354028"
"6953248882875","Fredrik Round Table GA","4","https://cdn.shopify.com/s/files/1/0567/1377/3243/products/RoundMarble-IMG74667.jpg?v=1625598998","/media/catalogue/9fbe8543575691f3.webp","processed original","64199"
"6953248882875","Fredrik Round Table GA","5","https://cdn.shopify.com/s/files/1/0567/1377/3243/products/IMG74504.jpg?v=1625598998","/media/catalogue/b7989941eef1cc47.webp","processed original","354480"
"6953248882875","Fredrik Round Table GA","6","https://cdn.shopify.com/s/files/1/0567/1377/3243/products/RoundWalnut-IMG74627.jpg?v=1625598998","/media/catalogue/2e0faa1cfc344ef8.webp","processed original","67692"
"6954476535995","Hanna Slatted Bed GA","1","https://cdn.shopify.com/s/files/1/0567/1377/3243/products/HANB3.jpg?v=1625654035","/media/catalogue/482ebd0f878f34a5.webp","processed original","375003"
"6954476535995","Hanna Slatted Bed GA","2","https://cdn.shopify.com/s/files/1/0567/1377/3243/products/HAN_22.jpg?v=1625654035","/media/catalogue/888cac22aae56c02.webp","processed original","0"
"6954476535995","Hanna Slatted Bed GA","3","https://cdn.shopify.com/s/files/1/0567/1377/3243/products/HANB4.jpg?v=1625654035","/media/catalogue/f39ddbe76939879a.webp","processed original","379089"
"6954476535995","Hanna Slatted Bed GA","4","https://cdn.shopify.com/s/files/1/0567/1377/3243/products/HAN_23.jpg?v=1625654032","/media/catalogue/7e48ed702cb0501b.webp","processed original","0"
"6954531586235","Infinity Coffee Table GA","1","https://cdn.shopify.com/s/files/1/0567/1377/3243/products/INFINCOFBL_2.jpg?v=1625655564","/media/catalogue/bd0a2272ec8fb613.webp","processed original","356816"
"6954531586235","Infinity Coffee Table GA","2","https://cdn.shopify.com/s/files/1/0567/1377/3243/products/INFINCOFBL_1.jpg?v=1625655565","/media/catalogue/e80981b3a7f1bcc1.webp","processed original","360314"
"6954531586235","Infinity Coffee Table GA","3","https://cdn.shopify.com/s/files/1/0567/1377/3243/products/INFINCOFGR_3.jpg?v=1625655633","/media/catalogue/cd280e380585d6ae.webp","processed original","352421"
"6954531586235","Infinity Coffee Table GA","4","https://cdn.shopify.com/s/files/1/0567/1377/3243/products/INFINCOFGR_2.jpg?v=1625655633","/media/catalogue/dbd25dbc93708ef7.webp","processed original","359778"
"6954531586235","Infinity Coffee Table GA","5","https://cdn.shopify.com/s/files/1/0567/1377/3243/products/INFINCOFWH_4.jpg?v=1625655633","/media/catalogue/c8dc00c3c6f89f9d.webp","processed original","357071"
"6954531586235","Infinity Coffee Table GA","6","https://cdn.shopify.com/s/files/1/0567/1377/3243/products/INFINCOFWH_2.jpg?v=1625655633","/media/catalogue/c5966113d18627f7.webp","processed original","357496"
"6954694148283","Juliet 3 Drawer Locker GA","1","https://cdn.shopify.com/s/files/1/0567/1377/3243/products/JULBL_1.jpg?v=1625659446","/media/catalogue/775dae521a526e84.webp","processed original","230474"
"6954694148283","Juliet 3 Drawer Locker GA","2","https://cdn.shopify.com/s/files/1/0567/1377/3243/products/JuilietBedroomSetting_6fbe0061-3206-47a4-9a98-40c23682e9e8.jpg?v=1625659446","/media/catalogue/22ce57e9310fadd2.webp","processed original","0"
"6954714693819","Juliet Curved Bed GA","1","https://cdn.shopify.com/s/files/1/0567/1377/3243/products/JULBB3CU_1.jpg?v=1625659958","/media/catalogue/bb2693586f8032c4.webp","processed original","321068"
"6954714693819","Juliet Curved Bed GA","2","https://cdn.shopify.com/s/files/1/0567/1377/3243/products/JULBB5CU_1.jpg?v=1625659958","/media/catalogue/7e7e6145e1b2df50.webp","processed original","318988"
"6954714693819","Juliet Curved Bed GA","3","https://cdn.shopify.com/s/files/1/0567/1377/3243/products/JuilietBedroomSetting_f2f43396-af76-4778-b555-f97e0a0002cc.jpg?v=1625659958","/media/catalogue/b41e1b6f6bc66683.webp","processed original","0"
"6958360133819","Kylie 5 Drawer Chest GA","1","https://cdn.shopify.com/s/files/1/0567/1377/3243/files/kylechest.jpg?v=1712664128","/media/catalogue/488226e184fbb53d.webp","processed original","163383"
"6958361215163","Kylie Bedside Locker GA","1","https://cdn.shopify.com/s/files/1/0567/1377/3243/files/kylebedside.jpg?v=1712664191","/media/catalogue/70c445d164ae193f.webp","processed original","173571"
"6958362427579","Kylie Double Wardrobe GA","1","https://cdn.shopify.com/s/files/1/0567/1377/3243/files/kylewardrobe.jpg?v=1712664165","/media/catalogue/9e021c919ba131ae.webp","processed original","179504"
"6958364229819","Kylie Bed Frame GA","1","https://cdn.shopify.com/s/files/1/0567/1377/3243/files/kyliebed.jpg?v=1712664085","/media/catalogue/3b893649ae031bbd.webp","processed original","184080"
"6958394147003","London 3 Drawer Locker GA","1","https://cdn.shopify.com/s/files/1/0567/1377/3243/products/LONBL_1.jpg?v=1625839637","/media/catalogue/8a1821a680c0ec06.webp","processed original","306726"
"6958394147003","London 3 Drawer Locker GA","2","https://cdn.shopify.com/s/files/1/0567/1377/3243/products/LondonBedroomSetting_1a54215f-def3-46f0-b452-70a38f58f283.png?v=1625839637","/media/catalogue/7258269697e3dcdf.webp","processed original","0"
"6958397128891","London 4+2 Drawer Chest GA","1","https://cdn.shopify.com/s/files/1/0567/1377/3243/products/LONBC42_1.jpg?v=1625839777","/media/catalogue/d13a301243dae696.webp","processed original","260085"
"6958397128891","London 4+2 Drawer Chest GA","2","https://cdn.shopify.com/s/files/1/0567/1377/3243/products/LondonBedroomSetting_fc115feb-0845-45cd-b55b-affa07e2592e.png?v=1626430835","/media/catalogue/a84f5d7a25e00b72.webp","processed original","0"
"6958399815867","London Bed Frame GA","1","https://cdn.shopify.com/s/files/1/0567/1377/3243/products/LONBB46_1.jpg?v=1625839914","/media/catalogue/db797f170971d600.webp","processed original","306534"
"6958399815867","London Bed Frame GA","2","https://cdn.shopify.com/s/files/1/0567/1377/3243/products/LONBB5_1.jpg?v=1625839916","/media/catalogue/054e2184a4198453.webp","processed original","319507"
"6958399815867","London Bed Frame GA","3","https://cdn.shopify.com/s/files/1/0567/1377/3243/products/LONBB6_2.jpg?v=1625839918","/media/catalogue/baea952e84e34f10.webp","processed original","319367"
"6958399815867","London Bed Frame GA","4","https://cdn.shopify.com/s/files/1/0567/1377/3243/products/LondonBedroomSetting_f1915e2c-78d1-4f78-9af9-6e52319341ce.png?v=1625839924","/media/catalogue/e2cec379e658bf46.webp","processed original","0"
"6963914014907","Milan Coffee Table GA","1","https://cdn.shopify.com/s/files/1/0567/1377/3243/products/MILCOF_1.jpg?v=1626106452","/media/catalogue/0251cc6e92b8aa16.webp","processed original","340089"
"6963914014907","Milan Coffee Table GA","2","https://cdn.shopify.com/s/files/1/0567/1377/3243/products/MILCOF_3.jpg?v=1626106452","/media/catalogue/ceab33a1e868eaad.webp","processed original","333044"
"6963914932411","Milan Console Table GA","1","https://cdn.shopify.com/s/files/1/0567/1377/3243/products/MILCON_1.jpg?v=1626106504","/media/catalogue/fa276d0840725163.webp","processed original","329886"
"6963916013755","Milan Lamp Table GA","1","https://cdn.shopify.com/s/files/1/0567/1377/3243/products/MILLAMP_3.jpg?v=1626106556","/media/catalogue/2791b0fbadd5a966.webp","processed original","319884"
"6963916013755","Milan Lamp Table GA","2","https://cdn.shopify.com/s/files/1/0567/1377/3243/products/MILLAMP_2.jpg?v=1626106556","/media/catalogue/6db87b106544db31.webp","processed original","320886"
"6965086617787","Munich Coffee Table GA","1","https://cdn.shopify.com/s/files/1/0567/1377/3243/products/MUNCOFMAR_1.jpg?v=1626176761","/media/catalogue/48dbf844d17fd668.webp","processed original","348419"
"6965086617787","Munich Coffee Table GA","2","https://cdn.shopify.com/s/files/1/0567/1377/3243/products/MUNCOFMAR_2.jpg?v=1626176833","/media/catalogue/c9ef3bf5689b00a9.webp","processed original","345694"
"6965086617787","Munich Coffee Table GA","3","https://cdn.shopify.com/s/files/1/0567/1377/3243/products/MUNCOFOAK_2.jpg?v=1626176833","/media/catalogue/2f70035a93d3b586.webp","processed original","336843"
"6965086617787","Munich Coffee Table GA","4","https://cdn.shopify.com/s/files/1/0567/1377/3243/products/MUNCOFOAK_1.jpg?v=1626176833","/media/catalogue/508aac3d69c93816.webp","processed original","350781"
"6965087469755","Munich Lamp Table GA","1","https://cdn.shopify.com/s/files/1/0567/1377/3243/products/MUNLAMMAR_2.jpg?v=1626176949","/media/catalogue/a28219d7e2edf474.webp","processed original","340865"
"6965087469755","Munich Lamp Table GA","2","https://cdn.shopify.com/s/files/1/0567/1377/3243/products/MUNLAMMAR_1.jpg?v=1626176949","/media/catalogue/c0f749b9c60a2b82.webp","processed original","328451"
"6965087469755","Munich Lamp Table GA","3","https://cdn.shopify.com/s/files/1/0567/1377/3243/products/MUNLAMOAK_1.jpg?v=1626176949","/media/catalogue/0ae54aa102182ced.webp","processed original","312764"
"6965087469755","Munich Lamp Table GA","4","https://cdn.shopify.com/s/files/1/0567/1377/3243/products/MUNLAMOAK_2.jpg?v=1626176949","/media/catalogue/11b3780eb75265b9.webp","processed original","318850"
"6965124366523","Munich Round Nest of Tables GA","1","https://cdn.shopify.com/s/files/1/0567/1377/3243/products/MUNNESMAR_4.jpg?v=1626179753","/media/catalogue/f77b33bf53379989.webp","processed original","276053"
"6965124366523","Munich Round Nest of Tables GA","2","https://cdn.shopify.com/s/files/1/0567/1377/3243/products/MUNNESMAR_3.jpg?v=1626179755","/media/catalogue/bae2c427bb32309c.webp","processed original","260865"
"6965124366523","Munich Round Nest of Tables GA","3","https://cdn.shopify.com/s/files/1/0567/1377/3243/products/MUNNESOAK_1.jpg?v=1626179759","/media/catalogue/27ed99cc098d84e3.webp","processed original","259053"
"6965124366523","Munich Round Nest of Tables GA","4","https://cdn.shopify.com/s/files/1/0567/1377/3243/products/MUNNESOAK_3.jpg?v=1626179761","/media/catalogue/8c834d55dff39238.webp","processed original","241338"
"6965132034235","Oscar 2+3 Drawer Chest GA","1","https://cdn.shopify.com/s/files/1/0567/1377/3243/products/Oscar2_3Chest.jpg?v=1626180145","/media/catalogue/fb6677ae0a52698e.webp","processed original","185316"
"6965132034235","Oscar 2+3 Drawer Chest GA","2","https://cdn.shopify.com/s/files/1/0567/1377/3243/products/OscarBedroom.jpg?v=1626180145","/media/catalogue/58630ced07dc6de2.webp","processed original","0"
"6965133181115","Oscar 3 Drawer Locker GA","1","https://cdn.shopify.com/s/files/1/0567/1377/3243/products/OscarBedsideCabinet.jpg?v=1626180208","/media/catalogue/dde04d3f579a3bd8.webp","processed original","225264"
"6965133181115","Oscar 3 Drawer Locker GA","2","https://cdn.shopify.com/s/files/1/0567/1377/3243/products/OscarBedroom_f57c818f-463d-466c-8791-91a5974aa904.jpg?v=1626180208","/media/catalogue/5208c5ac002785d7.webp","processed original","0"
"6965135802555","Oscar Curved Bed GA","1","https://cdn.shopify.com/s/files/1/0567/1377/3243/products/Oscar_3ft_Curved_Bed.jpg?v=1626180321","/media/catalogue/63a738021aece058.webp","processed original","323016"
"6965135802555","Oscar Curved Bed GA","2","https://cdn.shopify.com/s/files/1/0567/1377/3243/products/Oscar_4ft6_Curved_Bed.jpg?v=1626180324","/media/catalogue/cd2ba03209a9db79.webp","processed original","328823"
"6965135802555","Oscar Curved Bed GA","3","https://cdn.shopify.com/s/files/1/0567/1377/3243/products/Oscar_5ft_Curved_Bed.jpg?v=1626180327","/media/catalogue/532ab53e87386870.webp","processed original","328823"
"6965135802555","Oscar Curved Bed GA","4","https://cdn.shopify.com/s/files/1/0567/1377/3243/products/Oscar_6ft_Curved_Bed.jpg?v=1626180330","/media/catalogue/c8c4d5e2043fa3ba.webp","processed original","328823"
"6965135802555","Oscar Curved Bed GA","5","https://cdn.shopify.com/s/files/1/0567/1377/3243/products/OscarBedroom_5b380e72-fff4-43e6-98a0-3ddb596846df.jpg?v=1626180338","/media/catalogue/6d1ea71af653def8.webp","processed original","0"
"6965137473723","Oscar Slatted Bed GA","1","https://cdn.shopify.com/s/files/1/0567/1377/3243/products/Oscar_3ft_Bed.jpg?v=1626180475","/media/catalogue/3638d3a449d28be7.webp","processed original","315830"
"6965137473723","Oscar Slatted Bed GA","2","https://cdn.shopify.com/s/files/1/0567/1377/3243/products/Oscar_4ft6_Bed.jpg?v=1626180479","/media/catalogue/ee32664c62d56529.webp","processed original","320004"
"6965137473723","Oscar Slatted Bed GA","3","https://cdn.shopify.com/s/files/1/0567/1377/3243/products/Oscar_5ft_Bed.jpg?v=1626180483","/media/catalogue/a50e508e2f5b17d2.webp","processed original","320004"
"6965137473723","Oscar Slatted Bed GA","4","https://cdn.shopify.com/s/files/1/0567/1377/3243/products/Oscar_6ft_Bed.jpg?v=1626180486","/media/catalogue/1a6b80b230c3a8a0.webp","processed original","320004"
"6965137473723","Oscar Slatted Bed GA","5","https://cdn.shopify.com/s/files/1/0567/1377/3243/products/OscarBedroom_274b095c-9fd1-4cdf-af54-d21126477ed1.jpg?v=1626180496","/media/catalogue/2dcb36cc0a91fdf1.webp","processed original","0"
"6965140619451","Oscar 6 Drawer Wide Chest GA","1","https://cdn.shopify.com/s/files/1/0567/1377/3243/products/OscarWideChest.jpg?v=1626180641","/media/catalogue/0b0d438ba4171188.webp","processed original","268126"
"6965140619451","Oscar 6 Drawer Wide Chest GA","2","https://cdn.shopify.com/s/files/1/0567/1377/3243/products/OscarBedroom_07bff88f-3844-4b54-be4b-8d3adb39a8f1.jpg?v=1626180641","/media/catalogue/af2736dd06d0f0e3.webp","processed original","0"
"6965141340347","Oscar Double Wardrobe With Drawers GA","1","https://cdn.shopify.com/s/files/1/0567/1377/3243/products/OscarDoubleWardrobe_Drawers.jpg?v=1626180704","/media/catalogue/c7360da91bcc3847.webp","processed original","257263"
"6965141340347","Oscar Double Wardrobe With Drawers GA","2","https://cdn.shopify.com/s/files/1/0567/1377/3243/products/OscarBedroom_d41127ac-632b-40fc-9e03-e177f49aa81d.jpg?v=1626180704","/media/catalogue/964378039c886bc7.webp","processed original","0"
"6965147500731","Oscar 1 Drawer Mini Console Table GA","1","https://cdn.shopify.com/s/files/1/0567/1377/3243/products/HAMPTONCON1_1.jpg?v=1626181463","/media/catalogue/6b25355e9816d573.webp","processed original","245989"
"6965147500731","Oscar 1 Drawer Mini Console Table GA","2","https://cdn.shopify.com/s/files/1/0567/1377/3243/products/HAMPTONCON1_5.jpg?v=1626181464","/media/catalogue/e6898d2c40e17714.webp","processed original","230980"
"6965147500731","Oscar 1 Drawer Mini Console Table GA","3","https://cdn.shopify.com/s/files/1/0567/1377/3243/products/oscaroccassional.jpg?v=1626181464","/media/catalogue/c037f9aad18b13a1.webp","processed original","0"
"6965153956027","Oscar 2 Door 2 Drawer Sideboard GA","1","https://cdn.shopify.com/s/files/1/0567/1377/3243/products/HAMPTONS2DOORNEW_1.jpg?v=1626181894","/media/catalogue/2288f3892b4bc8e0.webp","processed original","228032"
"6965153956027","Oscar 2 Door 2 Drawer Sideboard GA","2","https://cdn.shopify.com/s/files/1/0567/1377/3243/products/HAMPTONS2DOORNEW_5.jpg?v=1626181894","/media/catalogue/e9fc95f7d4bf70fd.webp","processed original","271859"
"6965153956027","Oscar 2 Door 2 Drawer Sideboard GA","3","https://cdn.shopify.com/s/files/1/0567/1377/3243/products/HAMPTONS2DOORNEW_6.jpg?v=1626181894","/media/catalogue/96c5e121438f3dbd.webp","processed original","248337"
"6965153956027","Oscar 2 Door 2 Drawer Sideboard GA","4","https://cdn.shopify.com/s/files/1/0567/1377/3243/products/oscaroccassional_0a60b35d-a6eb-4518-95dd-95fe0eab96df.jpg?v=1626181894","/media/catalogue/8d16bc7121760e78.webp","processed original","0"
"6965154742459","Oscar 2 Drawer Console Table GA","1","https://cdn.shopify.com/s/files/1/0567/1377/3243/products/HAMPTONCONSOLETABLE_1.jpg?v=1626182016","/media/catalogue/3facd2b8cada425b.webp","processed original","207152"
"6965154742459","Oscar 2 Drawer Console Table GA","2","https://cdn.shopify.com/s/files/1/0567/1377/3243/products/HAMPTONCONSOLETABLE_3.jpg?v=1626182016","/media/catalogue/f10f93667eba75d4.webp","processed original","286841"
"6965154742459","Oscar 2 Drawer Console Table GA","3","https://cdn.shopify.com/s/files/1/0567/1377/3243/products/oscaroccassional_c0067060-e267-4c66-a1ef-6411be69107f.jpg?v=1626182016","/media/catalogue/e3a3b2da5beb03fa.webp","processed original","0"
"6965156020411","Oscar 3 Door 3 Drawer Sideboard GA","1","https://cdn.shopify.com/s/files/1/0567/1377/3243/products/HAMPTONS3DOORNEW_1.jpg?v=1626182156","/media/catalogue/a2952e94aa559a05.webp","processed original","257946"
"6965156020411","Oscar 3 Door 3 Drawer Sideboard GA","2","https://cdn.shopify.com/s/files/1/0567/1377/3243/products/HAMPTONS3DOORNEW_5.jpg?v=1626182156","/media/catalogue/1f4623a69c30df97.webp","processed original","297576"
"6965156020411","Oscar 3 Door 3 Drawer Sideboard GA","3","https://cdn.shopify.com/s/files/1/0567/1377/3243/products/HAMPTONS3DOORNEW_6.jpg?v=1626182156","/media/catalogue/1ad2003304b06502.webp","processed original","258126"
"6965156020411","Oscar 3 Door 3 Drawer Sideboard GA","4","https://cdn.shopify.com/s/files/1/0567/1377/3243/products/oscaroccassional_420e3706-a4ed-49c2-b790-3187d08aa802.jpg?v=1626182156","/media/catalogue/d68c70df0ab1ec90.webp","processed original","0"
"6965166178491","Oscar Butterfly Extension Table 1.4 Metre GA","1","https://cdn.shopify.com/s/files/1/0567/1377/3243/products/HAMPTONEXTBUTT_1.jpg?v=1626182885","/media/catalogue/92fe6a8f7fa3ac40.webp","processed original","335834"
"6965166178491","Oscar Butterfly Extension Table 1.4 Metre GA","2","https://cdn.shopify.com/s/files/1/0567/1377/3243/products/HAMPTONEXTBUTT_7.jpg?v=1626182885","/media/catalogue/68cbffd2828c45a3.webp","processed original","291514"
"6965166178491","Oscar Butterfly Extension Table 1.4 Metre GA","3","https://cdn.shopify.com/s/files/1/0567/1377/3243/products/HAMPTONEXTBUTT_8.jpg?v=1626182885","/media/catalogue/98fb5e84a06b99ac.webp","processed original","297127"
"6965166178491","Oscar Butterfly Extension Table 1.4 Metre GA","4","https://cdn.shopify.com/s/files/1/0567/1377/3243/products/oscaroccassional_fb531c58-408d-4851-b346-8765e9045763.jpg?v=1626182886","/media/catalogue/6c49f7b95b367c87.webp","processed original","0"
"6965167653051","Oscar Coffee Table GA","1","https://cdn.shopify.com/s/files/1/0567/1377/3243/products/HAMPTONCOFFNEW_1.jpg?v=1626183019","/media/catalogue/ee10e7515ecb1e0d.webp","processed original","275247"
"6965167653051","Oscar Coffee Table GA","2","https://cdn.shopify.com/s/files/1/0567/1377/3243/products/oscaroccassional_0e2c8078-2ba3-4842-8eec-75b860d59dc6.jpg?v=1626183019","/media/catalogue/cbd2a6a3948ef136.webp","processed original","0"
"6965168275643","Oscar Corner TV Unit GA","1","https://cdn.shopify.com/s/files/1/0567/1377/3243/products/HAMPTONCORNERTVUNIT_1.jpg?v=1626183088","/media/catalogue/2e9305904a23d259.webp","processed original","227913"
"6965168275643","Oscar Corner TV Unit GA","2","https://cdn.shopify.com/s/files/1/0567/1377/3243/products/HAMPTONCORNERTVUNIT_2.jpg?v=1626183088","/media/catalogue/159dbfde59eb5fd7.webp","processed original","240634"
"6965168275643","Oscar Corner TV Unit GA","3","https://cdn.shopify.com/s/files/1/0567/1377/3243/products/HAMPTONCORNERTVUNIT_5.jpg?v=1626183088","/media/catalogue/34beb8fdc45b0ad0.webp","processed original","305807"
"6965168275643","Oscar Corner TV Unit GA","4","https://cdn.shopify.com/s/files/1/0567/1377/3243/products/oscaroccassional_ab1b0c10-8ccb-4da2-8e77-5ca9744a0303.jpg?v=1626183088","/media/catalogue/26ee61747ba9db56.webp","processed original","0"
"6965169488059","Oscar Double Display Cabinet GA","1","https://cdn.shopify.com/s/files/1/0567/1377/3243/products/HAMPTONDISPLAY_1.jpg?v=1626183159","/media/catalogue/2cfee58f0a7169b6.webp","processed original","281373"
"6965169488059","Oscar Double Display Cabinet GA","2","https://cdn.shopify.com/s/files/1/0567/1377/3243/products/HAMPTONDISPLAY_4.jpg?v=1626183159","/media/catalogue/12cd5f86ee3c77e1.webp","processed original","248713"
"6965169488059","Oscar Double Display Cabinet GA","3","https://cdn.shopify.com/s/files/1/0567/1377/3243/products/HAMPTONDISPLAY_6.jpg?v=1626183159","/media/catalogue/69ac8b9165150c33.webp","processed original","281627"
"6965169488059","Oscar Double Display Cabinet GA","4","https://cdn.shopify.com/s/files/1/0567/1377/3243/products/oscaroccassional_28bc09ef-beed-42b3-a057-f9fdbc62e24b.jpg?v=1626183159","/media/catalogue/cd9d9fddcba56d11.webp","processed original","0"
"6965192130747","Oscar Lamp Table GA","1","https://cdn.shopify.com/s/files/1/0567/1377/3243/products/HAMPTONLAMPTABLE_1.jpg?v=1626184915","/media/catalogue/c21fe50811d97438.webp","processed original","207665"
"6965192130747","Oscar Lamp Table GA","2","https://cdn.shopify.com/s/files/1/0567/1377/3243/products/oscaroccassional_0d106cfd-2d37-4239-9f93-bdce253b2e70.jpg?v=1626184916","/media/catalogue/ad8861f63beec7e9.webp","processed original","0"
"6965196554427","Oscar Coffee Table with drawer GA","1","https://cdn.shopify.com/s/files/1/0567/1377/3243/products/HAMPTONCOFFEE1DR_1.jpg?v=1626185180","/media/catalogue/1f1f06ee81970682.webp","processed original","297121"
"6965196554427","Oscar Coffee Table with drawer GA","2","https://cdn.shopify.com/s/files/1/0567/1377/3243/products/HAMPTONCOFFEE1DR_3.jpg?v=1626185180","/media/catalogue/7abbf07d65c4a892.webp","processed original","268788"
"6965196554427","Oscar Coffee Table with drawer GA","3","https://cdn.shopify.com/s/files/1/0567/1377/3243/products/oscaroccassional_2401ee08-b29d-428b-9dcc-06eb64ab9101.jpg?v=1626185180","/media/catalogue/48f0fc1d82688b97.webp","processed original","0"
"6965198651579","Oscar Large Chair - Wooden Seat GA","1","https://cdn.shopify.com/s/files/1/0567/1377/3243/products/HAMPTONCHAIRWOOD_1.jpg?v=1626185328","/media/catalogue/b9a2d11209ace717.webp","processed original","304672"
"6965198651579","Oscar Large Chair - Wooden Seat GA","2","https://cdn.shopify.com/s/files/1/0567/1377/3243/products/HAMPTONCHAIRWOOD_6.jpg?v=1626185328","/media/catalogue/0d3410154cc7a13d.webp","processed original","296886"
"6965198651579","Oscar Large Chair - Wooden Seat GA","3","https://cdn.shopify.com/s/files/1/0567/1377/3243/products/oscaroccassional_9c2773dc-fb61-43a5-a2e2-99f7b809db17.jpg?v=1626185329","/media/catalogue/2f6a2d8cd34791e2.webp","processed original","0"
"6965199700155","Oscar Coffee Table GA","1","https://cdn.shopify.com/s/files/1/0567/1377/3243/products/HAMPTONCOFFEETABLE_1.jpg?v=1626185438","/media/catalogue/77d230e613d6d5ba.webp","processed original","301270"
"6965199700155","Oscar Coffee Table GA","2","https://cdn.shopify.com/s/files/1/0567/1377/3243/products/HAMPTONCOFFEETABLE_3.jpg?v=1626185438","/media/catalogue/a18781ff57871e24.webp","processed original","210552"
"6965199700155","Oscar Coffee Table GA","3","https://cdn.shopify.com/s/files/1/0567/1377/3243/products/HAMPTONCOFFEETABLE_21.jpg?v=1626185438","/media/catalogue/d6d2f5d2f186bbbe.webp","processed original","160031"
"6965199700155","Oscar Coffee Table GA","4","https://cdn.shopify.com/s/files/1/0567/1377/3243/products/oscaroccassional_420db264-9e24-4c76-9d23-f8d2104b7643.jpg?v=1626185438","/media/catalogue/a4ffde2c5d6b1d00.webp","processed original","0"
"6965205696699","Oscar Large Dining Chair - PU Seat GA","1","https://cdn.shopify.com/s/files/1/0567/1377/3243/products/HAMPTONCHLG_1.jpg?v=1626186075","/media/catalogue/037aca1f0ed4b163.webp","processed original","304132"
"6965205696699","Oscar Large Dining Chair - PU Seat GA","2","https://cdn.shopify.com/s/files/1/0567/1377/3243/products/HAMPTONCHLG_4.jpg?v=1626186075","/media/catalogue/6e4f08ba5bd30b94.webp","processed original","304675"
"6965205696699","Oscar Large Dining Chair - PU Seat GA","3","https://cdn.shopify.com/s/files/1/0567/1377/3243/products/HAMPTONCHLG_5.jpg?v=1626186075","/media/catalogue/dcd6168e78896325.webp","processed original","235629"
"6965205696699","Oscar Large Dining Chair - PU Seat GA","4","https://cdn.shopify.com/s/files/1/0567/1377/3243/products/HAMPTONCHLG_21.jpg?v=1626186075","/media/catalogue/b6bcc5ceec63ba40.webp","processed original","156610"
"6965205696699","Oscar Large Dining Chair - PU Seat GA","5","https://cdn.shopify.com/s/files/1/0567/1377/3243/products/oscaroccassional_36c03f3e-8b8c-479c-b1d0-b66b7ae65734.jpg?v=1626186075","/media/catalogue/15feee79ec127f57.webp","processed original","0"
"6965207236795","Oscar Large Extension Table GA","1","https://cdn.shopify.com/s/files/1/0567/1377/3243/products/HAMPTONEXTLARGE_1.jpg?v=1626186219","/media/catalogue/2f506233b0532689.webp","processed original","333565"
"6965207236795","Oscar Large Extension Table GA","2","https://cdn.shopify.com/s/files/1/0567/1377/3243/products/HAMPTONEXTLARGE_2.jpg?v=1626186220","/media/catalogue/ed1f6858550eb7aa.webp","processed original","368520"
"6965207236795","Oscar Large Extension Table GA","3","https://cdn.shopify.com/s/files/1/0567/1377/3243/products/HAMPTONEXTLARGE_5.jpg?v=1626186220","/media/catalogue/ed3d6ae1e4a7b530.webp","processed original","278870"
"6965207236795","Oscar Large Extension Table GA","4","https://cdn.shopify.com/s/files/1/0567/1377/3243/products/HAMPTONEXTLARGE_6.jpg?v=1626186220","/media/catalogue/0c3612e7c690dbae.webp","processed original","297169"
"6965207236795","Oscar Large Extension Table GA","5","https://cdn.shopify.com/s/files/1/0567/1377/3243/products/HAMPTONEXTLARGE_21.jpg?v=1626186220","/media/catalogue/cf9136b66b8c270c.webp","processed original","177616"
"6965207236795","Oscar Large Extension Table GA","6","https://cdn.shopify.com/s/files/1/0567/1377/3243/products/oscaroccassional_e5193371-a249-44e2-a624-55b36dfd20de.jpg?v=1626186220","/media/catalogue/19ea6678649cdbcf.webp","processed original","0"
"6965213692091","Oscar Low Dining Chair GA","1","https://cdn.shopify.com/s/files/1/0567/1377/3243/products/HAMPTONCHAIR_2.jpg?v=1626186774","/media/catalogue/67b39661f0a98420.webp","processed original","323386"
"6965213692091","Oscar Low Dining Chair GA","2","https://cdn.shopify.com/s/files/1/0567/1377/3243/products/HAMPTONCHAIR_3.jpg?v=1626186774","/media/catalogue/7b213422a276baf6.webp","processed original","337623"
"6965213692091","Oscar Low Dining Chair GA","3","https://cdn.shopify.com/s/files/1/0567/1377/3243/products/oscaroccassional_3079ed2b-b3f8-4d1c-bb2a-137dcfee7856.jpg?v=1626186774","/media/catalogue/a219926f74f359cc.webp","processed original","0"
"6965215822011","Oscar Nest of 3 Tables GA","1","https://cdn.shopify.com/s/files/1/0567/1377/3243/products/HAMPTONNEST3_1.jpg?v=1626187041","/media/catalogue/7414dfce97544a99.webp","processed original","309409"
"6965215822011","Oscar Nest of 3 Tables GA","2","https://cdn.shopify.com/s/files/1/0567/1377/3243/products/HAMPTONNEST3_2.jpg?v=1626187042","/media/catalogue/00aa9278f4fa63fd.webp","processed original","308691"
"6965215822011","Oscar Nest of 3 Tables GA","3","https://cdn.shopify.com/s/files/1/0567/1377/3243/products/HAMPTONNEST3_21.jpg?v=1626187042","/media/catalogue/5e700b4360f1c546.webp","processed original","155066"
"6965215822011","Oscar Nest of 3 Tables GA","4","https://cdn.shopify.com/s/files/1/0567/1377/3243/products/oscaroccassional_337bc59c-f804-4d51-abd7-e698bb665b13.jpg?v=1626187042","/media/catalogue/f3da82726d16baae.webp","processed original","0"
"6965225816251","Oscar Small Bench GA","1","https://cdn.shopify.com/s/files/1/0567/1377/3243/products/HAMPTONBSM_1.jpg?v=1626187523","/media/catalogue/b8620421bb23e3b1.webp","processed original","296051"
"6965225816251","Oscar Small Bench GA","2","https://cdn.shopify.com/s/files/1/0567/1377/3243/products/oscaroccassional_1d183af2-b74c-4986-990e-d28df4ff6288.jpg?v=1626187523","/media/catalogue/f08a51fa6384127f.webp","processed original","0"
"6965228044475","Oscar Small Bookcase GA","1","https://cdn.shopify.com/s/files/1/0567/1377/3243/products/HAMPTONSMALLB_CASE_1.jpg?v=1626187660","/media/catalogue/17de5028a1ff09cf.webp","processed original","176524"
"6965228044475","Oscar Small Bookcase GA","2","https://cdn.shopify.com/s/files/1/0567/1377/3243/products/oscaroccassional_6fd54a41-3156-4d35-abcf-72d1acc06245.jpg?v=1626187660","/media/catalogue/cf71b944eea18c80.webp","processed original","0"
"6965603139771","Rimini Chair PU GA","1","https://cdn.shopify.com/s/files/1/0567/1377/3243/products/RIMINCHBE_1.jpg?v=1626197467","/media/catalogue/7115e31c2b6f8960.webp","processed original","332375"
"6967162142907","Salou 3 Drawer Locker GA","1","https://cdn.shopify.com/s/files/1/0567/1377/3243/products/BrushedLocker2.jpg?v=1626263398","/media/catalogue/e344ee197174975d.webp","processed original","331227"
"6967162142907","Salou 3 Drawer Locker GA","2","https://cdn.shopify.com/s/files/1/0567/1377/3243/products/BrushedBedroomDisplay.jpg?v=1626263398","/media/catalogue/b56ac1fbe0a0a793.webp","processed original","0"
"6967165780155","Salou 4+2 Drawer Chest GA","1","https://cdn.shopify.com/s/files/1/0567/1377/3243/products/Brushed4Plus2Chest2.jpg?v=1626263506","/media/catalogue/c13ab56db35a1009.webp","processed original","336295"
"6967165780155","Salou 4+2 Drawer Chest GA","2","https://cdn.shopify.com/s/files/1/0567/1377/3243/products/BrushedBedroomDisplay_7465fa65-f722-4764-a47b-53e970a1bf8b.jpg?v=1626263506","/media/catalogue/6f9a254d41ccbff6.webp","processed original","0"
"6967168237755","Salou Curved Bed GA","1","https://cdn.shopify.com/s/files/1/0567/1377/3243/products/BrushedCurvedBed2.jpg?v=1626263583","/media/catalogue/a1aae64216dbeaa4.webp","processed original","289435"
"6967168237755","Salou Curved Bed GA","2","https://cdn.shopify.com/s/files/1/0567/1377/3243/products/BrushedBedroomDisplay_31a2a1db-96b2-47de-83c5-9788253dec31.jpg?v=1626263584","/media/catalogue/20032ff812c6e8c5.webp","processed original","0"
"6967169286331","Salou Double Wardrobe With Drawers GA","1","https://cdn.shopify.com/s/files/1/0567/1377/3243/products/BrushedDoubleRobewithDrawers2.jpg?v=1626263645","/media/catalogue/226ae7700c38b6f8.webp","processed original","320988"
"6967169286331","Salou Double Wardrobe With Drawers GA","2","https://cdn.shopify.com/s/files/1/0567/1377/3243/products/BrushedBedroomDisplay_876b0c1e-dbfc-4733-ac11-a192dcf587f8.jpg?v=1626263645","/media/catalogue/b3a22fea604aaa25.webp","processed original","0"
"6967173316795","Talia Velvet Chair GA","1","https://cdn.shopify.com/s/files/1/0567/1377/3243/products/TALORFOUR_1.jpg?v=1626263867","/media/catalogue/3ec7beff0896ab49.webp","processed original","334271"
"6967173316795","Talia Velvet Chair GA","2","https://cdn.shopify.com/s/files/1/0567/1377/3243/products/TALORFOUR_4.jpg?v=1626263907","/media/catalogue/47d472ecabcf961e.webp","processed original","339085"
"6967173316795","Talia Velvet Chair GA","3","https://cdn.shopify.com/s/files/1/0567/1377/3243/products/TALBLFOUR_2.jpg?v=1626263907","/media/catalogue/49019e04d9429b5c.webp","processed original","339425"
"6967173316795","Talia Velvet Chair GA","4","https://cdn.shopify.com/s/files/1/0567/1377/3243/products/TALBLFOUR_5.jpg?v=1626263907","/media/catalogue/c35f50994786fd18.webp","processed original","340106"
"6967173316795","Talia Velvet Chair GA","5","https://cdn.shopify.com/s/files/1/0567/1377/3243/products/TALGRFOUR_1.jpg?v=1626263907","/media/catalogue/98dda1451b4864f4.webp","processed original","334965"
"6967173316795","Talia Velvet Chair GA","6","https://cdn.shopify.com/s/files/1/0567/1377/3243/products/TALGRFOUR_3.jpg?v=1626263905","/media/catalogue/80b9395a9dad1d51.webp","processed original","337950"
"6967357112507","Verona Coffee Table GA","1","https://cdn.shopify.com/s/files/1/0567/1377/3243/products/VERCOFFMAR_1.jpg?v=1626268346","/media/catalogue/7fbbcc77655db0e0.webp","processed original","339734"
"6967357112507","Verona Coffee Table GA","2","https://cdn.shopify.com/s/files/1/0567/1377/3243/products/VERCOFFMAR_2.jpg?v=1626268348","/media/catalogue/d143e660f11f8f3d.webp","processed original","348630"
"6967357112507","Verona Coffee Table GA","3","https://cdn.shopify.com/s/files/1/0567/1377/3243/products/VERCOFFOAK_3.jpg?v=1626268352","/media/catalogue/88fdf984422ffd02.webp","processed original","309251"
"6967357112507","Verona Coffee Table GA","4","https://cdn.shopify.com/s/files/1/0567/1377/3243/products/VERCOFFOAK_2.jpg?v=1626268355","/media/catalogue/b038a7aab3a84785.webp","processed original","355454"
"6967397253307","Vicenza 1.6 Metre Extension Table GA","1","https://cdn.shopify.com/s/files/1/0567/1377/3243/products/IMG_8658.jpg?v=1626269315","/media/catalogue/a54f097b5a9794f3.webp","processed original","0"
"6967397253307","Vicenza 1.6 Metre Extension Table GA","2","https://cdn.shopify.com/s/files/1/0567/1377/3243/products/IMG_8657.jpg?v=1626269470","/media/catalogue/dd052fbfa48eff4f.webp","processed original","0"
"6967397253307","Vicenza 1.6 Metre Extension Table GA","3","https://cdn.shopify.com/s/files/1/0567/1377/3243/products/IMG_8660.jpg?v=1626269470","/media/catalogue/eeed73e1a30453bf.webp","processed original","0"
"6967421862075","Vicenza 1.6 Metre Fixed Table Light Grey GA","1","https://cdn.shopify.com/s/files/1/0567/1377/3243/products/IMG_8648.jpg?v=1626269906","/media/catalogue/fedf6409af94e0ae.webp","processed original","0"
"6967421862075","Vicenza 1.6 Metre Fixed Table Light Grey GA","2","https://cdn.shopify.com/s/files/1/0567/1377/3243/products/IMG_8649.jpg?v=1626269906","/media/catalogue/bc45346907586b24.webp","processed original","0"
"6967471440059","Vicenza Coffee Table Light Grey GA","1","https://cdn.shopify.com/s/files/1/0567/1377/3243/products/vicenzacoffeetable.jpg?v=1626271019","/media/catalogue/2d5200214746ae4d.webp","processed original","0"
"6967476912315","Vicenza Console Table GA","1","https://cdn.shopify.com/s/files/1/0567/1377/3243/products/vicenzaconsoletable.jpg?v=1626271163","/media/catalogue/a6d49fba90e76b74.webp","processed original","0"
"6967481073851","Vicenza Lamp Table GA","1","https://cdn.shopify.com/s/files/1/0567/1377/3243/products/vicenzalamptable.jpg?v=1626271283","/media/catalogue/a0bb8a571f685b42.webp","processed original","0"
"6999784882363","Royal Coil Supreme Mattress","1","https://cdn.shopify.com/s/files/1/0567/1377/3243/products/supreme_2_d3110bb3-cc4b-4fe9-854e-b1becc8b81f1.jpg?v=1627490875","/media/catalogue/a3f46f53c664e3e2.webp","processed original","0"
"6999852318907","Royal Coil Superb Mattress","1","https://cdn.shopify.com/s/files/1/0567/1377/3243/products/superb-1_4c692960-9dac-4150-9d01-81f3347c7dc8.jpg?v=1627490581","/media/catalogue/7488de6ccd5f85b0.webp","processed original","0"
"7001162776763","Royal Coil Regency Mattress","1","https://cdn.shopify.com/s/files/1/0567/1377/3243/products/RegencyOrthopeadic2200_10018_b7fd5174-214c-4628-8621-8c25d5a2f151.jpg?v=1665146232","/media/catalogue/e405922f3d7e6160.webp","processed original","426388"
"7001162776763","Royal Coil Regency Mattress","2","https://cdn.shopify.com/s/files/1/0567/1377/3243/products/regency_1-1.jpg?v=1665146232","/media/catalogue/1b37273dd8876d5a.webp","processed original","0"
"7001167659195","Royal Coil Luxury Opulence Mattress","1","https://cdn.shopify.com/s/files/1/0567/1377/3243/products/OpulanceCoverphoto.jpg?v=1628073937","/media/catalogue/9d4311c6e17e7b5a.webp","processed original","0"
"7001167659195","Royal Coil Luxury Opulence Mattress","2","https://cdn.shopify.com/s/files/1/0567/1377/3243/products/opulence-1.jpg?v=1628073937","/media/catalogue/9d42fd0b8e0097cf.webp","processed original","0"
"7001167659195","Royal Coil Luxury Opulence Mattress","3","https://cdn.shopify.com/s/files/1/0567/1377/3243/products/Opulance3.jpg?v=1628073937","/media/catalogue/fae8986b0741cc9e.webp","processed original","0"
"7001216647355","Madrid Mattress","1","https://cdn.shopify.com/s/files/1/0567/1377/3243/products/bedset_2c98bcab-3f3d-43fc-8ea8-35656872b3f0.jpg?v=1627558144","/media/catalogue/fd21283a19cf4081.webp","processed original","0"
"7001216647355","Madrid Mattress","2","https://cdn.shopify.com/s/files/1/0567/1377/3243/products/detail2_fdb65c9f-b525-4810-b04c-a642e9245c03.jpg?v=1627558145","/media/catalogue/83f2fd457d6c5d1c.webp","processed original","0"
"7001216647355","Madrid Mattress","3","https://cdn.shopify.com/s/files/1/0567/1377/3243/products/detail1_84ef7a01-540d-4d73-b902-616cad92b4a3.jpg?v=1627558145","/media/catalogue/51267ac5464392b1.webp","processed original","0"
"7001216647355","Madrid Mattress","4","https://cdn.shopify.com/s/files/1/0567/1377/3243/products/detailtag_1080a5cb-42da-4ddd-8ba3-33d9594d1711.jpg?v=1627558145","/media/catalogue/33b57a66fab35617.webp","excluded: Supplier branding/watermark: aurora | beds | natural, healthy sieep | Madrid","0"
"7001216647355","Madrid Mattress","5","https://cdn.shopify.com/s/files/1/0567/1377/3243/products/detailmadeinIreland.jpg?v=1627558145","/media/catalogue/c93289cf2e9a0d8a.webp","excluded: Supplier branding/watermark: adna | ings | Double Sided | Mattress | MADE IN IRELAND | www.aurorabeds.ie | end trish Fire Regulations. Conforms to BSTIT 20)","0"
"7001216647355","Madrid Mattress","6","https://cdn.shopify.com/s/files/1/0567/1377/3243/products/fullmatress_5fc05638-7e98-4a23-b982-fe667fac8667.jpg?v=1627558145","/media/catalogue/86a9499311f8b720.webp","processed original","195235"
"7001238700219","Opal 3ft Mattress","1","https://cdn.shopify.com/s/files/1/0567/1377/3243/products/bedset_59acc1c6-fb41-4bb5-be94-876873ec7d17.jpg?v=1627558935","/media/catalogue/8f841d1c8e2c86d0.webp","processed original","0"
"7001238700219","Opal 3ft Mattress","2","https://cdn.shopify.com/s/files/1/0567/1377/3243/products/detail1_e1796b3a-4822-4c0f-8100-12f7ee459087.jpg?v=1627558936","/media/catalogue/e6382e5c51299426.webp","processed original","875781"
"7001238700219","Opal 3ft Mattress","3","https://cdn.shopify.com/s/files/1/0567/1377/3243/products/detail2_89437cd9-2ceb-4db3-a443-9bb41816ca13.jpg?v=1627558936","/media/catalogue/67dde5585cae977e.webp","processed original","0"
"7001238700219","Opal 3ft Mattress","4","https://cdn.shopify.com/s/files/1/0567/1377/3243/products/detailmadeinIreland_68f01867-4fb9-4a2f-8470-940b023c608e.jpg?v=1627558936","/media/catalogue/c31ff593f4f35f7e.webp","excluded: Supplier branding/watermark: ed | Opal | Natural Fillings | MADE IN IRELAND | www.aurorabeds.ie | le Regulations. Conforms to BS7177: 2008 €","0"
"7001238700219","Opal 3ft Mattress","5","https://cdn.shopify.com/s/files/1/0567/1377/3243/products/detailtag_111f9658-7182-4cbf-8f40-71b4b91ceccd.jpg?v=1627558937","/media/catalogue/f84c1749a426afab.webp","excluded: Supplier branding/watermark: auroro | natural, heoltthy | — Timeless Classics- | Opal | aго | Bonnell | Springs | Double Sided | Mattress | Natural Filings | Edge to Edge | Supgon | MADE IN IRELAND | www.aurorabeds.ie | Hand Vate | in Irelans | Complies with all the relevant British and lrish Fire Regulations. Conforms to BS7 177: 2008 for medium hazard 8. Sl 1924, Cralted in ires","0"
"7001238700219","Opal 3ft Mattress","6","https://cdn.shopify.com/s/files/1/0567/1377/3243/products/fullmatress_da8c5111-04ca-44b3-80c7-b721d9359b38.jpg?v=1627558937","/media/catalogue/c61f18e5b40fdefa.webp","processed original","150407"
"7001239552187","Opal 4ft Mattress","1","https://cdn.shopify.com/s/files/1/0567/1377/3243/products/bedset_733dff49-e1c2-4b5c-9bec-751b03e3bc3d.jpg?v=1627558950","/media/catalogue/8d3d8ac423482c52.webp","processed original","0"
"7001239552187","Opal 4ft Mattress","2","https://cdn.shopify.com/s/files/1/0567/1377/3243/products/detail1_d431fade-aee8-4288-80ef-e9823acd4cc3.jpg?v=1627558950","/media/catalogue/90e620467c338736.webp","processed original","875781"
"7001239552187","Opal 4ft Mattress","3","https://cdn.shopify.com/s/files/1/0567/1377/3243/products/detail2_159cb0f1-bd6f-4bd4-a22e-90a74c8f058b.jpg?v=1627558950","/media/catalogue/0ab9c3b265f2207b.webp","processed original","0"
"7001239552187","Opal 4ft Mattress","4","https://cdn.shopify.com/s/files/1/0567/1377/3243/products/detailmadeinIreland_470302a6-4009-4d61-843d-67ea37d65d5c.jpg?v=1627558950","/media/catalogue/1933fb4a9bdccf7a.webp","excluded: Supplier branding/watermark: ed | Opal | Natural Fillings | MADE IN IRELAND | www.aurorabeds.ie | le Regulations. Conforms to BS7177: 2008 €","0"
"7001239552187","Opal 4ft Mattress","5","https://cdn.shopify.com/s/files/1/0567/1377/3243/products/detailtag_18a043e9-7cf8-4bb4-b9fe-1c2aa0207b82.jpg?v=1627558950","/media/catalogue/2b2aa7569a022eee.webp","excluded: Supplier branding/watermark: auroro | natural, heoltthy | — Timeless Classics- | Opal | aго | Bonnell | Springs | Double Sided | Mattress | Natural Filings | Edge to Edge | Supgon | MADE IN IRELAND | www.aurorabeds.ie | Hand Vate | in Irelans | Complies with all the relevant British and lrish Fire Regulations. Conforms to BS7 177: 2008 for medium hazard 8. Sl 1924, Cralted in ires","0"
"7001239552187","Opal 4ft Mattress","6","https://cdn.shopify.com/s/files/1/0567/1377/3243/products/fullmatress_05c63835-9a41-4f7b-95f0-aad38136e326.jpg?v=1627558950","/media/catalogue/76773bf417660577.webp","processed original","150407"
"7001240109243","Opal 4ft6 Mattress","1","https://cdn.shopify.com/s/files/1/0567/1377/3243/products/bedset_37a8506c-4dff-41c5-8434-87ff0d1ed6c5.jpg?v=1627558972","/media/catalogue/7461db08e045c77f.webp","processed original","0"
"7001240109243","Opal 4ft6 Mattress","2","https://cdn.shopify.com/s/files/1/0567/1377/3243/products/detail1_8ab28aed-9f48-402d-a97e-b1871ad31c40.jpg?v=1627558972","/media/catalogue/048f8eac00d171b7.webp","processed original","875781"
"7001240109243","Opal 4ft6 Mattress","3","https://cdn.shopify.com/s/files/1/0567/1377/3243/products/detail2_f410bc48-8fd5-4f46-899a-26a58a7c80e2.jpg?v=1627558972","/media/catalogue/ec7f4c1a7252a42e.webp","processed original","0"
"7001240109243","Opal 4ft6 Mattress","4","https://cdn.shopify.com/s/files/1/0567/1377/3243/products/detailmadeinIreland_2309ea57-251c-4624-a69b-f2d679bea285.jpg?v=1627558972","/media/catalogue/5b4d57cad492eb3b.webp","excluded: Supplier branding/watermark: ed | Opal | Natural Fillings | MADE IN IRELAND | www.aurorabeds.ie | le Regulations. Conforms to BS7177: 2008 €","0"
"7001240109243","Opal 4ft6 Mattress","5","https://cdn.shopify.com/s/files/1/0567/1377/3243/products/detailtag_cdd5a426-23a9-49dc-8257-f6af688891f0.jpg?v=1627558972","/media/catalogue/6444d70a00d5c881.webp","excluded: Supplier branding/watermark: auroro | natural, heoltthy | — Timeless Classics- | Opal | aго | Bonnell | Springs | Double Sided | Mattress | Natural Filings | Edge to Edge | Supgon | MADE IN IRELAND | www.aurorabeds.ie | Hand Vate | in Irelans | Complies with all the relevant British and lrish Fire Regulations. Conforms to BS7 177: 2008 for medium hazard 8. Sl 1924, Cralted in ires","0"
"7001240109243","Opal 4ft6 Mattress","6","https://cdn.shopify.com/s/files/1/0567/1377/3243/products/fullmatress_1afe1031-a6ae-4673-95ca-0045c4df5eff.jpg?v=1627558972","/media/catalogue/982dd4a3fd3a7a6b.webp","processed original","150407"
"7001241223355","Opal 5ft Mattress","1","https://cdn.shopify.com/s/files/1/0567/1377/3243/products/bedset_b40f5d5b-13f6-4ede-ad04-4c849cb0bb5b.jpg?v=1627559015","/media/catalogue/424d4bc07e158b88.webp","processed original","0"
"7001241223355","Opal 5ft Mattress","2","https://cdn.shopify.com/s/files/1/0567/1377/3243/products/detail1_595a71f0-2cc7-4b23-82d5-f58d442f7d57.jpg?v=1627559015","/media/catalogue/7ee62394cf411dbd.webp","processed original","875781"
"7001241223355","Opal 5ft Mattress","3","https://cdn.shopify.com/s/files/1/0567/1377/3243/products/detail2_263c3332-34b5-4e1e-bc44-742b0a92ae1a.jpg?v=1627559015","/media/catalogue/67ea9445af15fa81.webp","processed original","0"
"7001241223355","Opal 5ft Mattress","4","https://cdn.shopify.com/s/files/1/0567/1377/3243/products/detailmadeinIreland_84ba43db-32a6-450a-ae48-44292a8147e5.jpg?v=1627559015","/media/catalogue/ede50e84d85fe9f6.webp","excluded: Supplier branding/watermark: ed | Opal | Natural Fillings | MADE IN IRELAND | www.aurorabeds.ie | le Regulations. Conforms to BS7177: 2008 €","0"
"7001241223355","Opal 5ft Mattress","5","https://cdn.shopify.com/s/files/1/0567/1377/3243/products/detailtag_0c915c8f-68b9-439e-b057-1b474b71d800.jpg?v=1627559015","/media/catalogue/dac4758e0b3d6b0b.webp","excluded: Supplier branding/watermark: auroro | natural, heoltthy | — Timeless Classics- | Opal | aго | Bonnell | Springs | Double Sided | Mattress | Natural Filings | Edge to Edge | Supgon | MADE IN IRELAND | www.aurorabeds.ie | Hand Vate | in Irelans | Complies with all the relevant British and lrish Fire Regulations. Conforms to BS7 177: 2008 for medium hazard 8. Sl 1924, Cralted in ires","0"
"7001241223355","Opal 5ft Mattress","6","https://cdn.shopify.com/s/files/1/0567/1377/3243/products/fullmatress_0a86ce43-52c4-4e70-a783-ed1fc4cf3503.jpg?v=1627559015","/media/catalogue/af8c115de402e921.webp","processed original","150407"
"7001241911483","Opal 6ft Mattress","1","https://cdn.shopify.com/s/files/1/0567/1377/3243/products/bedset_42f66054-5839-4687-9c25-5b58f125fc00.jpg?v=1627559042","/media/catalogue/9e037b14f4114122.webp","processed original","0"
"7001241911483","Opal 6ft Mattress","2","https://cdn.shopify.com/s/files/1/0567/1377/3243/products/detail1_c1a886f9-1a3b-4197-9bf2-d9cf1d61cba8.jpg?v=1627559042","/media/catalogue/3999273ae673cd87.webp","processed original","875781"
"7001241911483","Opal 6ft Mattress","3","https://cdn.shopify.com/s/files/1/0567/1377/3243/products/detail2_ae57d26c-b46e-431a-9a64-17528fe35629.jpg?v=1627559042","/media/catalogue/9a6fd94d9fa3b4a4.webp","processed original","0"
"7001241911483","Opal 6ft Mattress","4","https://cdn.shopify.com/s/files/1/0567/1377/3243/products/detailmadeinIreland_5f6446ab-4dcd-440c-826f-d9570e1328cb.jpg?v=1627559042","/media/catalogue/e2e4ba30dc4faca3.webp","excluded: Supplier branding/watermark: ed | Opal | Natural Fillings | MADE IN IRELAND | www.aurorabeds.ie | le Regulations. Conforms to BS7177: 2008 €","0"
"7001241911483","Opal 6ft Mattress","5","https://cdn.shopify.com/s/files/1/0567/1377/3243/products/detailtag_e46a503b-0ff4-4364-97b7-d94824ad46fa.jpg?v=1627559042","/media/catalogue/43a3eb8c1e2d14bf.webp","excluded: Supplier branding/watermark: auroro | natural, heoltthy | — Timeless Classics- | Opal | aго | Bonnell | Springs | Double Sided | Mattress | Natural Filings | Edge to Edge | Supgon | MADE IN IRELAND | www.aurorabeds.ie | Hand Vate | in Irelans | Complies with all the relevant British and lrish Fire Regulations. Conforms to BS7 177: 2008 for medium hazard 8. Sl 1924, Cralted in ires","0"
"7001241911483","Opal 6ft Mattress","6","https://cdn.shopify.com/s/files/1/0567/1377/3243/products/fullmatress_25cb140a-150d-4dab-b80f-3b029fe04809.jpg?v=1627559042","/media/catalogue/2972e19dea12d49b.webp","processed original","150407"
"7009888370875","Cuba Sliding Wardrobe DE","1","https://cdn.shopify.com/s/files/1/0567/1377/3243/products/Cuba_1.8_-_Oak_Shetland.jpg?v=1628006338","/media/catalogue/04007081ad44b191.webp","processed original","0"
"7009888370875","Cuba Sliding Wardrobe DE","2","https://cdn.shopify.com/s/files/1/0567/1377/3243/products/Cuba_1.8_-_White.jpg?v=1628006338","/media/catalogue/867b33b3f4f5ce67.webp","processed original","0"
"7009888370875","Cuba Sliding Wardrobe DE","3","https://cdn.shopify.com/s/files/1/0567/1377/3243/products/Cuba_1.8_-_Black.jpg?v=1628006338","/media/catalogue/adc8c52361ea2d52.webp","processed original","0"
"7009888370875","Cuba Sliding Wardrobe DE","4","https://cdn.shopify.com/s/files/1/0567/1377/3243/products/Cuba_1.8_-_Grey.jpg?v=1628006338","/media/catalogue/2dac6859a9272658.webp","processed original","0"
"7009888370875","Cuba Sliding Wardrobe DE","5","https://cdn.shopify.com/s/files/1/0567/1377/3243/products/Cubainside.jpg?v=1628006344","/media/catalogue/dbbaec136a4edda6.webp","processed original","281366"
"7009924382907","Boston Sliding Wardrobe - DE","1","https://cdn.shopify.com/s/files/1/0567/1377/3243/products/Boston_2.3_Shetland_Oak_2.jpg?v=1628006480","/media/catalogue/ee376e4b41d95333.webp","processed original","0"
"7009924382907","Boston Sliding Wardrobe - DE","2","https://cdn.shopify.com/s/files/1/0567/1377/3243/products/Boston_2.3_White.jpg?v=1628006483","/media/catalogue/37e42563c183ff95.webp","processed original","0"
"7009924382907","Boston Sliding Wardrobe - DE","3","https://cdn.shopify.com/s/files/1/0567/1377/3243/products/Boston_2.5_-Grey.jpg?v=1628006492","/media/catalogue/e6a4e38a4f001ae0.webp","processed original","0"
"7009924382907","Boston Sliding Wardrobe - DE","4","https://cdn.shopify.com/s/files/1/0567/1377/3243/products/Boston_2.5_Oak.jpg?v=1628006495","/media/catalogue/09c52d3a8e9dd6a6.webp","processed original","0"
"7009924382907","Boston Sliding Wardrobe - DE","5","https://cdn.shopify.com/s/files/1/0567/1377/3243/products/Boston_2.5_White.jpg?v=1628006500","/media/catalogue/6cb88f9574f0cfc3.webp","processed original","0"
"7009924382907","Boston Sliding Wardrobe - DE","6","https://cdn.shopify.com/s/files/1/0567/1377/3243/products/BostonInside.jpg?v=1628167717","/media/catalogue/29ca503409b29c50.webp","processed original","92811"
"7009924382907","Boston Sliding Wardrobe - DE","7","https://cdn.shopify.com/s/files/1/0567/1377/3243/products/Bostoninside2.jpg?v=1628167721","/media/catalogue/5ffd6da5da3478f1.webp","processed original","65925"
"7016535785659","Band 27"" Headboard & Base AJ","1","https://cdn.shopify.com/s/files/1/0567/1377/3243/products/BandStyleHeadboard_Base.jpg?v=1628174934","/media/catalogue/0543b2ca003df13f.webp","processed original","0"
"7016535785659","Band 27"" Headboard & Base AJ","2","https://cdn.shopify.com/s/files/1/0567/1377/3243/products/headboards_760eabd6-13e5-4a6a-a51e-5f5b596d2684.jpg?v=1630312214","/media/catalogue/68101ba53935ee6e.webp","processed original","0"
"7016535785659","Band 27"" Headboard & Base AJ","3","https://cdn.shopify.com/s/files/1/0567/1377/3243/files/aj_cOLOUR.png?v=1744728172","/media/catalogue/f82ed55a92597efb.webp","processed original","172769"
"7016711356603","Clara Headboard & Base","1","https://cdn.shopify.com/s/files/1/0567/1377/3243/products/Malaga27Headboard_Base.jpg?v=1628185230","/media/catalogue/62b0e166a432f662.webp","processed original","0"
"7016711356603","Clara Headboard & Base","2","https://cdn.shopify.com/s/files/1/0567/1377/3243/files/CARLADARKGREYHBOAD.webp?v=1696366914","/media/catalogue/26a25022a205affe.webp","processed original","0"
"7016711356603","Clara Headboard & Base","3","https://cdn.shopify.com/s/files/1/0567/1377/3243/files/CARLAHBOARD_3.jpg?v=1696366914","/media/catalogue/ae15ca99dbcffce9.webp","processed original","0"
"7016713978043","Button Top 27"" Headboard & Base","1","https://cdn.shopify.com/s/files/1/0567/1377/3243/products/ButtonTop27Headboard_Base.jpg?v=1628185512","/media/catalogue/6f6cf203d93d3e56.webp","processed original","0"
"7016713978043","Button Top 27"" Headboard & Base","2","https://cdn.shopify.com/s/files/1/0567/1377/3243/files/Colours-names-swatch-1.22aj.jpg?v=1687267425","/media/catalogue/eb42a9225fdb2596.webp","processed original","474977"
"7018779967675","Band 27"" Headboard & Base with Drawer AJ","1","https://cdn.shopify.com/s/files/1/0567/1377/3243/products/BandStyleHeadboard_Base_be671a16-b682-4c23-8757-3ce04b2646f3.jpg?v=1628253087","/media/catalogue/cf15956aabc03335.webp","processed original","0"
"7018779967675","Band 27"" Headboard & Base with Drawer AJ","2","https://cdn.shopify.com/s/files/1/0567/1377/3243/products/headboards_481662a8-693b-427d-a2bb-c072075a7837.jpg?v=1630312244","/media/catalogue/c6a3210b8a9e26d2.webp","processed original","0"
"7018779967675","Band 27"" Headboard & Base with Drawer AJ","3","https://cdn.shopify.com/s/files/1/0567/1377/3243/files/Colours-names-swatch-1.22aj_6e44aaa2-fe58-4785-9023-110ad3c45ced.jpg?v=1687270325","/media/catalogue/41308ae7b9ba80ca.webp","processed original","474977"
"7019010425019","Button Top 27"" Headboard & Base (4 Drawer or Jumbo Drawer)","1","https://cdn.shopify.com/s/files/1/0567/1377/3243/products/ButtonTop27Headboard_Base_e0959bdc-2e76-49be-85b1-59fc4a1b9d99.jpg?v=1630344481","/media/catalogue/065fec900efe0572.webp","processed original","0"
"7019010425019","Button Top 27"" Headboard & Base (4 Drawer or Jumbo Drawer)","2","https://cdn.shopify.com/s/files/1/0567/1377/3243/products/jumbodrawer_48faa443-09ed-4f97-9a3c-486966cce11c.jpg?v=1630344481","/media/catalogue/3de8f0d58d4b996d.webp","processed original","68604"
"7019043782843","Deep Panel 27"" Headboard & Base AJ","1","https://cdn.shopify.com/s/files/1/0567/1377/3243/products/DeepPanel27Headboard_Base_35a6a6a6-984e-47e7-9851-3d4308c6c227.jpg?v=1628262482","/media/catalogue/5027e97be87858ef.webp","processed original","0"
"7019043782843","Deep Panel 27"" Headboard & Base AJ","2","https://cdn.shopify.com/s/files/1/0567/1377/3243/files/Colours-names-swatch-1.22aj_3d8a24c0-0653-4196-957c-b7563431298c.jpg?v=1687272661","/media/catalogue/513962500fdc46fb.webp","processed original","474977"
"7019050139835","Roma 27“ Headboard & Base AJ","1","https://cdn.shopify.com/s/files/1/0567/1377/3243/products/Roma27Headboard_Base2.jpg?v=1630326417","/media/catalogue/f31f2246b109a485.webp","processed original","0"
"7019050139835","Roma 27“ Headboard & Base AJ","2","https://cdn.shopify.com/s/files/1/0567/1377/3243/files/Colours-names-swatch-1.22aj_351f089d-418d-4bc7-9e27-06f9e99e2206.jpg?v=1687269881","/media/catalogue/953696bc80151dea.webp","processed original","474977"
"7019064524987","Roma 27“ Headboard & Base (2 Drawers) AJ","1","https://cdn.shopify.com/s/files/1/0567/1377/3243/products/Roma27Headboard_Base2_87e4ef38-8806-43bc-95e5-4c02f6045623.jpg?v=1630326452","/media/catalogue/be384d71deb56c42.webp","processed original","0"
"7019064524987","Roma 27“ Headboard & Base (2 Drawers) AJ","2","https://cdn.shopify.com/s/files/1/0567/1377/3243/files/aj_cOLOUR.png?v=1744728172","/media/catalogue/f82ed55a92597efb.webp","processed original","172769"
"7019191009467","Button Top 27"" Headboard","1","https://cdn.shopify.com/s/files/1/0567/1377/3243/products/headboard-button-top-9pink.jpg?v=1676127030","/media/catalogue/a2641478f2b99178.webp","processed original","747469"
"7019191009467","Button Top 27"" Headboard","2","https://cdn.shopify.com/s/files/1/0567/1377/3243/products/headboard-button-top-8-22nd-junepetrol.jpg?v=1676127030","/media/catalogue/13d6d4d6c852fc97.webp","processed original","511791"
"7019191009467","Button Top 27"" Headboard","3","https://cdn.shopify.com/s/files/1/0567/1377/3243/products/Button-Top-Matiz-Silver-1536x1024.jpg?v=1676127030","/media/catalogue/f77f6183e949095f.webp","processed original","752760"
"7019191009467","Button Top 27"" Headboard","4","https://cdn.shopify.com/s/files/1/0567/1377/3243/products/Button-Top-Naples-Beige-1536x1024.jpg?v=1676127030","/media/catalogue/cc0f87b319f7cd6c.webp","processed original","521131"
"7019191009467","Button Top 27"" Headboard","5","https://cdn.shopify.com/s/files/1/0567/1377/3243/products/ButtonTop27Headboard.jpg?v=1676127030","/media/catalogue/133582e794d96a4c.webp","processed original","0"
"7019191009467","Button Top 27"" Headboard","6","https://cdn.shopify.com/s/files/1/0567/1377/3243/products/headboard-button-top-10-22nd-junetumericvelvet.jpg?v=1676127334","/media/catalogue/62f29978ed7465ed.webp","processed original","754599"
"7019191009467","Button Top 27"" Headboard","7","https://cdn.shopify.com/s/files/1/0567/1377/3243/products/headboard-button-top1-22nd-crushvelvetice.jpg?v=1676127410","/media/catalogue/40fa9efa7868969a.webp","processed original","751125"
"7019191009467","Button Top 27"" Headboard","8","https://cdn.shopify.com/s/files/1/0567/1377/3243/products/headboard-button-top-6-22nd-junenap_esbeige.jpg?v=1676127411","/media/catalogue/3b7d0b88a0ce310e.webp","processed original","483112"
"7019191009467","Button Top 27"" Headboard","9","https://cdn.shopify.com/s/files/1/0567/1377/3243/products/headboard-button-top-7-22nd-june_1_denim_13d5c873-7481-4e25-8977-bf259af123d1.jpg?v=1676127411","/media/catalogue/a4c9be91a1495a04.webp","processed original","756095"
"7019191009467","Button Top 27"" Headboard","10","https://cdn.shopify.com/s/files/1/0567/1377/3243/products/Button-Top-Spiced-Velvet-Pink-1536x1024.jpg?v=1676127485","/media/catalogue/296fede298be477e.webp","processed original","746969"
"7019191009467","Button Top 27"" Headboard","11","https://cdn.shopify.com/s/files/1/0567/1377/3243/products/AJ-NEW-SWATCHES-2-SEPT-21.jpg?v=1676127502","/media/catalogue/3e5724239a1beb5e.webp","processed original","0"
"7019191009467","Button Top 27"" Headboard","12","https://cdn.shopify.com/s/files/1/0567/1377/3243/products/AJ-NEW-SWATCHES-SEPT-21-scaled.jpg?v=1676127503","/media/catalogue/4781f577286c5300.webp","processed original","0"
"7019191009467","Button Top 27"" Headboard","13","https://cdn.shopify.com/s/files/1/0567/1377/3243/products/auroraswatch.jpg?v=1676127503","/media/catalogue/3aa46961b68651b4.webp","processed original","0"
"7019191009467","Button Top 27"" Headboard","14","https://cdn.shopify.com/s/files/1/0567/1377/3243/products/AURORA-HEADBOARD-DESIGNS.jpg?v=1676127502","/media/catalogue/e78568eba0bad249.webp","processed original","15329"
"7019191009467","Button Top 27"" Headboard","15","https://cdn.shopify.com/s/files/1/0567/1377/3243/products/auroraswatch_0b74437b-2555-4515-a818-9310525e607d.jpg?v=1676127655","/media/catalogue/e4cfea6079ed67d1.webp","processed original","0"
"7019191009467","Button Top 27"" Headboard","16","https://cdn.shopify.com/s/files/1/0567/1377/3243/products/AURORA-HEADBOARD-DESIGNS_52d2a8e2-fbeb-4b84-911e-5f4f4fb5b376.jpg?v=1676127667","/media/catalogue/0d600084562d8d91.webp","processed original","15329"
"7019205558459","Panel 27"" Headboard AJ","1","https://cdn.shopify.com/s/files/1/0567/1377/3243/products/DeepPanel27Headboard.jpg?v=1628263921","/media/catalogue/20960c3d5e720a8b.webp","processed original","0"
"7019205558459","Panel 27"" Headboard AJ","2","https://cdn.shopify.com/s/files/1/0567/1377/3243/files/Aurora_Colour_Swatch.png?v=1748691437","/media/catalogue/6b0d75a3364213d5.webp","processed original","218700"
"7019219419323","Roma 27“ Headboard AJ","1","https://cdn.shopify.com/s/files/1/0567/1377/3243/products/Roma27Headboard.jpg?v=1628264009","/media/catalogue/b4b555e8fdf6f174.webp","processed original","0"
"7019219419323","Roma 27“ Headboard AJ","2","https://cdn.shopify.com/s/files/1/0567/1377/3243/files/Aurora_Colour_Swatch.png?v=1748691437","/media/catalogue/6b0d75a3364213d5.webp","processed original","218700"
"7048482750651","Chiswick Storage Bed Frame DD","1","https://cdn.shopify.com/s/files/1/0567/1377/3243/products/Chiswick.jpg?v=1629387905","/media/catalogue/b5899be3d2695d0b.webp","processed original","24780"
"7048482750651","Chiswick Storage Bed Frame DD","2","https://cdn.shopify.com/s/files/1/0567/1377/3243/products/Chiswick2.jpg?v=1629387905","/media/catalogue/5281cd14eab44001.webp","processed original","0"
"7048482750651","Chiswick Storage Bed Frame DD","3","https://cdn.shopify.com/s/files/1/0567/1377/3243/products/unnamed_0b25b0e6-3d4e-48f5-97fd-05dff6d1d1e1.jpg?v=1629387905","/media/catalogue/5f93522764b777ce.webp","processed original","140643"
"7048486781115","Mayfair Wingback Storage Bed Frame DD","1","https://cdn.shopify.com/s/files/1/0567/1377/3243/products/MayfairWingback.jpg?v=1629388009","/media/catalogue/60beea5d2e3cf385.webp","processed original","0"
"7048486781115","Mayfair Wingback Storage Bed Frame DD","2","https://cdn.shopify.com/s/files/1/0567/1377/3243/products/MayfairWingback2.jpg?v=1629388009","/media/catalogue/2134fe58b2d3c5e6.webp","processed original","0"
"7048486781115","Mayfair Wingback Storage Bed Frame DD","3","https://cdn.shopify.com/s/files/1/0567/1377/3243/products/MayfairWingback3.jpg?v=1629388009","/media/catalogue/553ec4c41d2afe29.webp","processed original","0"
"7048486781115","Mayfair Wingback Storage Bed Frame DD","4","https://cdn.shopify.com/s/files/1/0567/1377/3243/products/unnamed_77a7e64c-5a6c-4e7a-85c5-6c4c60606e72.jpg?v=1629388026","/media/catalogue/4c97af66e4d9c0e6.webp","processed original","140643"
"7048490713275","Lola Storage Bed Frame DI","1","https://cdn.shopify.com/s/files/1/0567/1377/3243/products/LolaBedframe.jpg?v=1629388161","/media/catalogue/36f458cd66a12adf.webp","processed original","0"
"7048490713275","Lola Storage Bed Frame DI","2","https://cdn.shopify.com/s/files/1/0567/1377/3243/products/LolaBedframe2.jpg?v=1629388162","/media/catalogue/cdd6e88c66a36dbd.webp","processed original","0"
"7048490713275","Lola Storage Bed Frame DI","3","https://cdn.shopify.com/s/files/1/0567/1377/3243/products/unnamed_bb0354d5-dec7-4dce-b846-04f468dd671f.jpg?v=1629388166","/media/catalogue/3ddad04985e4878d.webp","processed original","140643"
"7048497660091","Polly Storage Bed Frame DI","1","https://cdn.shopify.com/s/files/1/0567/1377/3243/products/PolyBedframe.jpg?v=1629388309","/media/catalogue/a706fbfaa47879a3.webp","processed original","0"
"7048497660091","Polly Storage Bed Frame DI","2","https://cdn.shopify.com/s/files/1/0567/1377/3243/products/PolyBedrame2.jpg?v=1629388310","/media/catalogue/a2aade2c81933b37.webp","processed original","0"
"7048497660091","Polly Storage Bed Frame DI","3","https://cdn.shopify.com/s/files/1/0567/1377/3243/products/unnamed_ed00f8db-9af5-42c3-b496-dd082c023d6c.jpg?v=1629388313","/media/catalogue/3584f559d5f3a070.webp","processed original","140643"
"7051384455355","Home Trend's Furniture Gift Voucher","1","https://cdn.shopify.com/s/files/1/0567/1377/3243/products/GiftVoucher_896a1109-d8bb-412d-b56c-3e4f0b32996a.jpg?v=1630493230","/media/catalogue/30a81b6d49eefa46.webp","processed original","0"
"7081979674811","Troy Bookcase - HJ","1","https://cdn.shopify.com/s/files/1/0567/1377/3243/products/troybookcase.png?v=1630336689","/media/catalogue/f630fd2afd7ecdc0.webp","processed original","0"
"7081979674811","Troy Bookcase - HJ","2","https://cdn.shopify.com/s/files/1/0567/1377/3243/products/troybookcaseoak.jpg?v=1630336689","/media/catalogue/8a782a9b5db2f169.webp","processed original","90558"
"7081979674811","Troy Bookcase - HJ","3","https://cdn.shopify.com/s/files/1/0567/1377/3243/products/troybookasewalnut.jpg?v=1630336689","/media/catalogue/d4f9c8d4f75b9c88.webp","processed original","144200"
"7081979674811","Troy Bookcase - HJ","4","https://cdn.shopify.com/s/files/1/0567/1377/3243/files/Troy-Grey-Bookcase.jpg?v=1706372493","/media/catalogue/d9e7a608540aabf6.webp","processed original","0"
"7083404198075","Staten TV Unit HJ","1","https://cdn.shopify.com/s/files/1/0567/1377/3243/products/StatenTVUnit.jpg?v=1630403205","/media/catalogue/7b6572367fd446d3.webp","processed original","0"
"7088655663291","Memphis High Sleeper Bunk","1","https://cdn.shopify.com/s/files/1/0567/1377/3243/files/memphis.webp?v=1722681706","/media/catalogue/90561868ff4f02b4.webp","processed original","0"
"7413474492603","Lagan Bed Frame HB","1","https://cdn.shopify.com/s/files/1/0567/1377/3243/products/laganbedwhite.jpg?v=1647364546","/media/catalogue/af7cc886b93e4dfe.webp","processed original","0"
"7413474492603","Lagan Bed Frame HB","2","https://cdn.shopify.com/s/files/1/0567/1377/3243/products/bedframe_3__2lagan.jpg?v=1647364547","/media/catalogue/828db5f0893b3c17.webp","processed original","0"
"7413474492603","Lagan Bed Frame HB","3","https://cdn.shopify.com/s/files/1/0567/1377/3243/products/Lagan-Grey-Bedframe-2.jpg?v=1647364546","/media/catalogue/19fa11e79ecf3776.webp","processed original","0"
"7418400243899","Lagan 5 Drawer Chest HB","1","https://cdn.shopify.com/s/files/1/0567/1377/3243/products/laganwhite7drawer.jpg?v=1647607269","/media/catalogue/21e9a77a21af49df.webp","processed original","0"
"7418400243899","Lagan 5 Drawer Chest HB","2","https://cdn.shopify.com/s/files/1/0567/1377/3243/products/laganchest.jpg?v=1647607269","/media/catalogue/fac4b46a6fa6eb7e.webp","processed original","0"
"7466781868219","Denmark Sliding Wardrobe DE","1","https://cdn.shopify.com/s/files/1/0567/1377/3243/products/dcr-denmark-oak-sml-3_eyk_1.jpg?v=1649671457","/media/catalogue/fe7b43338a03a5ac.webp","processed original","137344"
"7466781868219","Denmark Sliding Wardrobe DE","2","https://cdn.shopify.com/s/files/1/0567/1377/3243/products/denmark-dims-lge_eyk.jpg?v=1649671457","/media/catalogue/dacaccb810d6f807.webp","processed original","414336"
"7466781868219","Denmark Sliding Wardrobe DE","3","https://cdn.shopify.com/s/files/1/0567/1377/3243/products/dcr-denmark-black3_eyk_1.jpg?v=1649671458","/media/catalogue/0ea7711ddf6f9ca6.webp","processed original","135373"
"7466781868219","Denmark Sliding Wardrobe DE","4","https://cdn.shopify.com/s/files/1/0567/1377/3243/products/dcr-denmark-grey1_eyk.jpg?v=1649671457","/media/catalogue/7686f08fb8ed37d9.webp","processed original","295281"
"7466781868219","Denmark Sliding Wardrobe DE","5","https://cdn.shopify.com/s/files/1/0567/1377/3243/products/dcr-denmark-grey2_eyk.jpg?v=1649671457","/media/catalogue/8595339a682dc0c9.webp","processed original","0"
"7466781868219","Denmark Sliding Wardrobe DE","6","https://cdn.shopify.com/s/files/1/0567/1377/3243/products/dcr-denmark-white3_eyk.jpg?v=1649671457","/media/catalogue/a2cb0b6732bc6989.webp","processed original","0"
"7674039828667","Taylor Patchwork Chair (original) - HJ","1","https://cdn.shopify.com/s/files/1/0567/1377/3243/products/patchworkchair.jpg?v=1664362070","/media/catalogue/eb763cfe44bfc7ab.webp","processed original","0"
"7674868564155","CHANTELLE CAPPUCCINO SET - HJ","1","https://cdn.shopify.com/s/files/1/0567/1377/3243/products/CHANTELLEextecapp.jpg?v=1664445356","/media/catalogue/51dd435a1d5746f4.webp","processed original","0"
"7674868564155","CHANTELLE CAPPUCCINO SET - HJ","2","https://cdn.shopify.com/s/files/1/0567/1377/3243/products/chantellgreysetsilverextend_f488c8e8-59b0-4f34-a705-9f015893e75c.jpg?v=1664738503","/media/catalogue/3aa8cefa3848f85c.webp","processed original","0"
"7674884096187","Columbia Table & Chairs - HJ","1","https://cdn.shopify.com/s/files/1/0567/1377/3243/products/Columbiacharcoalsetii.jpg?v=1664447778","/media/catalogue/b15458a321c65c1a.webp","processed original","0"
"7674884096187","Columbia Table & Chairs - HJ","2","https://cdn.shopify.com/s/files/1/0567/1377/3243/files/thumb-columbia-dining-chair-charcoal-grey-pu-seat.jpg?v=1686924085","/media/catalogue/2ab079c82d7d6bbc.webp","processed original","0"
"7674884096187","Columbia Table & Chairs - HJ","3","https://cdn.shopify.com/s/files/1/0567/1377/3243/files/large-columbia-dining-chair-navy-solid-seat.jpg?v=1686924085","/media/catalogue/bcc9985932358ec7.webp","processed original","0"
"7675717157051","Chantelle Dining Chair - HJ","1","https://cdn.shopify.com/s/files/1/0567/1377/3243/files/ChantelleGreySetyes2.jpg?v=1687175102","/media/catalogue/40c13f0ee345f112.webp","processed original","0"
"7675717157051","Chantelle Dining Chair - HJ","2","https://cdn.shopify.com/s/files/1/0567/1377/3243/files/ChantelleGreySetyesi.jpg?v=1687175102","/media/catalogue/c2c158e53edf9c76.webp","processed original","0"
"7675717157051","Chantelle Dining Chair - HJ","3","https://cdn.shopify.com/s/files/1/0567/1377/3243/products/chantellgreysetsilverextend.jpg?v=1687175102","/media/catalogue/85fd1116a09cebc2.webp","processed original","0"
"7734343565499","Chelsea Bed - IM","1","https://cdn.shopify.com/s/files/1/0567/1377/3243/products/chelseabedgrey_4b1c03f9-ea8d-4215-b08a-7dbd84b63b0b.jpg?v=1668691619","/media/catalogue/966084ac2df96388.webp","processed original","0"
"7734343565499","Chelsea Bed - IM","2","https://cdn.shopify.com/s/files/1/0567/1377/3243/products/0001037_chelsea-viola-midnight-6ft_81b38fba-28d8-4a74-b0a0-78383e3480c2.jpg?v=1668691640","/media/catalogue/a79d765a177c365c.webp","processed original","0"
"7734343565499","Chelsea Bed - IM","3","https://cdn.shopify.com/s/files/1/0567/1377/3243/products/0001042_chelsea-viola-midnight-5ft_105iii.jpg?v=1668691640","/media/catalogue/8e158032505f4a7f.webp","processed original","0"
"7734343565499","Chelsea Bed - IM","4","https://cdn.shopify.com/s/files/1/0567/1377/3243/products/0001816_chelsea-5ft-bed-dark-grey-linenhb_4b761623-1040-4c74-805f-322572bcb511.jpg?v=1668691640","/media/catalogue/11109229069892ec.webp","processed original","0"
"7734343565499","Chelsea Bed - IM","5","https://cdn.shopify.com/s/files/1/0567/1377/3243/products/0001817_chelsea-5ft-bed-dark-grey-linenleg_24042b96-b220-4cb3-9494-cb7db2d7ed23.jpg?v=1668691640","/media/catalogue/101ea50b6d5cf8ed.webp","processed original","0"
"7744478052539","Kensington Bed Frame - IM","1","https://cdn.shopify.com/s/files/1/0567/1377/3243/products/0001032_kensington-viola-pirate-5ft.jpg?v=1669473310","/media/catalogue/ab6b59f21333b301.webp","processed original","0"
"7744478052539","Kensington Bed Frame - IM","2","https://cdn.shopify.com/s/files/1/0567/1377/3243/products/0001032_kensington-viola-pirate-5ft_029e8828-a343-4dc1-9252-405c9c527d01.jpg?v=1669473854","/media/catalogue/fe0fd85cbfbfae9a.webp","processed original","0"
"7744478052539","Kensington Bed Frame - IM","3","https://cdn.shopify.com/s/files/1/0567/1377/3243/products/kensington-bedframe-midnight-blue-meath_1.jpg?v=1669473891","/media/catalogue/66a8cfd4d42b4ee2.webp","processed original","290016"
"7755733631163","Aloe Vera G02 - GI","1","https://cdn.shopify.com/s/files/1/0567/1377/3243/products/20437-531c77c7-093a-4761-a576-cd936aa9031c.jpg?v=1670496660","/media/catalogue/d2de7d470d021676.webp","excluded: Supplier branding/watermark: Serenity Sleep | Item:G-02 | Size:5ft","0"
"7755733631163","Aloe Vera G02 - GI","2","https://cdn.shopify.com/s/files/1/0567/1377/3243/products/go27.jpg?v=1670496662","/media/catalogue/9ab4dfa0e7ce32ce.webp","excluded: Supplier branding/watermark: Serenity Sleep | GIE | e | =","0"
"7755733631163","Aloe Vera G02 - GI","3","https://cdn.shopify.com/s/files/1/0567/1377/3243/products/GO2V1.jpg?v=1670496663","/media/catalogue/e3acd6a1e7dd8254.webp","processed original","0"
"7755733631163","Aloe Vera G02 - GI","4","https://cdn.shopify.com/s/files/1/0567/1377/3243/products/GO2V.jpg?v=1670496662","/media/catalogue/426266422de5aada.webp","processed original","0"
"7755733631163","Aloe Vera G02 - GI","5","https://cdn.shopify.com/s/files/1/0567/1377/3243/products/GO2IIII.jpg?v=1670496662","/media/catalogue/fcbbad5f58f90c4c.webp","processed original","0"
"7755736285371","Paradise Mattress - G05 - GI","1","https://cdn.shopify.com/s/files/1/0567/1377/3243/products/go27_90fea40b-adc7-4ce6-bc96-b9300e260203.jpg?v=1670497999","/media/catalogue/1f6e6aa732381d0c.webp","excluded: Supplier branding/watermark: Serenity Sleep | GIE | e | =","0"
"7755736285371","Paradise Mattress - G05 - GI","2","https://cdn.shopify.com/s/files/1/0567/1377/3243/products/20437-531c77c7-093a-4761-a576-cd936aa9031c_25b3f5f3-6072-4b3a-a629-cb79bb284605.jpg?v=1670498000","/media/catalogue/994f24c520bbde92.webp","excluded: Supplier branding/watermark: Serenity Sleep | Item:G-02 | Size:5ft","0"
"7755736285371","Paradise Mattress - G05 - GI","3","https://cdn.shopify.com/s/files/1/0567/1377/3243/products/ParadiseG05_11.jpg?v=1670498000","/media/catalogue/03704505a178d69e.webp","processed original","1110152"
"7755736285371","Paradise Mattress - G05 - GI","4","https://cdn.shopify.com/s/files/1/0567/1377/3243/products/ParadiseG05_10.jpg?v=1670497999","/media/catalogue/8ab200d068ded2d5.webp","excluded: Supplier branding/watermark: Serenity Sleep | Item :G-05 | Size:5ft | GiE | -aretully remove the mattress","0"
"7755736285371","Paradise Mattress - G05 - GI","5","https://cdn.shopify.com/s/files/1/0567/1377/3243/products/ParadiseG05_4.jpg?v=1670497999","/media/catalogue/7855e30732128795.webp","processed original","1149114"
"7755757027515","Max Sofa Bed BRE","1","https://cdn.shopify.com/s/files/1/0567/1377/3243/products/Metro-2-Bed--782x1030.jpg?v=1670504311","/media/catalogue/a050361bd984410c.webp","processed original","0"
"7755757027515","Max Sofa Bed BRE","2","https://cdn.shopify.com/s/files/1/0567/1377/3243/products/MAX2SOFABED.jpg?v=1670504311","/media/catalogue/a07c0f4e367c70e7.webp","processed original","0"
"7777741799611","Toronto Sliding Wardrobe BR","1","https://cdn.shopify.com/s/files/1/0567/1377/3243/products/Toronto1.8m-White_1_2d708841-aa1b-4e27-a558-07e26c20c55f.jpg?v=1674057025","/media/catalogue/41f4ebba767da0ad.webp","processed original","0"
"7777741799611","Toronto Sliding Wardrobe BR","2","https://cdn.shopify.com/s/files/1/0567/1377/3243/products/Paris_Toronto2.03mInterior_01f43a42-3a12-4a45-80e9-6e416ef4b7b0.jpg?v=1696413802","/media/catalogue/d08d43b64d9119f4.webp","processed original","117494"
"7777741799611","Toronto Sliding Wardrobe BR","3","https://cdn.shopify.com/s/files/1/0567/1377/3243/products/Paris_Toronto2.03mInterior.jpg?v=1696413802","/media/catalogue/1995d8fc7646cb9a.webp","processed original","117494"
"7777742291131","Toronto Sliding Wardrobe 2.5 BR","1","https://cdn.shopify.com/s/files/1/0567/1377/3243/products/Toronto2.5moak.png?v=1674057422","/media/catalogue/6de6026058bded09.webp","processed original","36324"
"7777742291131","Toronto Sliding Wardrobe 2.5 BR","2","https://cdn.shopify.com/s/files/1/0567/1377/3243/products/Toronto2.5mInterior.jpg?v=1674057422","/media/catalogue/4db57668246362ad.webp","processed original","113518"
"8361262252355","ROISIN 2 SEATER SOFA BED HT","1","https://cdn.shopify.com/s/files/1/0567/1377/3243/products/IMG-20230318-WA0003_9075de58-7c22-4eef-8b00-c3231f641b00.jpg?v=1680181401","/media/catalogue/f353b707120c3d7e.webp","processed original","711552"
"8361262252355","ROISIN 2 SEATER SOFA BED HT","2","https://cdn.shopify.com/s/files/1/0567/1377/3243/products/IMG-20230318-WA0005_ff8c3b9b-334a-43a9-9e88-9710b69f3548.jpg?v=1698829729","/media/catalogue/a963d36ef08358c3.webp","processed original","968778"
"8361262252355","ROISIN 2 SEATER SOFA BED HT","3","https://cdn.shopify.com/s/files/1/0567/1377/3243/products/IMG-20230318-WA0006_9e757bc2-d871-43c2-bd6a-291687ed0d40.jpg?v=1698829729","/media/catalogue/03a0f9de8a92df71.webp","processed original","950499"
"8361262252355","ROISIN 2 SEATER SOFA BED HT","4","https://cdn.shopify.com/s/files/1/0567/1377/3243/files/WhatsAppImage2024-01-24at18.00.23.jpg?v=1706101351","/media/catalogue/d75d8978cf9cf84a.webp","processed original","0"
"8361295315267","Ortho Guest Bed with trundle / 2 Mattresses FE","1","https://cdn.shopify.com/s/files/1/0567/1377/3243/products/IMG_20230328_162501_035.webp?v=1680184143","/media/catalogue/214dca9a58e8f897.webp","processed original","312141"
"8361295315267","Ortho Guest Bed with trundle / 2 Mattresses FE","2","https://cdn.shopify.com/s/files/1/0567/1377/3243/products/Screenshot_20230328_162222_Facebook.jpg?v=1696368139","/media/catalogue/098a152cf346b018.webp","processed original","529723"
"8361295315267","Ortho Guest Bed with trundle / 2 Mattresses FE","3","https://cdn.shopify.com/s/files/1/0567/1377/3243/products/TRUNDLESWATCH.webp?v=1696368139","/media/catalogue/4f4fadc9cefe9f88.webp","processed original","178545"
"8611099083075","Accra Rug - Cream Red","1","https://cdn.shopify.com/s/files/1/0567/1377/3243/products/21336-392a1411-35ec-43f0-aac3-1f97656ca8fe_0163e8e9-6e7a-4a2f-8762-0c51d3dd3268.jpg?v=1684430880","/media/catalogue/6aaffffd1403e405.webp","processed original","0"
"8611099083075","Accra Rug - Cream Red","2","https://cdn.shopify.com/s/files/1/0567/1377/3243/products/21336-8fd74584-2ef3-4a8c-8798-3e80c9da710f_ad5d9fc7-c7a1-4a27-a10f-f6793bd2baf3.jpg?v=1684430880","/media/catalogue/6054cf313eb7c6f7.webp","processed original","0"
"8611099083075","Accra Rug - Cream Red","3","https://cdn.shopify.com/s/files/1/0567/1377/3243/products/21336-0950fbcb-9ad6-4d54-9ff9-be471d4b930f_0a96b594-aaac-4976-a9dd-646a29578012.jpg?v=1684430882","/media/catalogue/2735d02921ce7640.webp","processed original","0"
"8611099083075","Accra Rug - Cream Red","4","https://cdn.shopify.com/s/files/1/0567/1377/3243/products/21336-7e7afbf3-7c59-4d33-ad0e-0c89f7e4638c_f71d0177-f0a1-4185-b0a8-6fce2e59f78d.jpg?v=1684430882","/media/catalogue/348f3da228991a4b.webp","processed original","0"
"8611099083075","Accra Rug - Cream Red","5","https://cdn.shopify.com/s/files/1/0567/1377/3243/products/21336-d80c904f-635d-473d-9b12-df9cc1ff38ed_4e5e4043-2ba1-4384-a15b-bd6f361ce2a0.jpg?v=1684430882","/media/catalogue/91f8a6ec550e6da0.webp","processed original","0"
"8611099148611","Accra Rug - Grey Black","1","https://cdn.shopify.com/s/files/1/0567/1377/3243/products/21338-a67484fe-a8a2-4eff-a38f-1fb5799855f9.jpg?v=1684424451","/media/catalogue/443fc1162684bd1d.webp","processed original","0"
"8611099148611","Accra Rug - Grey Black","2","https://cdn.shopify.com/s/files/1/0567/1377/3243/products/21338-df6ce223-cddc-46c0-959e-ba8244a8389a.jpg?v=1684424451","/media/catalogue/9cc3df51698a62e2.webp","processed original","0"
"8611099148611","Accra Rug - Grey Black","3","https://cdn.shopify.com/s/files/1/0567/1377/3243/products/21338-f37047db-5ce6-4f74-af11-94be97fb2941.jpg?v=1684421809","/media/catalogue/017342c1a4a7e77e.webp","processed original","0"
"8611099148611","Accra Rug - Grey Black","4","https://cdn.shopify.com/s/files/1/0567/1377/3243/products/21338-0d9a7e76-33ba-4a08-aa28-6d97024f80ff.jpg?v=1684425491","/media/catalogue/7ad1fea893b5c5d9.webp","processed original","0"
"8611099148611","Accra Rug - Grey Black","5","https://cdn.shopify.com/s/files/1/0567/1377/3243/products/21338-5060d75b-2bb2-4f5f-917c-d4df65b0ebc2.jpg?v=1684425491","/media/catalogue/066ee1b241fb8c39.webp","processed original","0"
"8611099312451","Accra Rug - Grey Gold","1","https://cdn.shopify.com/s/files/1/0567/1377/3243/products/21337-a9145388-4b7d-4aa9-9e5d-26c9854ee8f9.jpg?v=1684424460","/media/catalogue/3cef71bb549f3c58.webp","processed original","0"
"8611099312451","Accra Rug - Grey Gold","2","https://cdn.shopify.com/s/files/1/0567/1377/3243/products/21337-3771973f-aa49-4864-a533-92d261f46002.jpg?v=1684424460","/media/catalogue/2bb1ff10bee847c0.webp","processed original","0"
"8611099312451","Accra Rug - Grey Gold","3","https://cdn.shopify.com/s/files/1/0567/1377/3243/products/21337-81c3a49c-43e4-4360-9c31-facb896da1b4.jpg?v=1684421822","/media/catalogue/20d1b79a91c68e7e.webp","processed original","0"
"8611099312451","Accra Rug - Grey Gold","4","https://cdn.shopify.com/s/files/1/0567/1377/3243/products/21337-02ad5f0a-640a-4f02-9deb-102bebdfa595.jpg?v=1684425520","/media/catalogue/a43f24fbfe7a8152.webp","processed original","0"
"8611099312451","Accra Rug - Grey Gold","5","https://cdn.shopify.com/s/files/1/0567/1377/3243/products/21337-5b1e227b-bd73-4669-83b7-67ae3e015548.jpg?v=1684425520","/media/catalogue/85e2659340d31114.webp","processed original","0"
"8611099410755","Accra Rug - Grey Lilac","1","https://cdn.shopify.com/s/files/1/0567/1377/3243/products/21335-ac6855b2-79d0-4d02-b428-9df6ae8344a6.jpg?v=1684424481","/media/catalogue/30e081a05e6ccc01.webp","processed original","0"
"8611099410755","Accra Rug - Grey Lilac","2","https://cdn.shopify.com/s/files/1/0567/1377/3243/products/21335-121ad5de-effc-4f2d-a58b-7d0d4d0c7c09.jpg?v=1684424481","/media/catalogue/4de968154ceef0d5.webp","processed original","0"
"8611099410755","Accra Rug - Grey Lilac","3","https://cdn.shopify.com/s/files/1/0567/1377/3243/products/21335-5201d14c-2cdb-4290-8576-548f41e76fa3.jpg?v=1684421834","/media/catalogue/630d9c26059d7d60.webp","processed original","0"
"8611099410755","Accra Rug - Grey Lilac","4","https://cdn.shopify.com/s/files/1/0567/1377/3243/products/21335-f95cbc5a-1457-464e-9d2c-65b4ddb0528b.jpg?v=1684426586","/media/catalogue/cc2fcfd4d8b739e0.webp","processed original","0"
"8611099410755","Accra Rug - Grey Lilac","5","https://cdn.shopify.com/s/files/1/0567/1377/3243/products/21335-51b03e39-f9ca-48ee-867a-a34508659fce.jpg?v=1684426586","/media/catalogue/12877cf1a1d9e042.webp","processed original","0"
"8611127492931","Alaska Rug 1 - 115A","1","https://cdn.shopify.com/s/files/1/0567/1377/3243/products/21378-c5dd3a65-9b27-46ac-a3d8-3c560d28cf42.jpg?v=1684429106","/media/catalogue/8f5edecd3e0fd4a4.webp","processed original","0"
"8611127492931","Alaska Rug 1 - 115A","2","https://cdn.shopify.com/s/files/1/0567/1377/3243/products/21378-5dae3076-1086-474e-b426-91723f65fdbf.jpg?v=1684429369","/media/catalogue/0451311154b1afef.webp","processed original","0"
"8611127492931","Alaska Rug 1 - 115A","3","https://cdn.shopify.com/s/files/1/0567/1377/3243/products/21378-e25d080c-5afb-4941-850b-1aa0e4b0a27a.jpg?v=1684429369","/media/catalogue/7802610a70bd77f0.webp","processed original","0"
"8611127492931","Alaska Rug 1 - 115A","4","https://cdn.shopify.com/s/files/1/0567/1377/3243/products/21378-d156b53e-6d3f-4484-9542-a2bb28d0ba1a.jpg?v=1684429369","/media/catalogue/9558f642e2f877ec.webp","processed original","0"
"8611127492931","Alaska Rug 1 - 115A","5","https://cdn.shopify.com/s/files/1/0567/1377/3243/products/21378-a9e4e780-c617-49ca-8c61-abae28cca308.jpg?v=1684429106","/media/catalogue/63647823a6de62ff.webp","processed original","0"
"8611127591235","Alaska Rug 2 - 104 Blue","1","https://cdn.shopify.com/s/files/1/0567/1377/3243/products/21375-0d1b3927-25c6-433c-af15-b6a3e5b8ffb2.jpg?v=1684429617","/media/catalogue/cf1260208674a773.webp","processed original","0"
"8611127591235","Alaska Rug 2 - 104 Blue","2","https://cdn.shopify.com/s/files/1/0567/1377/3243/products/21375-81463ced-2b19-4fdb-b5b6-31712fb26528.jpg?v=1684429617","/media/catalogue/6f562f8789fd72fd.webp","processed original","0"
"8611127591235","Alaska Rug 2 - 104 Blue","3","https://cdn.shopify.com/s/files/1/0567/1377/3243/products/21375-44ff9a0e-e9db-4b3e-85ff-87836fff4c4a.jpg?v=1684429617","/media/catalogue/db237cd419d11746.webp","processed original","0"
"8611127591235","Alaska Rug 2 - 104 Blue","4","https://cdn.shopify.com/s/files/1/0567/1377/3243/products/21375-85756529-5d54-4492-8bef-c7682695a04f.jpg?v=1684429617","/media/catalogue/b820a70ce5801d66.webp","processed original","0"
"8611127591235","Alaska Rug 2 - 104 Blue","5","https://cdn.shopify.com/s/files/1/0567/1377/3243/products/21375-74b27dbc-5744-4f22-a80d-1e42c7385b3e.jpg?v=1684429617","/media/catalogue/69661c957f35591e.webp","processed original","0"
"8611127624003","Alaska Rug 3 - 123A","1","https://cdn.shopify.com/s/files/1/0567/1377/3243/products/21376-7001fd57-f68e-4ff9-a0d1-2e35375e661d.jpg?v=1684429684","/media/catalogue/435241607c76c77a.webp","processed original","0"
"8611127624003","Alaska Rug 3 - 123A","2","https://cdn.shopify.com/s/files/1/0567/1377/3243/products/21376-2e997ec6-9907-4d4c-ac38-7a7cc3e6ee8f.jpg?v=1684429684","/media/catalogue/5fd11805d748c409.webp","processed original","0"
"8611127624003","Alaska Rug 3 - 123A","3","https://cdn.shopify.com/s/files/1/0567/1377/3243/products/21376-0bc500e9-ec77-467d-bdb8-d4d18c4037fe.jpg?v=1684429684","/media/catalogue/e431512e6365695c.webp","processed original","0"
"8611127624003","Alaska Rug 3 - 123A","4","https://cdn.shopify.com/s/files/1/0567/1377/3243/products/21376-4b914d60-5de2-4b17-af08-347ef0bda85c.jpg?v=1684429684","/media/catalogue/3f2854bff706e968.webp","processed original","0"
"8611127624003","Alaska Rug 3 - 123A","5","https://cdn.shopify.com/s/files/1/0567/1377/3243/products/21376-f4082a3b-8eb6-4beb-a36d-687324df3877.jpg?v=1684429684","/media/catalogue/fcd7fbbe543cce1b.webp","processed original","0"
"8611127755075","Alaska Rug 4 - 108","1","https://cdn.shopify.com/s/files/1/0567/1377/3243/products/21377-6d0b9a70-ad0c-4270-851c-26a9dba2349d.jpg?v=1684429954","/media/catalogue/2f2320c28ab2b7d6.webp","processed original","0"
"8611127755075","Alaska Rug 4 - 108","2","https://cdn.shopify.com/s/files/1/0567/1377/3243/products/21377-4696506c-5b04-4b42-8f08-91a9fbcd39a4.jpg?v=1684429954","/media/catalogue/784a91242b003eae.webp","processed original","0"
"8611127755075","Alaska Rug 4 - 108","3","https://cdn.shopify.com/s/files/1/0567/1377/3243/products/21377-5362e8b5-737b-4b6a-9c14-7d0ff407c295.jpg?v=1684429954","/media/catalogue/0978a5e68591a23f.webp","processed original","0"
"8611127755075","Alaska Rug 4 - 108","4","https://cdn.shopify.com/s/files/1/0567/1377/3243/products/21377-72445fd5-e2d1-4d05-8492-b8c7ca41cf02.jpg?v=1684429954","/media/catalogue/ac72a1df59d3e2d7.webp","processed original","0"
"8611127755075","Alaska Rug 4 - 108","5","https://cdn.shopify.com/s/files/1/0567/1377/3243/products/21377-5496dfb6-55be-4bd4-8b83-bf9518eed10f.jpg?v=1684429954","/media/catalogue/3a5abae99c1470ac.webp","processed original","0"
"8611127820611","Alaska Rug 5 - 104 White","1","https://cdn.shopify.com/s/files/1/0567/1377/3243/products/21374-33656707-4644-4830-93eb-b8d04b18c92b.jpg?v=1684438886","/media/catalogue/6184ea0e305402cf.webp","processed original","0"
"8611127820611","Alaska Rug 5 - 104 White","2","https://cdn.shopify.com/s/files/1/0567/1377/3243/products/21374-663c4fc5-a2d4-41c3-b95d-bb2d7b94ef35.jpg?v=1684438886","/media/catalogue/a3dea6cb5d2bcd90.webp","processed original","0"
"8611127820611","Alaska Rug 5 - 104 White","3","https://cdn.shopify.com/s/files/1/0567/1377/3243/products/21374-cc9facde-ffcf-4c20-8095-8ce3180c5604.jpg?v=1684438886","/media/catalogue/af1a3accd8aa3f44.webp","processed original","0"
"8611127820611","Alaska Rug 5 - 104 White","4","https://cdn.shopify.com/s/files/1/0567/1377/3243/products/21374-7cb19c02-c447-4ebd-a0b5-86e04cc4ed25.jpg?v=1684438886","/media/catalogue/5f54cd782f632dab.webp","processed original","0"
"8611127820611","Alaska Rug 5 - 104 White","5","https://cdn.shopify.com/s/files/1/0567/1377/3243/products/21374-c761f4f7-6f78-4038-b541-20714bd18a90.jpg?v=1684438886","/media/catalogue/3174be88c706ff9d.webp","processed original","0"
"8611128312131","Alisa Rug - Beige Brown","1","https://cdn.shopify.com/s/files/1/0567/1377/3243/products/21340-a0e809e9-df6e-4367-898e-fd7913feae03.jpg?v=1684439127","/media/catalogue/642b467704852f95.webp","processed original","0"
"8611128312131","Alisa Rug - Beige Brown","2","https://cdn.shopify.com/s/files/1/0567/1377/3243/products/21340-b53cad7a-4988-4d03-a763-09e5285830f3.jpg?v=1684439127","/media/catalogue/187b72e0096aa193.webp","processed original","0"
"8611128312131","Alisa Rug - Beige Brown","3","https://cdn.shopify.com/s/files/1/0567/1377/3243/products/21340-d20b2b8b-ffad-4563-b107-de166026014a.jpg?v=1684439127","/media/catalogue/80dc0b8468ea9544.webp","processed original","0"
"8611128312131","Alisa Rug - Beige Brown","4","https://cdn.shopify.com/s/files/1/0567/1377/3243/products/21340-6f047006-f24c-4fc0-bae3-abc7919a41e3.jpg?v=1684439127","/media/catalogue/7bac223036bd6029.webp","processed original","0"
"8611128312131","Alisa Rug - Beige Brown","5","https://cdn.shopify.com/s/files/1/0567/1377/3243/products/21340-306f7103-ace6-420f-bd6e-ae2a4db0110d.jpg?v=1684439127","/media/catalogue/a3e63f0747f380f8.webp","processed original","0"
"8611128607043","Alisa Rug - Dark Grey Black","1","https://cdn.shopify.com/s/files/1/0567/1377/3243/products/21339-7cdf59ea-7819-4de4-ba6f-c8f6f84a1157.jpg?v=1684439762","/media/catalogue/54692746baeaab2a.webp","processed original","0"
"8611128607043","Alisa Rug - Dark Grey Black","2","https://cdn.shopify.com/s/files/1/0567/1377/3243/products/21339-036fb0cd-aeb8-4410-a978-d220434840ab.jpg?v=1684439762","/media/catalogue/b25469267d294365.webp","processed original","0"
"8611128607043","Alisa Rug - Dark Grey Black","3","https://cdn.shopify.com/s/files/1/0567/1377/3243/products/21339-c27f3e9b-3412-4a04-95a9-97af9af0807e.jpg?v=1684439762","/media/catalogue/d3fafa7a5b6bf103.webp","processed original","0"
"8611128607043","Alisa Rug - Dark Grey Black","4","https://cdn.shopify.com/s/files/1/0567/1377/3243/products/21339-5c25bba9-85c6-4b38-bde2-7feb21078bb2.jpg?v=1684439762","/media/catalogue/aafe7470a33d085c.webp","processed original","0"
"8611128607043","Alisa Rug - Dark Grey Black","5","https://cdn.shopify.com/s/files/1/0567/1377/3243/products/21339-18f1c8fd-97e0-47be-87fd-a08efec51cb4.jpg?v=1684439762","/media/catalogue/3f920a6bb250bb8c.webp","processed original","0"
"8611128770883","Alisa Rug - Grey Black","1","https://cdn.shopify.com/s/files/1/0567/1377/3243/products/21342-7b8b284f-f89a-49a8-b1e5-cd20d71d6b45.jpg?v=1684439809","/media/catalogue/3634288abcbbacbe.webp","processed original","0"
"8611128770883","Alisa Rug - Grey Black","2","https://cdn.shopify.com/s/files/1/0567/1377/3243/products/21342-658ae36f-81c7-40e7-927d-b8f655022e47.jpg?v=1684439809","/media/catalogue/d84dcdbddcd717e2.webp","processed original","0"
"8611128770883","Alisa Rug - Grey Black","3","https://cdn.shopify.com/s/files/1/0567/1377/3243/products/21342-6e40eaf5-2bb5-45be-9767-e06d2051410f.jpg?v=1684439809","/media/catalogue/5ebd16bf5510b4bf.webp","processed original","0"
"8611128770883","Alisa Rug - Grey Black","4","https://cdn.shopify.com/s/files/1/0567/1377/3243/products/21342-28d2277d-af24-49e8-8ad3-04c0ca5fb49c.jpg?v=1684439809","/media/catalogue/2004f47b0bf27287.webp","processed original","0"
"8611128770883","Alisa Rug - Grey Black","5","https://cdn.shopify.com/s/files/1/0567/1377/3243/products/21342-e22e1b12-cb16-4b99-bb1f-ee697a6395a8.jpg?v=1684439809","/media/catalogue/447560d6fba9e481.webp","processed original","0"
"8611129000259","Asher Rug Grey-Beige","1","https://cdn.shopify.com/s/files/1/0567/1377/3243/products/20365-771874ba-6545-48ef-a6b1-3e1a01ab0b63.jpg?v=1684440182","/media/catalogue/066e9e921f38301d.webp","processed original","0"
"8611129000259","Asher Rug Grey-Beige","2","https://cdn.shopify.com/s/files/1/0567/1377/3243/products/20365-e267584c-86e4-4deb-b171-bb930c3f7470.jpg?v=1684440182","/media/catalogue/d38441b9368329f1.webp","processed original","0"
"8611129000259","Asher Rug Grey-Beige","3","https://cdn.shopify.com/s/files/1/0567/1377/3243/products/20365-74242b2b-4e7b-48d2-a0f2-7743683babad.jpg?v=1684440182","/media/catalogue/fb478ac28b7e067b.webp","processed original","0"
"8611129000259","Asher Rug Grey-Beige","4","https://cdn.shopify.com/s/files/1/0567/1377/3243/products/20365-524b67ac-2a9f-4f10-86c6-a00368234a93.jpg?v=1684440182","/media/catalogue/b16746df67a10f8d.webp","processed original","0"
"8611129000259","Asher Rug Grey-Beige","5","https://cdn.shopify.com/s/files/1/0567/1377/3243/products/20365-2ce68dc5-b777-4628-91cb-ddf4b88e3710.jpg?v=1684440182","/media/catalogue/5a3b9427f3cd8907.webp","processed original","0"
"8611129000259","Asher Rug Grey-Beige","6","https://cdn.shopify.com/s/files/1/0567/1377/3243/products/20365-44a4da30-586c-47bd-9cf6-f980399cedd6.jpg?v=1684440182","/media/catalogue/2394e96668706be6.webp","processed original","0"
"8611129000259","Asher Rug Grey-Beige","7","https://cdn.shopify.com/s/files/1/0567/1377/3243/products/20365-025afee8-d614-4aba-883a-2ca7cd38031e.jpg?v=1684440169","/media/catalogue/89f055dc7f194e02.webp","processed original","0"
"8611129360707","Asher Rug Grey-Mustard","1","https://cdn.shopify.com/s/files/1/0567/1377/3243/products/20367-ff087f1c-f0eb-465f-aaf0-e6478441df97.jpg?v=1684424331","/media/catalogue/8668795ac220f05f.webp","processed original","0"
"8611129360707","Asher Rug Grey-Mustard","2","https://cdn.shopify.com/s/files/1/0567/1377/3243/products/20367-d5e00866-efde-40c9-8923-1ba20485e4da.jpg?v=1684440386","/media/catalogue/810acf739b1f74a6.webp","processed original","0"
"8611129360707","Asher Rug Grey-Mustard","3","https://cdn.shopify.com/s/files/1/0567/1377/3243/products/20367-c1186380-8733-4a2e-9cde-379a4f7e08a5.jpg?v=1684440386","/media/catalogue/30dafa2702c3d82f.webp","processed original","0"
"8611129360707","Asher Rug Grey-Mustard","4","https://cdn.shopify.com/s/files/1/0567/1377/3243/products/20367-05f794ac-9c50-497d-be40-ab2b827cb4fb.jpg?v=1684440386","/media/catalogue/3be79691b0b0ca0c.webp","processed original","0"
"8611129360707","Asher Rug Grey-Mustard","5","https://cdn.shopify.com/s/files/1/0567/1377/3243/products/20367-5e4fb3c9-d1c3-4b6c-bae7-a58910fba9ec.jpg?v=1684440386","/media/catalogue/566430046f55747e.webp","processed original","0"
"8611129360707","Asher Rug Grey-Mustard","6","https://cdn.shopify.com/s/files/1/0567/1377/3243/products/20367-3a10ad86-ae9d-406e-87c2-c619355bbc46.jpg?v=1684440386","/media/catalogue/9864b7fae20ba9ff.webp","processed original","0"
"8611129360707","Asher Rug Grey-Mustard","7","https://cdn.shopify.com/s/files/1/0567/1377/3243/products/20367-1ad014fb-2453-42e5-87d6-fca56b3c9678.jpg?v=1684440386","/media/catalogue/3a9084e1ee9b4d14.webp","processed original","0"
"8611129622851","Asher Rug Grey-Red","1","https://cdn.shopify.com/s/files/1/0567/1377/3243/products/20369-48823e8b-dc21-4ea9-a49c-fd5e616bb373.jpg?v=1684424363","/media/catalogue/c2ee81e80dffdaca.webp","processed original","0"
"8611129622851","Asher Rug Grey-Red","2","https://cdn.shopify.com/s/files/1/0567/1377/3243/products/20369-87004286-ea8c-47e2-801f-8ab853c4e77d.jpg?v=1684440540","/media/catalogue/cc038c337d329869.webp","processed original","0"
"8611129622851","Asher Rug Grey-Red","3","https://cdn.shopify.com/s/files/1/0567/1377/3243/products/20369-6c5b908a-3092-4b8d-bbd8-5ad415c1ceec.jpg?v=1684440540","/media/catalogue/2662e4a8ed09878f.webp","processed original","0"
"8611129622851","Asher Rug Grey-Red","4","https://cdn.shopify.com/s/files/1/0567/1377/3243/products/20369-f1d1e085-4a8e-4f49-94c1-4f05a9ec915c.jpg?v=1684440540","/media/catalogue/3109c24242cf1615.webp","processed original","0"
"8611129622851","Asher Rug Grey-Red","5","https://cdn.shopify.com/s/files/1/0567/1377/3243/products/20369-2fe037be-805e-45a0-8229-8a1858b92d84.jpg?v=1684440540","/media/catalogue/21b9039221bfca57.webp","processed original","0"
"8611129753923","Ashton Rug - Blue Navy 03","1","https://cdn.shopify.com/s/files/1/0567/1377/3243/products/21294-c2c7214d-0abe-4ec5-9133-6af93276aaff.jpg?v=1684440612","/media/catalogue/1763f16fae5cd790.webp","processed original","697369"
"8611129753923","Ashton Rug - Blue Navy 03","2","https://cdn.shopify.com/s/files/1/0567/1377/3243/products/21294-b1a1882a-4c99-4edb-b65a-c439ebdc6591.jpg?v=1684440612","/media/catalogue/a93ccba4ecf2ffe6.webp","processed original","0"
"8611129753923","Ashton Rug - Blue Navy 03","3","https://cdn.shopify.com/s/files/1/0567/1377/3243/products/21294-6d6cdb56-175f-4125-8b04-9fdb7c31071f.jpg?v=1684440612","/media/catalogue/483ffd03d24ec6ed.webp","processed original","0"
"8611129753923","Ashton Rug - Blue Navy 03","4","https://cdn.shopify.com/s/files/1/0567/1377/3243/products/21294-52b58314-1b4e-45a4-b539-28f96884f389.jpg?v=1684440612","/media/catalogue/93099768a858e2f6.webp","processed original","139942"
"8611129753923","Ashton Rug - Blue Navy 03","5","https://cdn.shopify.com/s/files/1/0567/1377/3243/products/21294-97b564bc-2707-453f-869b-90b7ff72ee28.jpg?v=1684424382","/media/catalogue/d6aebd4b3d2a4650.webp","processed original","649861"
"8611129753923","Ashton Rug - Blue Navy 03","6","https://cdn.shopify.com/s/files/1/0567/1377/3243/products/21294-b6c491ef-83a3-4f30-8c3b-b84df6b17bc0.jpg?v=1684424382","/media/catalogue/27daf777e0de42ad.webp","processed original","0"
"8611129753923","Ashton Rug - Blue Navy 03","7","https://cdn.shopify.com/s/files/1/0567/1377/3243/products/21294-6d8bb7e2-160a-49d6-aeb9-43e2db8b308c.jpg?v=1684424382","/media/catalogue/2eeba0a5564ea899.webp","processed original","0"
"8611129917763","Ashton Rug - Grey 05","1","https://cdn.shopify.com/s/files/1/0567/1377/3243/products/21296-61c0b74e-5db5-43ae-b6b7-0e02bf24dad2.jpg?v=1684424395","/media/catalogue/51c70cf996d2de92.webp","processed original","0"
"8611129917763","Ashton Rug - Grey 05","2","https://cdn.shopify.com/s/files/1/0567/1377/3243/products/21296-6b39d147-3b1d-4062-a0c8-72f410fea355.jpg?v=1684424395","/media/catalogue/a32d432837cd434c.webp","processed original","0"
"8611129917763","Ashton Rug - Grey 05","3","https://cdn.shopify.com/s/files/1/0567/1377/3243/products/21296-d0f2d8cb-6470-4d75-928e-ad1bdadcb23e.jpg?v=1684424395","/media/catalogue/4092007146550222.webp","processed original","0"
"8611129917763","Ashton Rug - Grey 05","4","https://cdn.shopify.com/s/files/1/0567/1377/3243/products/21296-d589f55e-afcb-45c7-81d4-5acd4f0069e8.jpg?v=1684424395","/media/catalogue/a69f357ddfdd44d4.webp","processed original","0"
"8611129917763","Ashton Rug - Grey 05","5","https://cdn.shopify.com/s/files/1/0567/1377/3243/products/21296-0f3ec1c8-44c0-4e55-a391-37792658d00c.jpg?v=1684424395","/media/catalogue/23d2c764848f277c.webp","processed original","0"
"8611130147139","Ashton Rug - Ivory Orange 01","1","https://cdn.shopify.com/s/files/1/0567/1377/3243/products/21292-fb4369f7-09d4-40b0-bba4-07a4ec60c3e7.jpg?v=1684424411","/media/catalogue/2e5cf428bd1c1408.webp","processed original","0"
"8611130147139","Ashton Rug - Ivory Orange 01","2","https://cdn.shopify.com/s/files/1/0567/1377/3243/products/21292-1074bfc3-d3fa-4011-89de-27f1abc98514.jpg?v=1684424411","/media/catalogue/ed6a335f0bd81d2d.webp","processed original","0"
"8611130147139","Ashton Rug - Ivory Orange 01","3","https://cdn.shopify.com/s/files/1/0567/1377/3243/products/21292-2b0cd949-8584-4fa6-90b8-f51bdcb6e58c.jpg?v=1684424411","/media/catalogue/7daaac7453df0429.webp","processed original","146709"
"8611130147139","Ashton Rug - Ivory Orange 01","4","https://cdn.shopify.com/s/files/1/0567/1377/3243/products/21292-048d5343-2869-433e-9c78-23f554631e78.jpg?v=1684424411","/media/catalogue/7b988b87fdd8d1ed.webp","processed original","709769"
"8611130147139","Ashton Rug - Ivory Orange 01","5","https://cdn.shopify.com/s/files/1/0567/1377/3243/products/21292-2b68ad91-3914-4356-a60c-20b0009db8ee.jpg?v=1684424411","/media/catalogue/52c2e7451011cd3b.webp","processed original","669235"
"8611130147139","Ashton Rug - Ivory Orange 01","6","https://cdn.shopify.com/s/files/1/0567/1377/3243/products/21292-5feff3d1-a07c-42cb-9b7c-2bc4fcd0f286.jpg?v=1684424411","/media/catalogue/0f6769db70437f18.webp","processed original","0"
"8611130507587","Ashton Rug - Mustard Cream 04","1","https://cdn.shopify.com/s/files/1/0567/1377/3243/products/21295-6e600cfe-c7f5-4ea2-b6b4-20e4015f300d.jpg?v=1684440840","/media/catalogue/cf369f20f8bd12f4.webp","processed original","683737"
"8611130507587","Ashton Rug - Mustard Cream 04","2","https://cdn.shopify.com/s/files/1/0567/1377/3243/products/21295-9a567543-1d26-466e-b091-18847462e86f.jpg?v=1684440840","/media/catalogue/1a3f49b65ebc77f7.webp","processed original","0"
"8611130507587","Ashton Rug - Mustard Cream 04","3","https://cdn.shopify.com/s/files/1/0567/1377/3243/products/21295-daf85dd8-c5fa-42dd-b7fe-80a3c248f85d.jpg?v=1684440840","/media/catalogue/ac73019b2be45522.webp","processed original","0"
"8611130507587","Ashton Rug - Mustard Cream 04","4","https://cdn.shopify.com/s/files/1/0567/1377/3243/products/21295-098ef1cc-a77b-4dfa-bd7d-0db0eb9eac05.jpg?v=1684440840","/media/catalogue/be58420b975f48b1.webp","processed original","135866"
"8611130507587","Ashton Rug - Mustard Cream 04","5","https://cdn.shopify.com/s/files/1/0567/1377/3243/products/21295-01c6cab7-6d76-48e3-892e-f947cebc5070.jpg?v=1684440840","/media/catalogue/a51f7d5d0e49f77d.webp","processed original","0"
"8611130507587","Ashton Rug - Mustard Cream 04","6","https://cdn.shopify.com/s/files/1/0567/1377/3243/products/21295-2a1a6456-8804-4caa-abf9-2f11acab0ad8.jpg?v=1684440840","/media/catalogue/fac3be3b56330e26.webp","processed original","0"
"8611130507587","Ashton Rug - Mustard Cream 04","7","https://cdn.shopify.com/s/files/1/0567/1377/3243/products/21295-ef66e030-c1de-4d78-bef3-0e4e96123862.jpg?v=1684440840","/media/catalogue/3b36a92e6db1b0d4.webp","processed original","734815"
"8611130704195","Ashton Rug - Toupe Beige 02","1","https://cdn.shopify.com/s/files/1/0567/1377/3243/products/21293-b646e9e3-5a41-4ce7-91c1-b63f2b310100.jpg?v=1684440918","/media/catalogue/89186e197c1dd4c8.webp","processed original","701326"
"8611130704195","Ashton Rug - Toupe Beige 02","2","https://cdn.shopify.com/s/files/1/0567/1377/3243/products/21293-5cff9ce9-afea-4c41-a413-13e5ce5eebbb.jpg?v=1684440918","/media/catalogue/73dee038a675edd2.webp","processed original","0"
"8611130704195","Ashton Rug - Toupe Beige 02","3","https://cdn.shopify.com/s/files/1/0567/1377/3243/products/21293-8ac22810-acd7-4593-8dd6-c5946ecd5d41.jpg?v=1684440918","/media/catalogue/cc87db1f5fb6eb63.webp","processed original","0"
"8611130704195","Ashton Rug - Toupe Beige 02","4","https://cdn.shopify.com/s/files/1/0567/1377/3243/products/21293-cdb4da2b-798b-4c49-be8a-31efc991c00d.jpg?v=1684440918","/media/catalogue/e49711172316ee87.webp","processed original","137771"
"8611130704195","Ashton Rug - Toupe Beige 02","5","https://cdn.shopify.com/s/files/1/0567/1377/3243/products/21293-f668a601-9cd0-450f-9c2c-5564f70f65ad.jpg?v=1684424447","/media/catalogue/57aeb98753d80a48.webp","processed original","668716"
"8611130704195","Ashton Rug - Toupe Beige 02","6","https://cdn.shopify.com/s/files/1/0567/1377/3243/products/21293-d6d1f5a6-d65d-4b80-a6b4-cb0fa8a6fa2a.jpg?v=1684424447","/media/catalogue/165ec1fb3a48a66f.webp","processed original","0"
"8611130704195","Ashton Rug - Toupe Beige 02","7","https://cdn.shopify.com/s/files/1/0567/1377/3243/products/21293-5fea1f4d-11f8-44b3-b328-1c3b112480e8.jpg?v=1684424447","/media/catalogue/71450fc3e025ba6e.webp","processed original","0"
"8611130868035","Aspire Rug - Coral","1","https://cdn.shopify.com/s/files/1/0567/1377/3243/products/21314-4966e63f-87a6-4c88-9a9d-aa09bd803173.jpg?v=1684441696","/media/catalogue/1434a984924907b3.webp","processed original","732047"
"8611130868035","Aspire Rug - Coral","2","https://cdn.shopify.com/s/files/1/0567/1377/3243/products/21314-6e2b1479-7143-4e7e-89db-1f7f85f9fd91.jpg?v=1684441696","/media/catalogue/bf27529c1322f1d5.webp","processed original","0"
"8611130868035","Aspire Rug - Coral","3","https://cdn.shopify.com/s/files/1/0567/1377/3243/products/21314-e616ef91-3629-4ee1-97af-c2bd8f256ef8.jpg?v=1684441696","/media/catalogue/9f06a20917ffca58.webp","processed original","0"
"8611130868035","Aspire Rug - Coral","4","https://cdn.shopify.com/s/files/1/0567/1377/3243/products/21314-900d9ac1-eba8-446c-95a2-bb6db946296a.jpg?v=1684441696","/media/catalogue/15f159456c96865b.webp","processed original","0"
"8611130868035","Aspire Rug - Coral","5","https://cdn.shopify.com/s/files/1/0567/1377/3243/products/21314-3a407bc4-88ea-465f-b5aa-5dddc69f9af2.jpg?v=1684441696","/media/catalogue/443ff49fc5945aa2.webp","processed original","0"
"8611130868035","Aspire Rug - Coral","6","https://cdn.shopify.com/s/files/1/0567/1377/3243/products/21314-539113bc-78be-4604-b870-71b524d370ce.jpg?v=1684441696","/media/catalogue/272cb50b6de7ef70.webp","processed original","332266"
"8611130868035","Aspire Rug - Coral","7","https://cdn.shopify.com/s/files/1/0567/1377/3243/products/21314-579bcfb4-7e4e-419f-bf32-3250a0685a58.jpg?v=1684441696","/media/catalogue/764220357cc982ff.webp","processed original","0"
"8611131130179","Aspire Rug - Blue","1","https://cdn.shopify.com/s/files/1/0567/1377/3243/products/21313-92e72dc9-06de-4d00-a11c-287fd56e236a.jpg?v=1684441632","/media/catalogue/847ed919cc6b90ef.webp","processed original","722733"
"8611131130179","Aspire Rug - Blue","2","https://cdn.shopify.com/s/files/1/0567/1377/3243/products/21313-a6218e9c-d094-43c8-b4bc-9a0e690d2274.jpg?v=1684441632","/media/catalogue/5bc59a3522fdda70.webp","processed original","0"
"8611131130179","Aspire Rug - Blue","3","https://cdn.shopify.com/s/files/1/0567/1377/3243/products/21313-c17a3de9-d308-4309-83d3-1f2d0ebe7bb0.jpg?v=1684441632","/media/catalogue/fecc5f7d32de48a8.webp","processed original","0"
"8611131130179","Aspire Rug - Blue","4","https://cdn.shopify.com/s/files/1/0567/1377/3243/products/21313-c3f8be38-2e76-4672-9772-fac6f898fd4c.jpg?v=1684441632","/media/catalogue/1d7c812c92602cb2.webp","processed original","0"
"8611131130179","Aspire Rug - Blue","5","https://cdn.shopify.com/s/files/1/0567/1377/3243/products/21313-a8effd77-3a80-438c-961f-9ed9931e81eb.jpg?v=1684441632","/media/catalogue/e2c65fe8fb12aefa.webp","processed original","0"
"8611131130179","Aspire Rug - Blue","6","https://cdn.shopify.com/s/files/1/0567/1377/3243/products/21313-5433bb45-c29f-4367-b484-f7f9abafa08a.jpg?v=1684441632","/media/catalogue/4a700a98a1e85915.webp","processed original","201536"
"8611131130179","Aspire Rug - Blue","7","https://cdn.shopify.com/s/files/1/0567/1377/3243/products/21313-fa13f1bb-445e-4be9-b9f2-6809eb81b246.jpg?v=1684441632","/media/catalogue/9a2c66ef1414b64b.webp","processed original","732026"
"8611131195715","Aspire Rug - Silver","1","https://cdn.shopify.com/s/files/1/0567/1377/3243/products/21315-4730d4fb-36e5-4915-9393-3162edc2d2ca.jpg?v=1684441826","/media/catalogue/863bc1fe1e103dba.webp","processed original","748299"
"8611131195715","Aspire Rug - Silver","2","https://cdn.shopify.com/s/files/1/0567/1377/3243/products/21315-e6afbe8c-f8e6-4c1b-8349-e832c390942a.jpg?v=1684441826","/media/catalogue/1c6bafd86fdcc1b3.webp","processed original","0"
"8611131195715","Aspire Rug - Silver","3","https://cdn.shopify.com/s/files/1/0567/1377/3243/products/21315-7b5a4ed6-3773-4161-a219-f23ffe7ad5c2.jpg?v=1684441826","/media/catalogue/6acc4012973fcfde.webp","processed original","0"
"8611131195715","Aspire Rug - Silver","4","https://cdn.shopify.com/s/files/1/0567/1377/3243/products/21315-ec4b991f-0dea-4442-9998-d54e7a02c652.jpg?v=1684441826","/media/catalogue/0c7a128a6e82fe15.webp","processed original","140240"
"8611131195715","Aspire Rug - Silver","5","https://cdn.shopify.com/s/files/1/0567/1377/3243/products/21315-49ef78de-97ef-4b82-ba80-e36b6d2e7306.jpg?v=1684441826","/media/catalogue/c15950fc705ebdb0.webp","processed original","0"
"8611131195715","Aspire Rug - Silver","6","https://cdn.shopify.com/s/files/1/0567/1377/3243/products/21315-b2bced85-f8de-4dbe-8ccc-cd311678e321.jpg?v=1684441826","/media/catalogue/79f15cc80fa92030.webp","processed original","0"
"8611131195715","Aspire Rug - Silver","7","https://cdn.shopify.com/s/files/1/0567/1377/3243/products/21315-de97c8b1-dd22-43cc-b495-0e6c4178708d.jpg?v=1684441826","/media/catalogue/56e2ae17b04d5e52.webp","processed original","703722"
"8611131261251","Aspire Rug - Gold","1","https://cdn.shopify.com/s/files/1/0567/1377/3243/products/21316-e67501af-4474-4117-8c41-60540ed51721.jpg?v=1684441789","/media/catalogue/091bde2b78fb58a4.webp","processed original","774039"
"8611131261251","Aspire Rug - Gold","2","https://cdn.shopify.com/s/files/1/0567/1377/3243/products/21316-d3c5bc0d-a182-4b52-b93f-4c1b64103d86.jpg?v=1684441789","/media/catalogue/cf0b2d87ccc8045c.webp","processed original","0"
"8611131261251","Aspire Rug - Gold","3","https://cdn.shopify.com/s/files/1/0567/1377/3243/products/21316-636bd37a-4c5b-4820-9e4d-17d03926a456.jpg?v=1684441789","/media/catalogue/9be129e3f3c4daae.webp","processed original","0"
"8611131261251","Aspire Rug - Gold","4","https://cdn.shopify.com/s/files/1/0567/1377/3243/products/21316-ed9077ea-445a-43d9-93aa-8e3af851113b.jpg?v=1684441789","/media/catalogue/8b8180bee70ff2cf.webp","processed original","158090"
"8611131261251","Aspire Rug - Gold","5","https://cdn.shopify.com/s/files/1/0567/1377/3243/products/21316-b494e91d-09e8-412b-bcd7-70829679e54e.jpg?v=1684441789","/media/catalogue/61eca5a36b6ee97f.webp","processed original","0"
"8611131261251","Aspire Rug - Gold","6","https://cdn.shopify.com/s/files/1/0567/1377/3243/products/21316-20c5e3ce-4b73-4a43-a4a3-bcba5bb05774.jpg?v=1684441789","/media/catalogue/408bc2a627299957.webp","processed original","0"
"8611131261251","Aspire Rug - Gold","7","https://cdn.shopify.com/s/files/1/0567/1377/3243/products/21316-916aacb5-ab50-485a-86f6-6b6e920eb250.jpg?v=1684441789","/media/catalogue/07b1b28639888199.webp","processed original","668274"
"8611131359555","Aspire Rug - 104","1","https://cdn.shopify.com/s/files/1/0567/1377/3243/products/21317-e0ac70b7-cb52-44b6-b757-0ace920f2faa.jpg?v=1684441010","/media/catalogue/693008191a7e0009.webp","processed original","738032"
"8611131359555","Aspire Rug - 104","2","https://cdn.shopify.com/s/files/1/0567/1377/3243/products/21317-8b244729-5624-45d3-ae47-b5643de0de63.jpg?v=1684441010","/media/catalogue/3e7681594522d957.webp","processed original","0"
"8611131359555","Aspire Rug - 104","3","https://cdn.shopify.com/s/files/1/0567/1377/3243/products/21317-1e63d0ad-8633-4839-b88b-69cec719c75a.jpg?v=1684441010","/media/catalogue/6562161e22ef4cb7.webp","processed original","0"
"8611131359555","Aspire Rug - 104","4","https://cdn.shopify.com/s/files/1/0567/1377/3243/products/21317-3e66a002-0685-414e-9d44-03302b0b04e5.jpg?v=1684441010","/media/catalogue/ccc5d5bc6f3d59a9.webp","processed original","125251"
"8611131359555","Aspire Rug - 104","5","https://cdn.shopify.com/s/files/1/0567/1377/3243/products/21317-16c04393-c640-4ba0-97b7-b6d956f2454a.jpg?v=1684441010","/media/catalogue/3e3906b087d5410b.webp","processed original","0"
"8611131359555","Aspire Rug - 104","6","https://cdn.shopify.com/s/files/1/0567/1377/3243/products/21317-39af4c53-334a-4f1c-8a61-01ca1f514d27.jpg?v=1684441010","/media/catalogue/642a85b2f89f1a48.webp","processed original","0"
"8611131359555","Aspire Rug - 104","7","https://cdn.shopify.com/s/files/1/0567/1377/3243/products/21317-c2d67559-d801-4d93-8347-e03e6dea86bb.jpg?v=1684441010","/media/catalogue/3e23753c1a274fea.webp","processed original","717472"
"8611132080451","Aspire Rug - 106","1","https://cdn.shopify.com/s/files/1/0567/1377/3243/products/21319-98570214-dcf5-4362-8861-6fd1ced9840e.jpg?v=1684441089","/media/catalogue/41d2b1a09cc4916d.webp","processed original","694279"
"8611132080451","Aspire Rug - 106","2","https://cdn.shopify.com/s/files/1/0567/1377/3243/products/21319-27e26948-7fae-4a8c-b358-48bf118da612.jpg?v=1684441089","/media/catalogue/87335d14bb6dd979.webp","processed original","0"
"8611132080451","Aspire Rug - 106","3","https://cdn.shopify.com/s/files/1/0567/1377/3243/products/21319-898a1e1b-e356-4e37-b093-3d2876e6715e.jpg?v=1684441089","/media/catalogue/a8bec33a44600622.webp","processed original","0"
"8611132080451","Aspire Rug - 106","4","https://cdn.shopify.com/s/files/1/0567/1377/3243/products/21319-6835dd3b-35d6-471f-96e2-20d15b35ad2e.jpg?v=1684441089","/media/catalogue/112efb391b24f4c5.webp","processed original","125508"
"8611132080451","Aspire Rug - 106","5","https://cdn.shopify.com/s/files/1/0567/1377/3243/products/21319-c21b9191-f949-423f-84a9-0aff53d83dc8.jpg?v=1684441089","/media/catalogue/31c081d363702839.webp","processed original","0"
"8611132080451","Aspire Rug - 106","6","https://cdn.shopify.com/s/files/1/0567/1377/3243/products/21319-71e9c373-c539-42e6-92d9-73b8faabdfd9.jpg?v=1684441089","/media/catalogue/3ecdc9df049ddffb.webp","processed original","0"
"8611132080451","Aspire Rug - 106","7","https://cdn.shopify.com/s/files/1/0567/1377/3243/products/21319-0ec069be-c45e-4288-aecf-41e95ab4355f.jpg?v=1684441089","/media/catalogue/3dd4e61718498f14.webp","processed original","813500"
"8611132440899","Aspire Rug - 107","1","https://cdn.shopify.com/s/files/1/0567/1377/3243/products/21320-2d32b33d-cbb4-4609-8b5e-ee154b2d27e7.jpg?v=1684441147","/media/catalogue/a2342610138f03a0.webp","processed original","721934"
"8611132440899","Aspire Rug - 107","2","https://cdn.shopify.com/s/files/1/0567/1377/3243/products/21320-e1f49cb4-c2ed-4aa8-b4ec-a496acbba2b1.jpg?v=1684441147","/media/catalogue/8253409a2e57d141.webp","processed original","0"
"8611132440899","Aspire Rug - 107","3","https://cdn.shopify.com/s/files/1/0567/1377/3243/products/21320-054e3557-e61b-4012-bdf3-64bc2f3425b4.jpg?v=1684441147","/media/catalogue/b802c049a8339de3.webp","processed original","0"
"8611132440899","Aspire Rug - 107","4","https://cdn.shopify.com/s/files/1/0567/1377/3243/products/21320-343d9dc7-0ec7-4730-befa-1641dff67407.jpg?v=1684441147","/media/catalogue/59030ac7101b1208.webp","processed original","0"
"8611132440899","Aspire Rug - 107","5","https://cdn.shopify.com/s/files/1/0567/1377/3243/products/21320-29031fc0-e281-40e4-b5af-e8f1a8909332.jpg?v=1684441147","/media/catalogue/1c7a05e048252486.webp","processed original","125188"
"8611132440899","Aspire Rug - 107","6","https://cdn.shopify.com/s/files/1/0567/1377/3243/products/21320-5df959eb-7e27-4cd1-8461-b9b38d14f21c.jpg?v=1684441147","/media/catalogue/3eb4fc69fa3ff7fa.webp","processed original","0"
"8611132440899","Aspire Rug - 107","7","https://cdn.shopify.com/s/files/1/0567/1377/3243/products/21320-a1e0dd15-19cd-46d8-ba2a-50e9d542ca6d.jpg?v=1684441147","/media/catalogue/edb2d75529357d68.webp","processed original","747667"
"8611132866883","Aspire Rug - 108","1","https://cdn.shopify.com/s/files/1/0567/1377/3243/products/21321-ffd306d8-4198-4518-9cb5-b549c18c23d6.jpg?v=1684441182","/media/catalogue/decb27ebbcc841e8.webp","processed original","733117"
"8611132866883","Aspire Rug - 108","2","https://cdn.shopify.com/s/files/1/0567/1377/3243/products/21321-46d6259b-fbcd-4d68-9957-869a4dc21440.jpg?v=1684441182","/media/catalogue/3c1647fe9999df6e.webp","processed original","0"
"8611132866883","Aspire Rug - 108","3","https://cdn.shopify.com/s/files/1/0567/1377/3243/products/21321-3a75cece-4765-4e07-864e-b6c707600cbb.jpg?v=1684441182","/media/catalogue/976d1abb4359f5b3.webp","processed original","0"
"8611132866883","Aspire Rug - 108","4","https://cdn.shopify.com/s/files/1/0567/1377/3243/products/21321-bb3f13c0-59dd-4e78-b968-2464de093e1f.jpg?v=1684441182","/media/catalogue/0536d8098c494d8c.webp","processed original","125833"
"8611132866883","Aspire Rug - 108","5","https://cdn.shopify.com/s/files/1/0567/1377/3243/products/21321-850cd813-ab07-43b9-a02b-0a6a042b778f.jpg?v=1684441182","/media/catalogue/7ef17db4f8923f70.webp","processed original","0"
"8611132866883","Aspire Rug - 108","6","https://cdn.shopify.com/s/files/1/0567/1377/3243/products/21321-91ee56eb-f938-4ce3-932f-5033a1f0fa2b.jpg?v=1684441182","/media/catalogue/8ced06f0286a9b7e.webp","processed original","0"
"8611132866883","Aspire Rug - 108","7","https://cdn.shopify.com/s/files/1/0567/1377/3243/products/21321-804b444e-7003-415b-a479-6cb185e62de1.jpg?v=1684441182","/media/catalogue/f44cb9edf6a34057.webp","processed original","744043"
"8611133489475","Blaze Rug - Grey 04","1","https://cdn.shopify.com/s/files/1/0567/1377/3243/products/21300-d310933f-05fc-4f33-9bd6-1cd669b781e0.jpg?v=1684442621","/media/catalogue/f8ffeec7a3dc4806.webp","processed original","921837"
"8611133489475","Blaze Rug - Grey 04","2","https://cdn.shopify.com/s/files/1/0567/1377/3243/products/21300-eb79cc0f-600a-49f2-8f2b-486708c69a2c.jpg?v=1684442621","/media/catalogue/2515c6ac5d4293e1.webp","processed original","0"
"8611133489475","Blaze Rug - Grey 04","3","https://cdn.shopify.com/s/files/1/0567/1377/3243/products/21300-828cd4ab-56a7-4acc-88cc-4e7e850173a4.jpg?v=1684442621","/media/catalogue/7c80cc981954bc9c.webp","processed original","0"
"8611133489475","Blaze Rug - Grey 04","4","https://cdn.shopify.com/s/files/1/0567/1377/3243/products/21300-dc3a157e-e44a-49c0-afed-383c6740e365.jpg?v=1684442621","/media/catalogue/639f78976c84770e.webp","processed original","110811"
"8611133489475","Blaze Rug - Grey 04","5","https://cdn.shopify.com/s/files/1/0567/1377/3243/products/21300-543633e5-15fe-4f5a-ac53-7a1ddcaf6151.jpg?v=1684442621","/media/catalogue/bd1c3067cc3121a5.webp","processed original","0"
"8611133489475","Blaze Rug - Grey 04","6","https://cdn.shopify.com/s/files/1/0567/1377/3243/products/21300-3567a025-f4d0-4537-a0a1-b3d139c59a57.jpg?v=1684442621","/media/catalogue/8dd0b6e34b4c0440.webp","processed original","0"
"8611133489475","Blaze Rug - Grey 04","7","https://cdn.shopify.com/s/files/1/0567/1377/3243/products/21300-1844fe56-23c2-488b-bb1a-d2e49c328652.jpg?v=1684442621","/media/catalogue/5024d9a7deb88d2d.webp","processed original","658360"
"8611133817155","Blaze Rug - Ivory Orange 01","1","https://cdn.shopify.com/s/files/1/0567/1377/3243/products/21297-22f74edb-2db1-4c2f-8643-e516fe9e21b0.jpg?v=1684442548","/media/catalogue/0656d9194a455d63.webp","processed original","755955"
"8611133817155","Blaze Rug - Ivory Orange 01","2","https://cdn.shopify.com/s/files/1/0567/1377/3243/products/21297-36045abc-7db4-4a87-998e-9b6dd9489022.jpg?v=1684442548","/media/catalogue/b476c1e0df4c8e96.webp","processed original","0"
"8611133817155","Blaze Rug - Ivory Orange 01","3","https://cdn.shopify.com/s/files/1/0567/1377/3243/products/21297-033d7b33-02db-4d08-ac57-45967de1236c.jpg?v=1684442548","/media/catalogue/0863e29d8016fd20.webp","processed original","0"
"8611133817155","Blaze Rug - Ivory Orange 01","4","https://cdn.shopify.com/s/files/1/0567/1377/3243/products/21297-a6c51e9f-078b-40ef-8dd0-ea59e71e7b09.jpg?v=1684442548","/media/catalogue/304385289cc1d9ce.webp","processed original","138141"
"8611133817155","Blaze Rug - Ivory Orange 01","5","https://cdn.shopify.com/s/files/1/0567/1377/3243/products/21297-381d73a2-c940-4c5c-8a5c-8153626ddc97.jpg?v=1684442548","/media/catalogue/2734545d7cf4cdbc.webp","processed original","0"
"8611133817155","Blaze Rug - Ivory Orange 01","6","https://cdn.shopify.com/s/files/1/0567/1377/3243/products/21297-c0300fd4-b10e-4572-8555-1cfd9f6f96f4.jpg?v=1684442548","/media/catalogue/5de469707731d125.webp","processed original","0"
"8611133817155","Blaze Rug - Ivory Orange 01","7","https://cdn.shopify.com/s/files/1/0567/1377/3243/products/21297-c5fb23fb-cdc6-4a4d-b0a3-611ff130e1d3.jpg?v=1684442548","/media/catalogue/abe8a0ab1086db12.webp","processed original","762990"
"8611133980995","Blaze Rug - Navy Blue 02","1","https://cdn.shopify.com/s/files/1/0567/1377/3243/products/21298-50df7ba2-d7ca-46b5-86e1-20211be4937a.jpg?v=1684442514","/media/catalogue/b328fbc12678b06f.webp","processed original","728303"
"8611133980995","Blaze Rug - Navy Blue 02","2","https://cdn.shopify.com/s/files/1/0567/1377/3243/products/21298-42f39f96-0dc6-443d-9c5a-9412b6dfda88.jpg?v=1684442514","/media/catalogue/3cfc2c9f9a0b7c2d.webp","processed original","0"
"8611133980995","Blaze Rug - Navy Blue 02","3","https://cdn.shopify.com/s/files/1/0567/1377/3243/products/21298-14ca304f-848c-4156-bfbf-e313c2a895ac.jpg?v=1684442514","/media/catalogue/49c4996f7fb28e4f.webp","processed original","0"
"8611133980995","Blaze Rug - Navy Blue 02","4","https://cdn.shopify.com/s/files/1/0567/1377/3243/products/21298-4bebbf6c-eb44-4a3b-974f-f0b04317d1da.jpg?v=1684442514","/media/catalogue/f85604f79d7ab458.webp","processed original","110258"
"8611133980995","Blaze Rug - Navy Blue 02","5","https://cdn.shopify.com/s/files/1/0567/1377/3243/products/21298-b51e5675-3ce5-4361-86a5-988259776ca0.jpg?v=1684442514","/media/catalogue/9b5f964211ad414f.webp","processed original","0"
"8611133980995","Blaze Rug - Navy Blue 02","6","https://cdn.shopify.com/s/files/1/0567/1377/3243/products/21298-c7897ee6-4e6a-4a96-af99-dd4e971805ec.jpg?v=1684442514","/media/catalogue/6e09f4a4676e11cf.webp","processed original","0"
"8611133980995","Blaze Rug - Navy Blue 02","7","https://cdn.shopify.com/s/files/1/0567/1377/3243/products/21298-fb74ce6e-39ba-4b91-9cac-41b15cf1ef15.jpg?v=1684442514","/media/catalogue/a0f9d27d47e7933e.webp","processed original","700256"
"8611134079299","Blaze Rug - Toupe Beige 03","1","https://cdn.shopify.com/s/files/1/0567/1377/3243/products/21299-f1da54da-acc4-4365-8a7c-3c2f6073c8e3.jpg?v=1684442437","/media/catalogue/747d6874d4074094.webp","processed original","697672"
"8611134079299","Blaze Rug - Toupe Beige 03","2","https://cdn.shopify.com/s/files/1/0567/1377/3243/products/21299-b2d17c71-f787-4103-95bb-df122c84f9df.jpg?v=1684442437","/media/catalogue/32c2be6b9c94b0b6.webp","processed original","0"
"8611134079299","Blaze Rug - Toupe Beige 03","3","https://cdn.shopify.com/s/files/1/0567/1377/3243/products/21299-cf7fcb7c-aca7-496e-9baa-177a9af342a7.jpg?v=1684442437","/media/catalogue/978f9af041a90596.webp","processed original","0"
"8611134079299","Blaze Rug - Toupe Beige 03","4","https://cdn.shopify.com/s/files/1/0567/1377/3243/products/21299-62979d2d-d56e-4b04-9586-262f6e6b9c4a.jpg?v=1684442437","/media/catalogue/5a1a846069b12cd9.webp","processed original","109692"
"8611134079299","Blaze Rug - Toupe Beige 03","5","https://cdn.shopify.com/s/files/1/0567/1377/3243/products/21299-1b6de7ee-85c8-4d89-a666-4f95b7ec131b.jpg?v=1684442437","/media/catalogue/e40a4fd6d8a2bc62.webp","processed original","0"
"8611134079299","Blaze Rug - Toupe Beige 03","6","https://cdn.shopify.com/s/files/1/0567/1377/3243/products/21299-e4453f65-e283-445e-874d-f8b716f8ceca.jpg?v=1684442437","/media/catalogue/4050021ae9a8a6c2.webp","processed original","848176"
"8611136209219","Broadway Rug - 4945A","1","https://cdn.shopify.com/s/files/1/0567/1377/3243/products/21382-09ca4f06-5f46-4695-b4fc-7db17a1d849d.jpg?v=1684443368","/media/catalogue/46f9f78d1c0b8be1.webp","processed original","0"
"8611136209219","Broadway Rug - 4945A","2","https://cdn.shopify.com/s/files/1/0567/1377/3243/products/21382-4bf66cb1-251d-4c55-be57-9490fe98d493.jpg?v=1684443368","/media/catalogue/1f523e904618c2c2.webp","processed original","0"
"8611136209219","Broadway Rug - 4945A","3","https://cdn.shopify.com/s/files/1/0567/1377/3243/products/21382-78a69c2c-3349-4780-8867-ae619b1df8c7.jpg?v=1684443368","/media/catalogue/9847d54914b7138e.webp","processed original","0"
"8611136209219","Broadway Rug - 4945A","4","https://cdn.shopify.com/s/files/1/0567/1377/3243/products/21382-ae24fe96-cda8-4ebf-8373-55077501c6a3.jpg?v=1684443368","/media/catalogue/7afb9ca214d9b8b7.webp","processed original","0"
"8611136209219","Broadway Rug - 4945A","5","https://cdn.shopify.com/s/files/1/0567/1377/3243/products/21382-b9bc423e-5ad5-4417-824a-657642f41d39.jpg?v=1684443368","/media/catalogue/117bfb59b8fe6f6d.webp","processed original","0"
"8611136209219","Broadway Rug - 4945A","6","https://cdn.shopify.com/s/files/1/0567/1377/3243/products/21382-cd44945b-50be-4623-9f5f-b0a53f2b06ab.jpg?v=1684443368","/media/catalogue/7d204349848fb731.webp","processed original","0"
"8611136897347","Broadway Rug - 4950A","1","https://cdn.shopify.com/s/files/1/0567/1377/3243/products/21383-7be08ad6-5a77-4741-81ec-27d47e50d038.jpg?v=1684443450","/media/catalogue/a7dd617964721fb0.webp","processed original","0"
"8611136897347","Broadway Rug - 4950A","2","https://cdn.shopify.com/s/files/1/0567/1377/3243/products/21383-a0270d51-ffa5-4509-93cf-bee07181d1d4.jpg?v=1684443450","/media/catalogue/141188e4c0b93d4e.webp","processed original","0"
"8611136897347","Broadway Rug - 4950A","3","https://cdn.shopify.com/s/files/1/0567/1377/3243/products/21383-e756e8db-6c45-449d-a971-ed190049c644.jpg?v=1684443450","/media/catalogue/fc884069bcff9ba1.webp","processed original","0"
"8611136897347","Broadway Rug - 4950A","4","https://cdn.shopify.com/s/files/1/0567/1377/3243/products/21383-c1a5349a-71ba-480f-b5cc-318c8911cd1e.jpg?v=1684443450","/media/catalogue/87ac77d8c6671301.webp","processed original","0"
"8611136897347","Broadway Rug - 4950A","5","https://cdn.shopify.com/s/files/1/0567/1377/3243/products/21383-3b7c90de-f6c4-40dd-8fbd-934c44897c75.jpg?v=1684443450","/media/catalogue/ad3ae47993776e54.webp","processed original","0"
"8611136897347","Broadway Rug - 4950A","6","https://cdn.shopify.com/s/files/1/0567/1377/3243/products/21383-9946d987-1742-4ea4-b039-dd371a3ec1cb.jpg?v=1684424774","/media/catalogue/b37d161ac9272411.webp","processed original","0"
"8611137585475","Broadway Rug - 5008A","1","https://cdn.shopify.com/s/files/1/0567/1377/3243/products/21381-7b72445b-1711-436b-aed2-6beb5271edc7.jpg?v=1684443481","/media/catalogue/0972d81ed054a6be.webp","processed original","0"
"8611137585475","Broadway Rug - 5008A","2","https://cdn.shopify.com/s/files/1/0567/1377/3243/products/21381-dbf62ad1-bc99-4844-a19a-540094c76f84.jpg?v=1684443481","/media/catalogue/86a1f136c3643758.webp","processed original","0"
"8611137585475","Broadway Rug - 5008A","3","https://cdn.shopify.com/s/files/1/0567/1377/3243/products/21381-46d00f11-28de-4b3a-adcb-5d1b4ee16b27.jpg?v=1684443481","/media/catalogue/5aea2a8b39b19f09.webp","processed original","0"
"8611137585475","Broadway Rug - 5008A","4","https://cdn.shopify.com/s/files/1/0567/1377/3243/products/21381-63281216-872d-4b50-9509-5dace4119bdd.jpg?v=1684443481","/media/catalogue/d92269ee58700702.webp","processed original","0"
"8611137585475","Broadway Rug - 5008A","5","https://cdn.shopify.com/s/files/1/0567/1377/3243/products/21381-982cd2ba-e410-499a-8a17-bd9b48d09b95.jpg?v=1684443481","/media/catalogue/09262833272af5b1.webp","processed original","0"
"8611137585475","Broadway Rug - 5008A","6","https://cdn.shopify.com/s/files/1/0567/1377/3243/products/21381-1d1a8de4-cc4d-4b67-8f80-335cf683f22d.jpg?v=1684443481","/media/catalogue/d11eec6698c69cca.webp","processed original","0"
"8611138240835","Broadway Rug - 5182A","1","https://cdn.shopify.com/s/files/1/0567/1377/3243/products/21384-5db3d2d0-4c5b-4853-ac2e-333d14070dcb.jpg?v=1684443530","/media/catalogue/e38f26a89310b107.webp","processed original","0"
"8611138240835","Broadway Rug - 5182A","2","https://cdn.shopify.com/s/files/1/0567/1377/3243/products/21384-5008e454-2866-481f-9a99-611e9ea9bdaf.jpg?v=1684443530","/media/catalogue/1dc2f483bda04875.webp","processed original","0"
"8611138240835","Broadway Rug - 5182A","3","https://cdn.shopify.com/s/files/1/0567/1377/3243/products/21384-a9c22bc2-acf5-4aff-9e56-7f23ca458c81.jpg?v=1684424810","/media/catalogue/82486a0f804e49a8.webp","processed original","0"
"8611138240835","Broadway Rug - 5182A","4","https://cdn.shopify.com/s/files/1/0567/1377/3243/products/21384-e39e44df-470a-4908-b859-6ef1daaf10d5.jpg?v=1684424810","/media/catalogue/d429c609217cd0f7.webp","processed original","0"
"8611138240835","Broadway Rug - 5182A","5","https://cdn.shopify.com/s/files/1/0567/1377/3243/products/21384-bb7d12c7-4c74-4efd-a9ac-7af9b3f6f209.jpg?v=1684424810","/media/catalogue/ddd64a09a26875d7.webp","processed original","0"
"8611138240835","Broadway Rug - 5182A","6","https://cdn.shopify.com/s/files/1/0567/1377/3243/products/21384-657cbe47-df5a-4564-83fc-1aaf3bbfb0a7.jpg?v=1684424810","/media/catalogue/94b48237158a4b4f.webp","processed original","0"
"8611138699587","Broadway Rug - 5185A","1","https://cdn.shopify.com/s/files/1/0567/1377/3243/products/21380-b1bfc6d4-de5f-4d01-b269-f0a604e204bc.jpg?v=1684443552","/media/catalogue/ad0cf863cb0829a3.webp","processed original","0"
"8611138699587","Broadway Rug - 5185A","2","https://cdn.shopify.com/s/files/1/0567/1377/3243/products/21380-2a2becef-f869-4c64-b274-ead80c1d29b1.jpg?v=1684443552","/media/catalogue/b269f11e1bf0363e.webp","processed original","0"
"8611138699587","Broadway Rug - 5185A","3","https://cdn.shopify.com/s/files/1/0567/1377/3243/products/21380-e19942be-8b80-43b4-a3d2-5ee69d5e0839.jpg?v=1684443552","/media/catalogue/b793b76be54f82f3.webp","processed original","0"
"8611138699587","Broadway Rug - 5185A","4","https://cdn.shopify.com/s/files/1/0567/1377/3243/products/21380-83f754ea-6fbf-4b97-a00e-9f5a9fb2ae25.jpg?v=1684443552","/media/catalogue/c5e502a2cb2cca15.webp","processed original","0"
"8611138699587","Broadway Rug - 5185A","5","https://cdn.shopify.com/s/files/1/0567/1377/3243/products/21380-efa65647-6751-4102-8413-3a46d2a39f40.jpg?v=1684443552","/media/catalogue/beaa2924349d8f1f.webp","processed original","0"
"8611138699587","Broadway Rug - 5185A","6","https://cdn.shopify.com/s/files/1/0567/1377/3243/products/21380-15886a16-6d91-4036-b746-ab70f1f142f3.jpg?v=1684443552","/media/catalogue/d1a7d52630fc2941.webp","processed original","0"
"8611139289411","Broadway Rug - 5293A","1","https://cdn.shopify.com/s/files/1/0567/1377/3243/products/21379-36d1b395-6543-4616-8e7f-1fdbe241d89e.jpg?v=1684443570","/media/catalogue/1010390dfd87cd67.webp","processed original","0"
"8611139289411","Broadway Rug - 5293A","2","https://cdn.shopify.com/s/files/1/0567/1377/3243/products/21379-7d23bd2a-48a5-42c8-ab75-62cc39407cbd.jpg?v=1684443570","/media/catalogue/637ce2c674288486.webp","processed original","0"
"8611139289411","Broadway Rug - 5293A","3","https://cdn.shopify.com/s/files/1/0567/1377/3243/products/21379-a39c35ff-d4f4-44fe-8596-70b1f1363ca5.jpg?v=1684443570","/media/catalogue/422f9746dc9a21a4.webp","processed original","0"
"8611139289411","Broadway Rug - 5293A","4","https://cdn.shopify.com/s/files/1/0567/1377/3243/products/21379-e46f41b6-1d64-4d37-acf8-24177a1d3eb8.jpg?v=1684443570","/media/catalogue/9b96f17b41718def.webp","processed original","0"
"8611139289411","Broadway Rug - 5293A","5","https://cdn.shopify.com/s/files/1/0567/1377/3243/products/21379-386c4d79-1917-4e39-af80-6c1259456d37.jpg?v=1684443570","/media/catalogue/ca9b7452482ceeff.webp","processed original","0"
"8611139289411","Broadway Rug - 5293A","6","https://cdn.shopify.com/s/files/1/0567/1377/3243/products/21379-06d63068-18a0-4bcd-b4d6-3ed218569b49.jpg?v=1684443570","/media/catalogue/b5bc3d7853db43fe.webp","processed original","0"
"8611140108611","Broadway Rug - 5296A","1","https://cdn.shopify.com/s/files/1/0567/1377/3243/products/21385-fa9cb83a-429c-4eea-9629-a4f6d4b359fa.jpg?v=1684443606","/media/catalogue/f78fe15753c77d5e.webp","processed original","0"
"8611140108611","Broadway Rug - 5296A","2","https://cdn.shopify.com/s/files/1/0567/1377/3243/products/21385-2c97d9e3-d93d-40cc-aff0-ae7a0a638bc9.jpg?v=1684443606","/media/catalogue/f4e7657a4c831b37.webp","processed original","0"
"8611140108611","Broadway Rug - 5296A","3","https://cdn.shopify.com/s/files/1/0567/1377/3243/products/21385-0ef11da5-c3e9-4045-9431-b9ef31d7702d.jpg?v=1684443606","/media/catalogue/fa00193c7adc233b.webp","processed original","0"
"8611140108611","Broadway Rug - 5296A","4","https://cdn.shopify.com/s/files/1/0567/1377/3243/products/21385-7d09b678-73b6-4e09-ab27-931586af7115.jpg?v=1684443606","/media/catalogue/fd3955ef4e4f7ecc.webp","processed original","0"
"8611140108611","Broadway Rug - 5296A","5","https://cdn.shopify.com/s/files/1/0567/1377/3243/products/21385-96f2b12a-cf66-43ac-8025-c8b8550326a0.jpg?v=1684443606","/media/catalogue/0b127c62a5ac06bc.webp","processed original","0"
"8611140108611","Broadway Rug - 5296A","6","https://cdn.shopify.com/s/files/1/0567/1377/3243/products/21385-623e1baf-315c-4b3b-8b95-356fcc28288f.jpg?v=1684443606","/media/catalogue/58b8849c8b6e7bc6.webp","processed original","0"
"8611141321027","Chad Rug 572","1","https://cdn.shopify.com/s/files/1/0567/1377/3243/products/20391-dbdeacb8-2e94-4c1e-b9a6-468764db9047.jpg?v=1684443865","/media/catalogue/43c9e22ee75c9434.webp","processed original","45541"
"8611141321027","Chad Rug 572","2","https://cdn.shopify.com/s/files/1/0567/1377/3243/products/20391-6135cbbc-1cfe-4acc-97d5-65ec3dfa0a51.jpg?v=1684443865","/media/catalogue/7931f6763b6384fa.webp","processed original","0"
"8611141321027","Chad Rug 572","3","https://cdn.shopify.com/s/files/1/0567/1377/3243/products/20391-7c9585e7-7b59-4aaa-94c9-af3c72e931c9.jpg?v=1684443865","/media/catalogue/1aaf931dabdf7b89.webp","processed original","0"
"8611141321027","Chad Rug 572","4","https://cdn.shopify.com/s/files/1/0567/1377/3243/products/20391-d0005e94-3e1e-4573-8713-d2631a89bad8.jpg?v=1684443865","/media/catalogue/1462c9ffae438991.webp","processed original","0"
"8611141321027","Chad Rug 572","5","https://cdn.shopify.com/s/files/1/0567/1377/3243/products/20391-98be45ee-3f77-462c-94f0-a7be8aca2b50.jpg?v=1684443865","/media/catalogue/a2510142c3bd20f3.webp","processed original","0"
"8611141321027","Chad Rug 572","6","https://cdn.shopify.com/s/files/1/0567/1377/3243/products/20391-8c98f675-2505-4f22-9383-579faec336d0.jpg?v=1684443865","/media/catalogue/db1900fedeeb0ee9.webp","processed original","0"
"8611141321027","Chad Rug 572","7","https://cdn.shopify.com/s/files/1/0567/1377/3243/products/20391-b7802e8c-c010-4cb6-bbc9-de9169e5a9b0.jpg?v=1684443865","/media/catalogue/3864b06a71c5cc75.webp","processed original","0"
"8611141321027","Chad Rug 572","8","https://cdn.shopify.com/s/files/1/0567/1377/3243/products/20391-05789f5a-b9e3-4b56-aadb-59a3fc4edf5a.jpg?v=1684443865","/media/catalogue/23875816e6361bd0.webp","processed original","0"
"8611142074691","Chad Rug 592","1","https://cdn.shopify.com/s/files/1/0567/1377/3243/products/20392-c260431a-c29c-44cf-8534-618cd27aa5d6.jpg?v=1684445897","/media/catalogue/2eba8ada2f381b9a.webp","processed original","55570"
"8611142074691","Chad Rug 592","2","https://cdn.shopify.com/s/files/1/0567/1377/3243/products/20392-1f999046-91c6-4c4b-9732-d7b0d3b13dbe.jpg?v=1684445897","/media/catalogue/a35c36ce6e8e96d2.webp","processed original","0"
"8611142074691","Chad Rug 592","3","https://cdn.shopify.com/s/files/1/0567/1377/3243/products/20392-30953683-bd45-4456-a31c-37c03bde33d0.jpg?v=1684445897","/media/catalogue/9d33c79b899ec2b3.webp","processed original","0"
"8611142074691","Chad Rug 592","4","https://cdn.shopify.com/s/files/1/0567/1377/3243/products/20392-c2faaa70-3d0b-44e9-9414-f98246460cbe.jpg?v=1684445897","/media/catalogue/e187374282631387.webp","processed original","0"
"8611142074691","Chad Rug 592","5","https://cdn.shopify.com/s/files/1/0567/1377/3243/products/20392-43080fce-00b3-4056-afab-739528d8bdaa.jpg?v=1684445897","/media/catalogue/993e8c0185908533.webp","processed original","0"
"8611142074691","Chad Rug 592","6","https://cdn.shopify.com/s/files/1/0567/1377/3243/products/20392-122496fa-8973-4112-bd33-374f0d1fe8cc.jpg?v=1684445897","/media/catalogue/e29718ef6fec8fc5.webp","processed original","0"
"8611142074691","Chad Rug 592","7","https://cdn.shopify.com/s/files/1/0567/1377/3243/products/20392-f2a9655e-0227-4d57-a2be-3eed9ac15a1d.jpg?v=1684445897","/media/catalogue/893c1545e9991f7e.webp","processed original","0"
"8611142074691","Chad Rug 592","8","https://cdn.shopify.com/s/files/1/0567/1377/3243/products/20392-4e3e7d06-9a66-4ee0-a0cb-1a72d4a9ccff.jpg?v=1684445897","/media/catalogue/4636a900610f73b3.webp","processed original","0"
"8611142730051","Cruz Rug - Black 01","1","https://cdn.shopify.com/s/files/1/0567/1377/3243/products/21301-9cc434f3-e00c-4157-a837-477fe2e2cd7c.jpg?v=1684446254","/media/catalogue/4f82909b2a8e6bc8.webp","processed original","680726"
"8611142730051","Cruz Rug - Black 01","2","https://cdn.shopify.com/s/files/1/0567/1377/3243/products/21301-9b0f688f-df89-4d9b-b017-30d45e570c3a.jpg?v=1684446254","/media/catalogue/2f02f4fb07358c40.webp","processed original","109260"
"8611142730051","Cruz Rug - Black 01","3","https://cdn.shopify.com/s/files/1/0567/1377/3243/products/21301-aa0e0848-1ecb-4bd8-be1f-7301abd807f3.jpg?v=1684446254","/media/catalogue/9fee18ed16734d43.webp","processed original","654327"
"8611142730051","Cruz Rug - Black 01","4","https://cdn.shopify.com/s/files/1/0567/1377/3243/products/21301-db6692a8-1a6a-4b9f-9d97-c5d6d3a55050.jpg?v=1684446254","/media/catalogue/93587bf297ab89e9.webp","processed original","0"
"8611142730051","Cruz Rug - Black 01","5","https://cdn.shopify.com/s/files/1/0567/1377/3243/products/21301-7359516a-36b7-491b-9774-86308f049daa.jpg?v=1684446254","/media/catalogue/9d2cc6a7c24fa116.webp","processed original","0"
"8611142730051","Cruz Rug - Black 01","6","https://cdn.shopify.com/s/files/1/0567/1377/3243/products/21301-e39a5161-5b6a-41dd-9941-52af29497690.jpg?v=1684446254","/media/catalogue/52e7a5c9868860af.webp","processed original","0"
"8611142730051","Cruz Rug - Black 01","7","https://cdn.shopify.com/s/files/1/0567/1377/3243/products/21301-55a26d50-40e0-46bd-bad9-444c4c09393e.jpg?v=1684446254","/media/catalogue/a9f4d1061cf9a89f.webp","processed original","0"
"8611143254339","Cruz Rug - Green 05","1","https://cdn.shopify.com/s/files/1/0567/1377/3243/products/21305-5a3d6669-7e68-4cf6-a543-e0d5c70f2082.jpg?v=1684446211","/media/catalogue/3c711524c6488c1e.webp","processed original","714591"
"8611143254339","Cruz Rug - Green 05","2","https://cdn.shopify.com/s/files/1/0567/1377/3243/products/21305-0b65fe68-206c-4cac-bce9-d8a4346afc9f.jpg?v=1684446211","/media/catalogue/125e13cdafb7475b.webp","processed original","110279"
"8611143254339","Cruz Rug - Green 05","3","https://cdn.shopify.com/s/files/1/0567/1377/3243/products/21305-7a11217a-a0ce-40dc-9691-a52c1f2a15ec.jpg?v=1684446211","/media/catalogue/974243d6e6f2ccdc.webp","processed original","707375"
"8611143254339","Cruz Rug - Green 05","4","https://cdn.shopify.com/s/files/1/0567/1377/3243/products/21305-e4729f51-77e8-495f-9b24-5506e0669851.jpg?v=1684446211","/media/catalogue/59621e25485f414e.webp","processed original","0"
"8611143254339","Cruz Rug - Green 05","5","https://cdn.shopify.com/s/files/1/0567/1377/3243/products/21305-e07e01a0-c58f-49bb-ae92-6a78756225db.jpg?v=1684446211","/media/catalogue/d839ace0bde3902c.webp","processed original","0"
"8611143254339","Cruz Rug - Green 05","6","https://cdn.shopify.com/s/files/1/0567/1377/3243/products/21305-71b79dfb-3a89-4d69-ad44-ef294cff3848.jpg?v=1684446211","/media/catalogue/a43e2c0066c39555.webp","processed original","0"
"8611143844163","Cruz Rug - Mustard 06","1","https://cdn.shopify.com/s/files/1/0567/1377/3243/products/21302-7a884780-f454-47de-b01a-13aa62bd69db.jpg?v=1684446292","/media/catalogue/e7c28570c1654850.webp","processed original","705065"
"8611143844163","Cruz Rug - Mustard 06","2","https://cdn.shopify.com/s/files/1/0567/1377/3243/products/21302-36b871df-e755-4cc8-8e5a-bf0ecf10356f.jpg?v=1684446292","/media/catalogue/7390d2421534f9a1.webp","processed original","107944"
"8611143844163","Cruz Rug - Mustard 06","3","https://cdn.shopify.com/s/files/1/0567/1377/3243/products/21302-23311ef6-2d15-4986-9363-121c0c5dbd8a.jpg?v=1684446292","/media/catalogue/3a2b5409bec57736.webp","processed original","661436"
"8611143844163","Cruz Rug - Mustard 06","4","https://cdn.shopify.com/s/files/1/0567/1377/3243/products/21302-f2de00f7-62f0-4624-89ab-def18077975d.jpg?v=1684446292","/media/catalogue/c56eb7a7781df367.webp","processed original","0"
"8611143844163","Cruz Rug - Mustard 06","5","https://cdn.shopify.com/s/files/1/0567/1377/3243/products/21302-47cd6413-0b24-49f7-9eac-b73268986f09.jpg?v=1684446292","/media/catalogue/b7c2c0af855d014c.webp","processed original","0"
"8611143844163","Cruz Rug - Mustard 06","6","https://cdn.shopify.com/s/files/1/0567/1377/3243/products/21302-c368804c-f802-4da6-8b53-c5cdc5a55d71.jpg?v=1684446292","/media/catalogue/baa0993bed5e2034.webp","processed original","0"
"8611143844163","Cruz Rug - Mustard 06","7","https://cdn.shopify.com/s/files/1/0567/1377/3243/products/21302-c820dbd9-3a5e-4abf-b570-43183e75d25a.jpg?v=1684446292","/media/catalogue/16a57796591338fe.webp","processed original","0"
"8611144270147","Cruz Rug - Navy 03","1","https://cdn.shopify.com/s/files/1/0567/1377/3243/products/21303-fb432e12-bf9e-48c4-b8a6-c91fa59a4955.jpg?v=1684446339","/media/catalogue/f668a2a56a112a6b.webp","processed original","712444"
"8611144270147","Cruz Rug - Navy 03","2","https://cdn.shopify.com/s/files/1/0567/1377/3243/products/21303-d7682691-9b6f-4889-a69d-1efd638b9863.jpg?v=1684446339","/media/catalogue/40aa1fb19c5aca34.webp","processed original","109647"
"8611144270147","Cruz Rug - Navy 03","3","https://cdn.shopify.com/s/files/1/0567/1377/3243/products/21303-80ca0d1c-5d67-4d09-90e5-7146470bf0d2.jpg?v=1684446339","/media/catalogue/b0d7d42ec5c657de.webp","processed original","730572"
"8611144270147","Cruz Rug - Navy 03","4","https://cdn.shopify.com/s/files/1/0567/1377/3243/products/21303-eec05453-24fc-4ba0-a372-528ffd2790cc.jpg?v=1684446339","/media/catalogue/018e628ff8b501da.webp","processed original","0"
"8611144270147","Cruz Rug - Navy 03","5","https://cdn.shopify.com/s/files/1/0567/1377/3243/products/21303-06dff2c7-9fd8-47b5-80e4-3e0fb5c20615.jpg?v=1684446339","/media/catalogue/3ff370ea5ae3474c.webp","processed original","0"
"8611144270147","Cruz Rug - Navy 03","6","https://cdn.shopify.com/s/files/1/0567/1377/3243/products/21303-a6474ea6-2f38-467e-a618-47c94cafd6ca.jpg?v=1684446339","/media/catalogue/ce0258602953e958.webp","processed original","0"
"8611144270147","Cruz Rug - Navy 03","7","https://cdn.shopify.com/s/files/1/0567/1377/3243/products/21303-2a1878ac-8731-4a4f-8587-546a3b0dda4a.jpg?v=1684446339","/media/catalogue/ad9f2b9b43665362.webp","processed original","0"
"8611144565059","Cruz Rug - Red 02","1","https://cdn.shopify.com/s/files/1/0567/1377/3243/products/21306-a9ef6af5-6577-4792-a94a-e84cd0fa6cc1.jpg?v=1684446387","/media/catalogue/3ee8ec2bb129f316.webp","processed original","708858"
"8611144565059","Cruz Rug - Red 02","2","https://cdn.shopify.com/s/files/1/0567/1377/3243/products/21306-cb8d2d8e-aceb-4945-aef2-be49c0ee1f22.jpg?v=1684446387","/media/catalogue/795461ea2f946646.webp","processed original","113036"
"8611144565059","Cruz Rug - Red 02","3","https://cdn.shopify.com/s/files/1/0567/1377/3243/products/21306-5e4c2c12-1f23-489a-82d7-729fb45ecc81.jpg?v=1684446387","/media/catalogue/43d05efee2750297.webp","processed original","835608"
"8611144565059","Cruz Rug - Red 02","4","https://cdn.shopify.com/s/files/1/0567/1377/3243/products/21306-a43e0781-0eeb-4d44-9809-fac74a21ef67.jpg?v=1684446387","/media/catalogue/ce3a8ebab4e34e9a.webp","processed original","0"
"8611144565059","Cruz Rug - Red 02","5","https://cdn.shopify.com/s/files/1/0567/1377/3243/products/21306-5029f136-1bf4-486b-9aa0-4a076beee9d9.jpg?v=1684446387","/media/catalogue/188d97a73fc6fc50.webp","processed original","0"
"8611144565059","Cruz Rug - Red 02","6","https://cdn.shopify.com/s/files/1/0567/1377/3243/products/21306-502bf5df-a6f4-4f50-b9e8-3b53f2e63753.jpg?v=1684446387","/media/catalogue/af325b6285cf9cf7.webp","processed original","0"
"8611144565059","Cruz Rug - Red 02","7","https://cdn.shopify.com/s/files/1/0567/1377/3243/products/21306-a1941c40-a8fc-4f0f-bb52-19335b0fdcaa.jpg?v=1684446387","/media/catalogue/ef2e0254419ea4b0.webp","processed original","0"
"8611144892739","Cruz Rug - Taupe 04","1","https://cdn.shopify.com/s/files/1/0567/1377/3243/products/21304-590c6c6f-6cfb-4256-9bc0-5991fb86c616.jpg?v=1684446453","/media/catalogue/c771450cfe89e469.webp","processed original","735458"
"8611144892739","Cruz Rug - Taupe 04","2","https://cdn.shopify.com/s/files/1/0567/1377/3243/products/21304-31786b8e-81c4-4689-9f45-aa177a26a41a.jpg?v=1684446453","/media/catalogue/126c8454e5c2809c.webp","processed original","110916"
"8611144892739","Cruz Rug - Taupe 04","3","https://cdn.shopify.com/s/files/1/0567/1377/3243/products/21304-6d266778-45aa-411c-a9dc-19cd3e927d5e.jpg?v=1684446453","/media/catalogue/75a0dd334f8d2f90.webp","processed original","713994"
"8611144892739","Cruz Rug - Taupe 04","4","https://cdn.shopify.com/s/files/1/0567/1377/3243/products/21304-eac811fd-3abf-421b-8126-89bf57b83393.jpg?v=1684446453","/media/catalogue/92933936089ed205.webp","processed original","0"
"8611144892739","Cruz Rug - Taupe 04","5","https://cdn.shopify.com/s/files/1/0567/1377/3243/products/21304-f34e641a-10d5-4b35-9cd5-ddfd127b9f5a.jpg?v=1684446453","/media/catalogue/f4d02f3ce05cc0a2.webp","processed original","0"
"8611144892739","Cruz Rug - Taupe 04","6","https://cdn.shopify.com/s/files/1/0567/1377/3243/products/21304-9cf7db3e-bbf0-4e31-b706-42311f8b8b4d.jpg?v=1684446453","/media/catalogue/5474e5a8fd17b957.webp","processed original","0"
"8611144892739","Cruz Rug - Taupe 04","7","https://cdn.shopify.com/s/files/1/0567/1377/3243/products/21304-de32b97e-0f08-4621-818f-447159ea8d6a.jpg?v=1684446453","/media/catalogue/c2441572477c9bb1.webp","processed original","0"
"8611145646403","Dakar Rug - Gold","1","https://cdn.shopify.com/s/files/1/0567/1377/3243/products/21344-7d9470ce-62a2-4ba2-a343-87f669a17905.jpg?v=1684447396","/media/catalogue/11062cc8bb39dd5f.webp","processed original","0"
"8611145646403","Dakar Rug - Gold","2","https://cdn.shopify.com/s/files/1/0567/1377/3243/products/21344-19284e80-359e-4d61-968b-8ca271d3e57b.jpg?v=1684447396","/media/catalogue/06c71d92ac3444a1.webp","processed original","0"
"8611145646403","Dakar Rug - Gold","3","https://cdn.shopify.com/s/files/1/0567/1377/3243/products/21344-8237ffd6-fd11-4af5-b36e-acd40ef217be.jpg?v=1684447396","/media/catalogue/e251767aace81034.webp","processed original","0"
"8611145646403","Dakar Rug - Gold","4","https://cdn.shopify.com/s/files/1/0567/1377/3243/products/21344-ef2a292e-0f51-48a5-8114-d148342bba06.jpg?v=1684447396","/media/catalogue/c8c7a3bc5633c4fa.webp","processed original","0"
"8611145646403","Dakar Rug - Gold","5","https://cdn.shopify.com/s/files/1/0567/1377/3243/products/21344-878ecddd-c64a-46cb-9122-5290dfb53a27.jpg?v=1684447396","/media/catalogue/62933fc990acf216.webp","processed original","0"
"8611146957123","Darcy Rug Beige","1","https://cdn.shopify.com/s/files/1/0567/1377/3243/products/20405-d0b60399-c47a-4211-bfb0-7041587bc090.jpg?v=1684447246","/media/catalogue/fef2e3f8af37adc3.webp","processed original","0"
"8611146957123","Darcy Rug Beige","2","https://cdn.shopify.com/s/files/1/0567/1377/3243/products/20405-ec0f32d6-8bbf-499f-b19f-d7665ecb0954.jpg?v=1684447246","/media/catalogue/aee83dd69672d5c0.webp","processed original","0"
"8611146957123","Darcy Rug Beige","3","https://cdn.shopify.com/s/files/1/0567/1377/3243/products/20405-122b492e-2d29-40ce-9dda-0fbc7c389543.jpg?v=1684447246","/media/catalogue/223655bf1b0dd004.webp","processed original","0"
"8611146957123","Darcy Rug Beige","4","https://cdn.shopify.com/s/files/1/0567/1377/3243/products/20405-8368c599-a72a-4a27-9fb2-aa97f8296993.jpg?v=1684447246","/media/catalogue/cbd10bd24cde25a6.webp","processed original","0"
"8611146957123","Darcy Rug Beige","5","https://cdn.shopify.com/s/files/1/0567/1377/3243/products/20405-249d04a6-3809-4361-bb1a-d765cbf77acd.jpg?v=1684447246","/media/catalogue/683c868602a8fa57.webp","processed original","0"
"8611146957123","Darcy Rug Beige","6","https://cdn.shopify.com/s/files/1/0567/1377/3243/products/20405-e925fb7e-a37d-423f-b700-87067555d316.jpg?v=1684447246","/media/catalogue/883dab34ef2cc1f9.webp","processed original","0"
"8611147776323","Darcy Rug Navy","1","https://cdn.shopify.com/s/files/1/0567/1377/3243/products/20409-4392364a-ac79-4020-b9f3-29d95319e738.jpg?v=1684447793","/media/catalogue/2cb2afd2e8b60566.webp","processed original","0"
"8611147776323","Darcy Rug Navy","2","https://cdn.shopify.com/s/files/1/0567/1377/3243/products/20409-a4bd206b-fab4-49c0-8f3d-d63da9e6d04d.jpg?v=1684447793","/media/catalogue/035c61950f262d21.webp","processed original","0"
"8611147776323","Darcy Rug Navy","3","https://cdn.shopify.com/s/files/1/0567/1377/3243/products/20409-e672063b-3643-4a3e-8031-16f737b9f24f.jpg?v=1684447793","/media/catalogue/20f1ecd96f24f7ec.webp","processed original","0"
"8611147776323","Darcy Rug Navy","4","https://cdn.shopify.com/s/files/1/0567/1377/3243/products/20409-45032d14-1584-488c-9586-4840f6f5ae43.jpg?v=1684447793","/media/catalogue/901a35f154dd4fb5.webp","processed original","0"
"8611147776323","Darcy Rug Navy","5","https://cdn.shopify.com/s/files/1/0567/1377/3243/products/20409-99a9e634-d7f7-4d37-9fd7-ec28613020e3.jpg?v=1684447793","/media/catalogue/db95927b55ea25d0.webp","processed original","0"
"8611148529987","Elise Rug Cream-Red","1","https://cdn.shopify.com/s/files/1/0567/1377/3243/products/20422-e8fad7f1-f7bc-46f5-9c70-a59090598bb5.jpg?v=1684447612","/media/catalogue/757298b09307ac68.webp","processed original","0"
"8611148529987","Elise Rug Cream-Red","2","https://cdn.shopify.com/s/files/1/0567/1377/3243/products/20422-8f1580f0-42d8-42b2-b7b9-5984a3b26e0e.jpg?v=1684447612","/media/catalogue/c5b54828ef72d848.webp","processed original","0"
"8611148529987","Elise Rug Cream-Red","3","https://cdn.shopify.com/s/files/1/0567/1377/3243/products/20422-b4f9d533-5a82-4711-afb7-623b0d703d38.jpg?v=1684447612","/media/catalogue/dc11e4a471791751.webp","processed original","0"
"8611148529987","Elise Rug Cream-Red","4","https://cdn.shopify.com/s/files/1/0567/1377/3243/products/20422-a05b2080-703d-477a-92a6-f813811044f0.jpg?v=1684447612","/media/catalogue/bc38291426208350.webp","processed original","0"
"8611148529987","Elise Rug Cream-Red","5","https://cdn.shopify.com/s/files/1/0567/1377/3243/products/20422-22daf3ec-8e92-4309-862c-1ca639c85630.jpg?v=1684447612","/media/catalogue/105d183fac355a0a.webp","processed original","0"
"8611148529987","Elise Rug Cream-Red","6","https://cdn.shopify.com/s/files/1/0567/1377/3243/products/20422-13e74e55-5026-43a3-a789-ed6bbe90e811.jpg?v=1684447612","/media/catalogue/251ae0128968a073.webp","processed original","0"
"8611149250883","Elise Rug Silver","1","https://cdn.shopify.com/s/files/1/0567/1377/3243/products/20425-d2136ab1-f28f-4323-83aa-2c7249640914.jpg?v=1684447467","/media/catalogue/7c562f250e63524f.webp","processed original","0"
"8611149250883","Elise Rug Silver","2","https://cdn.shopify.com/s/files/1/0567/1377/3243/products/20425-9f548fb0-59d9-4910-be97-1563698928a8.jpg?v=1684447467","/media/catalogue/1a1c1f18417b313b.webp","processed original","0"
"8611149250883","Elise Rug Silver","3","https://cdn.shopify.com/s/files/1/0567/1377/3243/products/20425-831fb29d-17e3-430a-8f53-2130bda1ea63.jpg?v=1684447467","/media/catalogue/0ed3356350883686.webp","processed original","0"
"8611149250883","Elise Rug Silver","4","https://cdn.shopify.com/s/files/1/0567/1377/3243/products/20425-8590dc15-433b-44c2-bbfd-204401819caa.jpg?v=1684447467","/media/catalogue/67e2c687506f2f14.webp","processed original","0"
"8611149250883","Elise Rug Silver","5","https://cdn.shopify.com/s/files/1/0567/1377/3243/products/20425-ee1430e9-b6c5-44b9-a55e-0e75a0702f61.jpg?v=1684447467","/media/catalogue/9952a51d81376f2c.webp","processed original","0"
"8611149250883","Elise Rug Silver","6","https://cdn.shopify.com/s/files/1/0567/1377/3243/products/20425-9a5dac8e-f021-437c-a60e-9a207170123a.jpg?v=1684447467","/media/catalogue/7c3dbeec235a2186.webp","processed original","0"
"8611149644099","Empire Rug Charcoal","1","https://cdn.shopify.com/s/files/1/0567/1377/3243/products/20428-2ebddcc1-e5b2-4b43-b639-898063b76c83.jpg?v=1684448240","/media/catalogue/906d9bcee2408afd.webp","processed original","0"
"8611149644099","Empire Rug Charcoal","2","https://cdn.shopify.com/s/files/1/0567/1377/3243/products/20428-72c5594f-274e-4386-8887-672ec19f97a8.jpg?v=1684448240","/media/catalogue/e3b87333c242ac34.webp","processed original","0"
"8611149644099","Empire Rug Charcoal","3","https://cdn.shopify.com/s/files/1/0567/1377/3243/products/20428-b1b586f8-b468-4108-823e-2cc1233237e9.jpg?v=1684448240","/media/catalogue/74376072aa65d48e.webp","processed original","0"
"8611149644099","Empire Rug Charcoal","4","https://cdn.shopify.com/s/files/1/0567/1377/3243/products/20428-3f841130-a2e7-4d4b-9bf8-4dc0ec0864ae.jpg?v=1684448240","/media/catalogue/5c8733838cb0900e.webp","processed original","0"
"8611149644099","Empire Rug Charcoal","5","https://cdn.shopify.com/s/files/1/0567/1377/3243/products/20428-d30e1c79-e7a5-41c2-819f-8c61a708e439.jpg?v=1684448240","/media/catalogue/8982e6b59adbb33f.webp","processed original","0"
"8611149644099","Empire Rug Charcoal","6","https://cdn.shopify.com/s/files/1/0567/1377/3243/products/20428-aed7bcd4-48c5-4719-bd3c-94b30269ea8b.jpg?v=1684448240","/media/catalogue/369c64535d8f5060.webp","processed original","0"
"8611149644099","Empire Rug Charcoal","7","https://cdn.shopify.com/s/files/1/0567/1377/3243/products/20428-d0e5a7d4-9c5c-4d6a-a548-1fcea054f507.jpg?v=1684448240","/media/catalogue/81d3c8a150a131f3.webp","processed original","0"
"8611149644099","Empire Rug Charcoal","8","https://cdn.shopify.com/s/files/1/0567/1377/3243/products/20428-ec8644a8-3aff-44d8-81b6-4e695195adcb.jpg?v=1684448240","/media/catalogue/ddcc5cd9839df41d.webp","processed original","0"
"8611149644099","Empire Rug Charcoal","9","https://cdn.shopify.com/s/files/1/0567/1377/3243/products/20428-f9e46573-f5f9-4128-9b8a-3567ea7913b0.jpg?v=1684448240","/media/catalogue/efb640c4270fc894.webp","processed original","0"
"8611150037315","Empire Rug Grey","1","https://cdn.shopify.com/s/files/1/0567/1377/3243/products/20432-a6210d22-525d-49e1-9f80-8fa16636bd00.jpg?v=1684448077","/media/catalogue/e7ddd27530471707.webp","processed original","0"
"8611150037315","Empire Rug Grey","2","https://cdn.shopify.com/s/files/1/0567/1377/3243/products/20432-c93e7751-c443-466a-af4e-8ed19b054272.jpg?v=1684448077","/media/catalogue/5d44fe26e32f796d.webp","processed original","0"
"8611150037315","Empire Rug Grey","3","https://cdn.shopify.com/s/files/1/0567/1377/3243/products/20432-8573c5d8-e57a-4007-a378-77f8ce85f889.jpg?v=1684448077","/media/catalogue/5c7ae7928c364d2e.webp","processed original","0"
"8611150037315","Empire Rug Grey","4","https://cdn.shopify.com/s/files/1/0567/1377/3243/products/20432-550f6211-17bc-43d0-a171-ad99d955b285.jpg?v=1684448077","/media/catalogue/0bdedfa62cd2c0d2.webp","processed original","0"
"8611150037315","Empire Rug Grey","5","https://cdn.shopify.com/s/files/1/0567/1377/3243/products/20432-90c07803-176f-4f4f-9fd5-ce200682d4e9.jpg?v=1684448077","/media/catalogue/69ab1ad73f3d8640.webp","processed original","0"
"8611150037315","Empire Rug Grey","6","https://cdn.shopify.com/s/files/1/0567/1377/3243/products/20432-677129b8-e105-429c-93bf-9f316231635b.jpg?v=1684448077","/media/catalogue/28728d0a41408b4e.webp","processed original","0"
"8611150201155","Empire Rug Ochre","1","https://cdn.shopify.com/s/files/1/0567/1377/3243/products/20434-69887910-361e-46de-9f78-4b6cba289889.jpg?v=1684425350","/media/catalogue/4820be3cac59c231.webp","processed original","0"
"8611150201155","Empire Rug Ochre","2","https://cdn.shopify.com/s/files/1/0567/1377/3243/products/20434-a404eac5-975f-420c-99f0-b3240f451ee6.jpg?v=1684447951","/media/catalogue/8cc0f475ce18cd2e.webp","processed original","0"
"8611150201155","Empire Rug Ochre","3","https://cdn.shopify.com/s/files/1/0567/1377/3243/products/20434-c9f102b4-b49c-48d6-bb35-c825b38cec60.jpg?v=1684447951","/media/catalogue/bcec122dcbb5664c.webp","processed original","0"
"8611150201155","Empire Rug Ochre","4","https://cdn.shopify.com/s/files/1/0567/1377/3243/products/20434-2c83e954-0aef-4469-90b7-073a5e64f065.jpg?v=1684447951","/media/catalogue/8b11cb21dcf9434a.webp","processed original","0"
"8611150201155","Empire Rug Ochre","5","https://cdn.shopify.com/s/files/1/0567/1377/3243/products/20434-b0e0cf98-ac24-478b-a5e3-2e1c1e8f3d12.jpg?v=1684447951","/media/catalogue/7a40a4aaa87429d0.webp","processed original","0"
"8611150201155","Empire Rug Ochre","6","https://cdn.shopify.com/s/files/1/0567/1377/3243/products/20434-6f96ff17-866e-4fce-aadc-07482f036482.jpg?v=1684447951","/media/catalogue/1d0fdafdb2352015.webp","processed original","0"
"8611150201155","Empire Rug Ochre","7","https://cdn.shopify.com/s/files/1/0567/1377/3243/products/20434-ad24dad8-f4be-4891-90e9-4e0a894e31a8.jpg?v=1684447951","/media/catalogue/e89b03927da9f339.webp","processed original","0"
"8611150201155","Empire Rug Ochre","8","https://cdn.shopify.com/s/files/1/0567/1377/3243/products/20434-52593fcd-89e2-4025-8cce-c2374a8febf0.jpg?v=1684447951","/media/catalogue/25bf17edddf3a7ce.webp","processed original","0"
"8611150332227","Empire Rug Silver","1","https://cdn.shopify.com/s/files/1/0567/1377/3243/products/20435-e020cf0d-5b60-47a1-9f27-f4a75f12a5f8.jpg?v=1684425364","/media/catalogue/e8acaefe7504b2b7.webp","processed original","0"
"8611150332227","Empire Rug Silver","2","https://cdn.shopify.com/s/files/1/0567/1377/3243/products/20435-53953177-e33e-44bb-90c5-a6047d1ff60f.jpg?v=1684447904","/media/catalogue/c31cc66684e0baaa.webp","processed original","0"
"8611150332227","Empire Rug Silver","3","https://cdn.shopify.com/s/files/1/0567/1377/3243/products/20435-7df05fa4-efa6-4117-b4ba-5103e5375416.jpg?v=1684447907","/media/catalogue/29bf2c36b94b3a4c.webp","processed original","0"
"8611150332227","Empire Rug Silver","4","https://cdn.shopify.com/s/files/1/0567/1377/3243/products/20435-52d6f9f5-36df-4434-bd0b-031d49962f3b.jpg?v=1684447907","/media/catalogue/90c0942d1989d2c0.webp","processed original","0"
"8611150332227","Empire Rug Silver","5","https://cdn.shopify.com/s/files/1/0567/1377/3243/products/20435-4b1608de-e41a-4190-a70f-cadb61bcd274.jpg?v=1684447907","/media/catalogue/6f6350ce6cd24ad4.webp","processed original","0"
"8611150463299","Harper Rug 522","1","https://cdn.shopify.com/s/files/1/0567/1377/3243/products/20446-18eb472c-53b1-4c9e-9eea-c48793c21a4c.jpg?v=1684447872","/media/catalogue/43c13b61a2125c88.webp","processed original","0"
"8611150463299","Harper Rug 522","2","https://cdn.shopify.com/s/files/1/0567/1377/3243/products/20446-04a04c5d-d2e3-446b-9768-9fd1850caeea.jpg?v=1684447872","/media/catalogue/e90a0c366f6e546b.webp","processed original","0"
"8611150463299","Harper Rug 522","3","https://cdn.shopify.com/s/files/1/0567/1377/3243/products/20446-251250d5-12e9-4454-b79f-1eaee092e760.jpg?v=1684447872","/media/catalogue/691778ee397e7262.webp","processed original","0"
"8611150463299","Harper Rug 522","4","https://cdn.shopify.com/s/files/1/0567/1377/3243/products/20446-2b870add-a72c-4e4b-82ec-96f7d8fbbb24.jpg?v=1684447872","/media/catalogue/db889830c2851df4.webp","processed original","0"
"8611150463299","Harper Rug 522","5","https://cdn.shopify.com/s/files/1/0567/1377/3243/products/20446-890510c3-00ad-4dc7-aabe-b27ec264be90.jpg?v=1684447872","/media/catalogue/db0c7848152b35b7.webp","processed original","0"
"8611150692675","Harper Rug 592","1","https://cdn.shopify.com/s/files/1/0567/1377/3243/products/20447-7cb3b398-9ccf-4cf8-9d26-03647bf99ca7.jpg?v=1684448904","/media/catalogue/31684dd948b22f30.webp","processed original","50474"
"8611150692675","Harper Rug 592","2","https://cdn.shopify.com/s/files/1/0567/1377/3243/products/20447-aee6e5a7-5243-49ee-bc9c-8a7902bc8452.jpg?v=1684448904","/media/catalogue/d5f1c815fb82780f.webp","processed original","0"
"8611150692675","Harper Rug 592","3","https://cdn.shopify.com/s/files/1/0567/1377/3243/products/20447-292573df-9326-4206-8f17-84496e6d0044.jpg?v=1684448904","/media/catalogue/838f4c9f4cf12f54.webp","processed original","0"
"8611150692675","Harper Rug 592","4","https://cdn.shopify.com/s/files/1/0567/1377/3243/products/20447-489b0b00-46b7-45cf-87fa-8be19a3ce913.jpg?v=1684448904","/media/catalogue/e336167784da4da5.webp","processed original","0"
"8611150692675","Harper Rug 592","5","https://cdn.shopify.com/s/files/1/0567/1377/3243/products/20447-2f70ccb5-72a7-480a-a9c2-50bbbbd72f9b.jpg?v=1684448904","/media/catalogue/f428f0ed3dfcf5b7.webp","processed original","0"
"8611150692675","Harper Rug 592","6","https://cdn.shopify.com/s/files/1/0567/1377/3243/products/20447-f9a7ae5b-fca0-4d49-85e5-18d7874c81a8.jpg?v=1684448904","/media/catalogue/95adc7145d54ca1b.webp","processed original","0"
"8611150692675","Harper Rug 592","7","https://cdn.shopify.com/s/files/1/0567/1377/3243/products/20447-1532efb4-3122-430a-8efb-a24a329b9d88.jpg?v=1684448904","/media/catalogue/a1b4d9cb433b33ab.webp","processed original","0"
"8611150692675","Harper Rug 592","8","https://cdn.shopify.com/s/files/1/0567/1377/3243/products/20447-2ab211db-9df7-45f3-8ecc-4aa6cb9862c9.jpg?v=1684448904","/media/catalogue/4cae4f5da46ef424.webp","processed original","0"
"8611150692675","Harper Rug 592","9","https://cdn.shopify.com/s/files/1/0567/1377/3243/products/20447-01acd318-159f-4a50-a34c-6dd5201d30b5.jpg?v=1684448904","/media/catalogue/49183ae81b828a89.webp","processed original","0"
"8611150856515","Harper Rug 652","1","https://cdn.shopify.com/s/files/1/0567/1377/3243/products/20448-62e42006-a7fc-4b3c-989e-4acd0f6170ac.jpg?v=1684448734","/media/catalogue/6290d4fc953a5716.webp","processed original","70535"
"8611150856515","Harper Rug 652","2","https://cdn.shopify.com/s/files/1/0567/1377/3243/products/20448-a01d3287-bab6-44b7-ba82-a9518e1153fb.jpg?v=1684448734","/media/catalogue/38806d166a6ffbb2.webp","processed original","0"
"8611150856515","Harper Rug 652","3","https://cdn.shopify.com/s/files/1/0567/1377/3243/products/20448-bafe6bbc-96b4-4271-8779-c5afdbd0d8de.jpg?v=1684448734","/media/catalogue/1f831ecf791fd20d.webp","processed original","0"
"8611150856515","Harper Rug 652","4","https://cdn.shopify.com/s/files/1/0567/1377/3243/products/20448-1718dee8-5606-409b-88ce-381f50f2f372.jpg?v=1684448734","/media/catalogue/6cc1f25d0fb80aeb.webp","processed original","0"
"8611150856515","Harper Rug 652","5","https://cdn.shopify.com/s/files/1/0567/1377/3243/products/20448-02d5e46f-b663-4545-93ac-8117f07779a1.jpg?v=1684448734","/media/catalogue/65e651e602b85243.webp","processed original","0"
"8611150856515","Harper Rug 652","6","https://cdn.shopify.com/s/files/1/0567/1377/3243/products/20448-831065a6-970f-4b20-adcc-8ef35e0a7fa6.jpg?v=1684448734","/media/catalogue/770bb410352b124c.webp","processed original","0"
"8611150856515","Harper Rug 652","7","https://cdn.shopify.com/s/files/1/0567/1377/3243/products/20448-75fb7871-6d84-4030-96e7-5d13eb1fb1ca.jpg?v=1684448734","/media/catalogue/5f4f61c907944602.webp","processed original","0"
"8611150856515","Harper Rug 652","8","https://cdn.shopify.com/s/files/1/0567/1377/3243/products/20448-f92dab5a-fd16-4640-9fb3-561fc837854b.jpg?v=1684448734","/media/catalogue/5484b8ce74d3b598.webp","processed original","0"
"8611151053123","Ivy Rug 022","1","https://cdn.shopify.com/s/files/1/0567/1377/3243/products/20450-f6bfeb97-562d-4563-a7ce-0a56d73ddd9d.jpg?v=1684448689","/media/catalogue/57724af19602f561.webp","processed original","42551"
"8611151053123","Ivy Rug 022","2","https://cdn.shopify.com/s/files/1/0567/1377/3243/products/20450-ef81df31-50cc-46f0-aa2c-4a1c8503737a.jpg?v=1684448689","/media/catalogue/cca2bc1c1184590e.webp","processed original","0"
"8611151053123","Ivy Rug 022","3","https://cdn.shopify.com/s/files/1/0567/1377/3243/products/20450-106d91b3-b4ae-4378-8f0a-13271168c59c.jpg?v=1684448689","/media/catalogue/82c2d58f42a7a7c3.webp","processed original","0"
"8611151053123","Ivy Rug 022","4","https://cdn.shopify.com/s/files/1/0567/1377/3243/products/20450-c34439ac-0db6-40a3-b371-4c7545c09e42.jpg?v=1684448689","/media/catalogue/dfd9e04fb2302b6d.webp","processed original","0"
"8611151053123","Ivy Rug 022","5","https://cdn.shopify.com/s/files/1/0567/1377/3243/products/20450-9e591e11-b7d9-4367-9682-12e82112d915.jpg?v=1684448689","/media/catalogue/4543e8bb675c194c.webp","processed original","0"
"8611151053123","Ivy Rug 022","6","https://cdn.shopify.com/s/files/1/0567/1377/3243/products/20450-0065faa7-1e90-458d-98dd-e6f7ef22c06d.jpg?v=1684448689","/media/catalogue/67fa486245858384.webp","processed original","0"
"8611151053123","Ivy Rug 022","7","https://cdn.shopify.com/s/files/1/0567/1377/3243/products/20450-cfb72c5e-63f0-4d16-8723-5dcab857e119.jpg?v=1684448689","/media/catalogue/14a0ae2a5daacb9d.webp","processed original","0"
"8611151053123","Ivy Rug 022","8","https://cdn.shopify.com/s/files/1/0567/1377/3243/products/20450-eb8428e4-0e57-4cfd-b043-becbcecbc6f0.jpg?v=1684448689","/media/catalogue/d77d8652e545b85d.webp","processed original","0"
"8611151479107","Ivy Rug 092","1","https://cdn.shopify.com/s/files/1/0567/1377/3243/products/20451-ac63ff37-2951-45c2-8982-9317a3d5b73d.jpg?v=1684448645","/media/catalogue/b43fe431b5bfcd87.webp","processed original","74842"
"8611151479107","Ivy Rug 092","2","https://cdn.shopify.com/s/files/1/0567/1377/3243/products/20451-afefa01f-b029-44b7-8863-e5b841c03692.jpg?v=1684448645","/media/catalogue/17b518c417f182e1.webp","processed original","0"
"8611151479107","Ivy Rug 092","3","https://cdn.shopify.com/s/files/1/0567/1377/3243/products/20451-9b440ced-b3ca-4c64-9363-435896df7d3b.jpg?v=1684448645","/media/catalogue/98d8db46f7f29b81.webp","processed original","0"
"8611151479107","Ivy Rug 092","4","https://cdn.shopify.com/s/files/1/0567/1377/3243/products/20451-400e53fc-6a7a-44cb-b2f8-0c83b5bc3835.jpg?v=1684448645","/media/catalogue/4d9681745a8fcdb6.webp","processed original","0"
"8611151479107","Ivy Rug 092","5","https://cdn.shopify.com/s/files/1/0567/1377/3243/products/20451-5595bd2b-4da4-46af-9840-2ae2cc9342a0.jpg?v=1684448645","/media/catalogue/a47ca4c2bc0fc4a6.webp","processed original","0"
"8611151479107","Ivy Rug 092","6","https://cdn.shopify.com/s/files/1/0567/1377/3243/products/20451-91f5e572-241f-4a72-935f-dd8c9be54bf9.jpg?v=1684448645","/media/catalogue/6bb3055635132b08.webp","processed original","0"
"8611151479107","Ivy Rug 092","7","https://cdn.shopify.com/s/files/1/0567/1377/3243/products/20451-21995d00-f866-4ff0-b64a-a4ec3056bf20.jpg?v=1684448645","/media/catalogue/c31d537c0626ac26.webp","processed original","0"
"8611151479107","Ivy Rug 092","8","https://cdn.shopify.com/s/files/1/0567/1377/3243/products/20451-bae76f86-b526-4b2d-b8b9-7abff74e9768.jpg?v=1684448645","/media/catalogue/bb339889645ef7ab.webp","processed original","0"
"8611152855363","Jasper Rug Beige","1","https://cdn.shopify.com/s/files/1/0567/1377/3243/products/20459-2504de5d-66ba-4042-9fa3-ed9a69a1eca5.jpg?v=1684448530","/media/catalogue/a946a9232a9b5ce7.webp","processed original","0"
"8611152855363","Jasper Rug Beige","2","https://cdn.shopify.com/s/files/1/0567/1377/3243/products/20459-c5b955d9-2ff8-4c2c-9940-437ec1188298.jpg?v=1684448530","/media/catalogue/ec5d7f291bcb8e0e.webp","processed original","0"
"8611152855363","Jasper Rug Beige","3","https://cdn.shopify.com/s/files/1/0567/1377/3243/products/20459-d7f72f6b-db20-4920-b1f0-723548538705.jpg?v=1684448530","/media/catalogue/d0e3c6697a1d4e4c.webp","processed original","0"
"8611152855363","Jasper Rug Beige","4","https://cdn.shopify.com/s/files/1/0567/1377/3243/products/20459-4ce937f4-f99e-4e5e-a4a4-a04d53b99658.jpg?v=1684448530","/media/catalogue/f9c4f3a9918ab0f5.webp","processed original","0"
"8611152855363","Jasper Rug Beige","5","https://cdn.shopify.com/s/files/1/0567/1377/3243/products/20459-58cc0391-7746-4559-87f0-1aae1dac7a50.jpg?v=1684448530","/media/catalogue/d6aef36699db967a.webp","processed original","0"
"8611152855363","Jasper Rug Beige","6","https://cdn.shopify.com/s/files/1/0567/1377/3243/products/20459-47aeaa20-68b2-4900-ba6f-62db5aa6ead0.jpg?v=1684448530","/media/catalogue/2db51eacae6abd59.webp","processed original","0"
"8611152855363","Jasper Rug Beige","7","https://cdn.shopify.com/s/files/1/0567/1377/3243/products/20459-05ebd947-ce7d-4ef6-bbe9-3c443de551e8.jpg?v=1684448530","/media/catalogue/d8953a60923cf1d4.webp","processed original","0"
"8611152953667","Kiss 070 Rug","1","https://cdn.shopify.com/s/files/1/0567/1377/3243/products/20476-799eb4dd-d423-463f-866d-3ac57adc5a02.jpg?v=1684451022","/media/catalogue/16912ba6f8089b0d.webp","processed original","45610"
"8611152953667","Kiss 070 Rug","2","https://cdn.shopify.com/s/files/1/0567/1377/3243/products/20476-9621b56d-02da-407d-9c52-c374b7f6550c.jpg?v=1684451022","/media/catalogue/7308e67e7e186500.webp","processed original","0"
"8611152953667","Kiss 070 Rug","3","https://cdn.shopify.com/s/files/1/0567/1377/3243/products/20476-4b542280-dd5a-40e3-b242-d15862dc4a17.jpg?v=1684451022","/media/catalogue/9fa7a64bffd4c93b.webp","processed original","1915022"
"8611152953667","Kiss 070 Rug","4","https://cdn.shopify.com/s/files/1/0567/1377/3243/products/20476-2488ec33-524e-4f4f-9830-82e31daa6f51.jpg?v=1684451022","/media/catalogue/46aa4c936335745b.webp","processed original","0"
"8611152953667","Kiss 070 Rug","5","https://cdn.shopify.com/s/files/1/0567/1377/3243/products/20476-bac8ac53-f032-41d3-a56e-0cd81245c9f7.jpg?v=1684451022","/media/catalogue/81e237dd76b8c4d6.webp","processed original","0"
"8611152953667","Kiss 070 Rug","6","https://cdn.shopify.com/s/files/1/0567/1377/3243/products/20476-abe4313c-38d2-4b9c-961a-f1ec17e9a97f.jpg?v=1684451022","/media/catalogue/8a7d0ee7cab143d9.webp","processed original","0"
"8611152953667","Kiss 070 Rug","7","https://cdn.shopify.com/s/files/1/0567/1377/3243/products/20476-39bc545a-99d8-4d5d-bee0-acb3a3f9fb15.jpg?v=1684451022","/media/catalogue/3eb8645d627e71b8.webp","processed original","0"
"8611152953667","Kiss 070 Rug","8","https://cdn.shopify.com/s/files/1/0567/1377/3243/products/20476-ab3ff52c-fca4-489a-bf7e-b616e13e0022.jpg?v=1684451022","/media/catalogue/71ca9d0316e615cd.webp","processed original","0"
"8611153314115","Kiss 800 Rug","1","https://cdn.shopify.com/s/files/1/0567/1377/3243/products/20479-ad628f11-2d78-4939-8699-ce154bb6cc32.jpg?v=1684450859","/media/catalogue/8a395f5a06acbe34.webp","processed original","45201"
"8611153314115","Kiss 800 Rug","2","https://cdn.shopify.com/s/files/1/0567/1377/3243/products/20479-450a386f-cadd-460a-a16a-580845207495.jpg?v=1684450859","/media/catalogue/45744fe50165a230.webp","processed original","0"
"8611153314115","Kiss 800 Rug","3","https://cdn.shopify.com/s/files/1/0567/1377/3243/products/20479-9bd2c666-7530-49a1-b7fd-654175881611.jpg?v=1684450859","/media/catalogue/efc41fb27af80834.webp","processed original","1941907"
"8611153314115","Kiss 800 Rug","4","https://cdn.shopify.com/s/files/1/0567/1377/3243/products/20479-e098445a-ffb5-445e-9a08-bc24ce6944b2.jpg?v=1684450859","/media/catalogue/1d58d1b64e53fbfc.webp","processed original","0"
"8611153314115","Kiss 800 Rug","5","https://cdn.shopify.com/s/files/1/0567/1377/3243/products/20479-f0b4e8a9-3954-4bec-aced-d9203777308d.jpg?v=1684450859","/media/catalogue/9c1931d3bb68546b.webp","processed original","0"
"8611153314115","Kiss 800 Rug","6","https://cdn.shopify.com/s/files/1/0567/1377/3243/products/20479-bce52393-3927-4dd1-b3f7-181981932a5b.jpg?v=1684450859","/media/catalogue/0179fea6f10c8433.webp","processed original","0"
"8611153314115","Kiss 800 Rug","7","https://cdn.shopify.com/s/files/1/0567/1377/3243/products/20479-e9d7e4e4-cb89-44aa-9db6-612d520db6a2.jpg?v=1684450859","/media/catalogue/15eef24dc10294fd.webp","processed original","0"
"8611153314115","Kiss 800 Rug","8","https://cdn.shopify.com/s/files/1/0567/1377/3243/products/20479-067425a3-d1ed-4f07-855d-4a88dc6406e9.jpg?v=1684450859","/media/catalogue/e1c63b7214fab15a.webp","processed original","0"
"8611153314115","Kiss 800 Rug","9","https://cdn.shopify.com/s/files/1/0567/1377/3243/products/20479-f72f68c0-076a-4326-9d72-22eb0003317a.jpg?v=1684450859","/media/catalogue/94743dab88067bdb.webp","processed original","0"
"8611154362691","Mason Rug - 103 Navy Grey","1","https://cdn.shopify.com/s/files/1/0567/1377/3243/products/21332-2acdc358-a72c-46a3-b9ba-3a413a232637.jpg?v=1684451303","/media/catalogue/3193ae67939540ae.webp","processed original","766210"
"8611154362691","Mason Rug - 103 Navy Grey","2","https://cdn.shopify.com/s/files/1/0567/1377/3243/products/21332-d228cbc6-bdbe-49d7-a3a7-975067bc8508.jpg?v=1684451303","/media/catalogue/13e8a3ce1a82e4f6.webp","processed original","0"
"8611154362691","Mason Rug - 103 Navy Grey","3","https://cdn.shopify.com/s/files/1/0567/1377/3243/products/21332-9be66c5a-2f0e-4b9a-a1c1-c63b9a0184a5.jpg?v=1684451303","/media/catalogue/b694655fca05e63e.webp","processed original","0"
"8611154362691","Mason Rug - 103 Navy Grey","4","https://cdn.shopify.com/s/files/1/0567/1377/3243/products/21332-8ec9e750-1599-4729-8a76-cbb74e55ab36.jpg?v=1684451303","/media/catalogue/fcde284cfce6b3a0.webp","processed original","745923"
"8611154362691","Mason Rug - 103 Navy Grey","5","https://cdn.shopify.com/s/files/1/0567/1377/3243/products/21332-73ddf94e-acbe-4435-8079-d19823f98d36.jpg?v=1684451303","/media/catalogue/ff17194513d55d21.webp","processed original","124807"
"8611154362691","Mason Rug - 103 Navy Grey","6","https://cdn.shopify.com/s/files/1/0567/1377/3243/products/21332-d5187e85-c9f3-41e4-972d-9792e5857c32.jpg?v=1684451303","/media/catalogue/b3c318e4bf3abf01.webp","processed original","0"
"8611154362691","Mason Rug - 103 Navy Grey","7","https://cdn.shopify.com/s/files/1/0567/1377/3243/products/21332-b702f85a-4da8-45d5-8a30-5a5c15041993.jpg?v=1684451303","/media/catalogue/8b3834ca5d8ae25d.webp","processed original","0"
"8611154723139","Mason Rug - 105 Grey Blue","1","https://cdn.shopify.com/s/files/1/0567/1377/3243/products/21326-863fbb17-8c0d-45f2-9629-0751599ce775.jpg?v=1684451228","/media/catalogue/e68f810acf40f315.webp","processed original","710735"
"8611154723139","Mason Rug - 105 Grey Blue","2","https://cdn.shopify.com/s/files/1/0567/1377/3243/products/21326-d8d74cc0-58d5-4383-b197-18c9516c1b99.jpg?v=1684451228","/media/catalogue/639522851a1e647e.webp","processed original","125502"
"8611154723139","Mason Rug - 105 Grey Blue","3","https://cdn.shopify.com/s/files/1/0567/1377/3243/products/21326-a397f0ed-148a-4038-bab3-6e5c7abd90d3.jpg?v=1684451228","/media/catalogue/637b0d2a14511e9e.webp","processed original","0"
"8611154723139","Mason Rug - 105 Grey Blue","4","https://cdn.shopify.com/s/files/1/0567/1377/3243/products/21326-5a747e3c-be64-44a9-8859-8ec7dc220f18.jpg?v=1684451228","/media/catalogue/0323a48fe31cbe9a.webp","processed original","609710"
"8611154723139","Mason Rug - 105 Grey Blue","5","https://cdn.shopify.com/s/files/1/0567/1377/3243/products/21326-2ecbdcc5-4df8-4829-9b55-645eb997cf1f.jpg?v=1684451228","/media/catalogue/71e65f8278b594a7.webp","processed original","0"
"8611154723139","Mason Rug - 105 Grey Blue","6","https://cdn.shopify.com/s/files/1/0567/1377/3243/products/21326-9cd7d32a-a83e-43a9-beca-a724b8515db2.jpg?v=1684451224","/media/catalogue/cd4dfed2581b87b0.webp","processed original","0"
"8611154723139","Mason Rug - 105 Grey Blue","7","https://cdn.shopify.com/s/files/1/0567/1377/3243/products/21326-d8fed6d0-279e-48c0-9eed-41bc416e3eae.jpg?v=1684451224","/media/catalogue/845ccd3f337d3b87.webp","processed original","0"
"8611155378499","Mason Rug - 108 Grey Blue","1","https://cdn.shopify.com/s/files/1/0567/1377/3243/products/21329-518b6a15-c25e-4fd6-b72a-519fa349a72d.jpg?v=1684451791","/media/catalogue/3fe0ae867afde6aa.webp","processed original","703066"
"8611155378499","Mason Rug - 108 Grey Blue","2","https://cdn.shopify.com/s/files/1/0567/1377/3243/products/21329-a05881bd-7303-40f5-8527-825dca2585f1.jpg?v=1684451791","/media/catalogue/9d96b28b224b33e4.webp","processed original","126874"
"8611155378499","Mason Rug - 108 Grey Blue","3","https://cdn.shopify.com/s/files/1/0567/1377/3243/products/21329-ffc5b229-0f02-4b7d-99a7-fcaaeda1b716.jpg?v=1684451791","/media/catalogue/fb50baa1c70b76f1.webp","processed original","0"
"8611155378499","Mason Rug - 108 Grey Blue","4","https://cdn.shopify.com/s/files/1/0567/1377/3243/products/21329-06b091e1-488d-4f35-824b-903df97444f1.jpg?v=1684451791","/media/catalogue/90f214d9800f1d36.webp","processed original","726201"
"8611155378499","Mason Rug - 108 Grey Blue","5","https://cdn.shopify.com/s/files/1/0567/1377/3243/products/21329-b759f20f-d26d-40d9-8c8b-bdd83418db06.jpg?v=1684451791","/media/catalogue/5c74ec31b0093a56.webp","processed original","0"
"8611155378499","Mason Rug - 108 Grey Blue","6","https://cdn.shopify.com/s/files/1/0567/1377/3243/products/21329-80846bc0-d45f-43ec-9844-52368f6a1b08.jpg?v=1684451791","/media/catalogue/6d55ec82d4d95550.webp","processed original","0"
"8611155378499","Mason Rug - 108 Grey Blue","7","https://cdn.shopify.com/s/files/1/0567/1377/3243/products/21329-4ebd82a8-9eca-4088-baff-e3b6e3ebe69b.jpg?v=1684451791","/media/catalogue/3728a378eb58016a.webp","processed original","0"
"8611155607875","Mason Rug - 109 Grey Orange","1","https://cdn.shopify.com/s/files/1/0567/1377/3243/products/21330-bc77fb23-b5e5-4057-87d6-57de115b3a96.jpg?v=1684451758","/media/catalogue/d9c69cf33a688e82.webp","processed original","686954"
"8611155607875","Mason Rug - 109 Grey Orange","2","https://cdn.shopify.com/s/files/1/0567/1377/3243/products/21330-dc0051e9-2650-4be9-8d89-0840496e37dd.jpg?v=1684451758","/media/catalogue/9abe6091612fe143.webp","processed original","126326"
"8611155607875","Mason Rug - 109 Grey Orange","3","https://cdn.shopify.com/s/files/1/0567/1377/3243/products/21330-ea202483-1966-4a36-a413-2851642eb60f.jpg?v=1684451758","/media/catalogue/9d9f954ec1a90bce.webp","processed original","0"
"8611155607875","Mason Rug - 109 Grey Orange","4","https://cdn.shopify.com/s/files/1/0567/1377/3243/products/21330-29881bc0-d4b1-4451-a82a-4769854da8e0.jpg?v=1684451758","/media/catalogue/06e3992886176f2a.webp","processed original","739206"
"8611155607875","Mason Rug - 109 Grey Orange","5","https://cdn.shopify.com/s/files/1/0567/1377/3243/products/21330-f21f8a5d-ae62-4495-8672-4146e4631b99.jpg?v=1684451758","/media/catalogue/ed2f69809bb9e991.webp","processed original","0"
"8611155607875","Mason Rug - 109 Grey Orange","6","https://cdn.shopify.com/s/files/1/0567/1377/3243/products/21330-ffab9799-fb1f-4a92-b2f3-41412c3774f7.jpg?v=1684451758","/media/catalogue/25c570428ca224d3.webp","processed original","0"
"8611155607875","Mason Rug - 109 Grey Orange","7","https://cdn.shopify.com/s/files/1/0567/1377/3243/products/21330-da427b8d-4be2-4f71-bf8a-794f7292697f.jpg?v=1684451758","/media/catalogue/509d5764ce1d0281.webp","processed original","0"
"8611155870019","Mason Rug - 110 Grey Mustard","1","https://cdn.shopify.com/s/files/1/0567/1377/3243/products/21331-901e7f8a-2603-4dff-abac-47f04f2bebb7.jpg?v=1684451734","/media/catalogue/1748e0fc5f0855d6.webp","processed original","697652"
"8611155870019","Mason Rug - 110 Grey Mustard","2","https://cdn.shopify.com/s/files/1/0567/1377/3243/products/21331-a56b63e5-6df6-4952-85b6-1ec135740a8a.jpg?v=1684451734","/media/catalogue/27d15c703c503547.webp","processed original","125279"
"8611155870019","Mason Rug - 110 Grey Mustard","3","https://cdn.shopify.com/s/files/1/0567/1377/3243/products/21331-e6a6d91a-8b97-4af2-8642-26a268903f9f.jpg?v=1684451734","/media/catalogue/3c634045401c37a3.webp","processed original","0"
"8611155870019","Mason Rug - 110 Grey Mustard","4","https://cdn.shopify.com/s/files/1/0567/1377/3243/products/21331-fe2fef6c-c620-45b1-80a0-da271efaa00a.jpg?v=1684451734","/media/catalogue/ed2143c083fe1851.webp","processed original","751023"
"8611155870019","Mason Rug - 110 Grey Mustard","5","https://cdn.shopify.com/s/files/1/0567/1377/3243/products/21331-e1c9a508-5132-445b-a97d-9e971ab0bf98.jpg?v=1684451734","/media/catalogue/450fe6b29df394e2.webp","processed original","0"
"8611155870019","Mason Rug - 110 Grey Mustard","6","https://cdn.shopify.com/s/files/1/0567/1377/3243/products/21331-0edc27cd-b9d4-4866-80ad-2464f8a9bc5a.jpg?v=1684451734","/media/catalogue/1080db51c7637926.webp","processed original","0"
"8611155870019","Mason Rug - 110 Grey Mustard","7","https://cdn.shopify.com/s/files/1/0567/1377/3243/products/21331-89e3441b-a01b-4189-9070-ce7bb84fd63c.jpg?v=1684451734","/media/catalogue/e25d126665f1be5a.webp","processed original","0"
"8611155968323","Max Rug 671","1","https://cdn.shopify.com/s/files/1/0567/1377/3243/products/20487-0b1f1e79-a8cb-4a86-8d9a-90f3293b7168.jpg?v=1684451711","/media/catalogue/8a72a56a66a4a097.webp","processed original","0"
"8611155968323","Max Rug 671","2","https://cdn.shopify.com/s/files/1/0567/1377/3243/products/20487-87c7f81d-76db-44b8-82dc-59345201ca07.jpg?v=1684451711","/media/catalogue/06e09d1cc03ba9b5.webp","processed original","0"
"8611155968323","Max Rug 671","3","https://cdn.shopify.com/s/files/1/0567/1377/3243/products/20487-5ccc04d0-c7fb-45b9-b01e-a57e9073401e.jpg?v=1684451711","/media/catalogue/6360b49bf736de5c.webp","processed original","0"
"8611155968323","Max Rug 671","4","https://cdn.shopify.com/s/files/1/0567/1377/3243/products/20487-f61e048d-016b-4002-b84d-5a20a8dbf3c5.jpg?v=1684451711","/media/catalogue/7464baec70cc2be5.webp","processed original","0"
"8611155968323","Max Rug 671","5","https://cdn.shopify.com/s/files/1/0567/1377/3243/products/20487-a6e0c4f2-5187-4c48-b976-c15c5d1208cc.jpg?v=1684451711","/media/catalogue/bdb9aeae7f774508.webp","processed original","0"
"8611155968323","Max Rug 671","6","https://cdn.shopify.com/s/files/1/0567/1377/3243/products/20487-920031d9-d27c-4928-b500-3e2dea5791a0.jpg?v=1684451711","/media/catalogue/78225ac03a4c2169.webp","processed original","0"
"8611155968323","Max Rug 671","7","https://cdn.shopify.com/s/files/1/0567/1377/3243/products/20487-aeb93bd7-fd62-4b1f-8761-75418353c6d8.jpg?v=1684451711","/media/catalogue/5ec825e7dc418227.webp","processed original","0"
"8611156099395","Max Rug 791","1","https://cdn.shopify.com/s/files/1/0567/1377/3243/products/20488-fd486966-0874-4cc9-9413-f730a083ccc8.jpg?v=1684425848","/media/catalogue/19d07be21d2d94f6.webp","processed original","0"
"8611156099395","Max Rug 791","2","https://cdn.shopify.com/s/files/1/0567/1377/3243/products/20488-5b021ac0-5ed0-495b-87c4-7387fb7dd3cc.jpg?v=1684425848","/media/catalogue/f1e9747af9ba30b8.webp","processed original","0"
"8611156099395","Max Rug 791","3","https://cdn.shopify.com/s/files/1/0567/1377/3243/products/20488-9b88fc0b-5f08-4f1b-8f29-5796c0a85fb1.jpg?v=1684451659","/media/catalogue/b87c5202b6a8e347.webp","processed original","0"
"8611156099395","Max Rug 791","4","https://cdn.shopify.com/s/files/1/0567/1377/3243/products/20488-8a0e3dfa-4c1d-453f-832b-8fe358ce4519.jpg?v=1684451659","/media/catalogue/11d227633b00a183.webp","processed original","0"
"8611156099395","Max Rug 791","5","https://cdn.shopify.com/s/files/1/0567/1377/3243/products/20488-89a76eeb-9b78-42f4-aaab-0ebeeb0fe4c2.jpg?v=1684451659","/media/catalogue/a2159a783e5aca46.webp","processed original","0"
"8611156099395","Max Rug 791","6","https://cdn.shopify.com/s/files/1/0567/1377/3243/products/20488-976fdd0d-665c-4ca7-923d-a147ce51bc2c.jpg?v=1684451659","/media/catalogue/d90b619af82b825d.webp","processed original","0"
"8611156099395","Max Rug 791","7","https://cdn.shopify.com/s/files/1/0567/1377/3243/products/20488-1931bd8e-3221-4e8d-a0a6-d7a66c85cbcf.jpg?v=1684451659","/media/catalogue/5aeb7dcaee2fe32a.webp","processed original","0"
"8611156099395","Max Rug 791","8","https://cdn.shopify.com/s/files/1/0567/1377/3243/products/20488-33b3900d-19be-4344-be13-766f69bee6a4.jpg?v=1684451659","/media/catalogue/e0aeede3ed6093b1.webp","processed original","0"
"8611156099395","Max Rug 791","9","https://cdn.shopify.com/s/files/1/0567/1377/3243/products/20488-6b29c896-c3d3-40a3-928e-e995b3c84a43.jpg?v=1684451659","/media/catalogue/dd71ff4c3b8d9c89.webp","processed original","69103"
"8611156590915","Milo Rug - Beige 06","1","https://cdn.shopify.com/s/files/1/0567/1377/3243/products/21312-e41227e7-1632-44d6-a781-fa17775201c4.jpg?v=1684425910","/media/catalogue/8ff8c38a02979d5f.webp","processed original","0"
"8611156590915","Milo Rug - Beige 06","2","https://cdn.shopify.com/s/files/1/0567/1377/3243/products/21312-84ce152a-960a-46b3-a2a6-2f719543f512.jpg?v=1684425910","/media/catalogue/7c69e9ce1b19f080.webp","processed original","0"
"8611156590915","Milo Rug - Beige 06","3","https://cdn.shopify.com/s/files/1/0567/1377/3243/products/21312-195508ce-22fb-4347-8801-b9a75c2b59c6.jpg?v=1684425910","/media/catalogue/aa40fc59d00a3d49.webp","processed original","0"
"8611156590915","Milo Rug - Beige 06","4","https://cdn.shopify.com/s/files/1/0567/1377/3243/products/21312-d08d5743-5e34-4cc3-ae59-ab272c8e2de8.jpg?v=1684425910","/media/catalogue/abb0eeaa5fa1dd5d.webp","processed original","0"
"8611156656451","Milo Rug - Black 04","1","https://cdn.shopify.com/s/files/1/0567/1377/3243/products/21310-0e9264b3-fa3f-4dec-b62f-99c9ec759e00.jpg?v=1684452119","/media/catalogue/1c3c41e2157e30a7.webp","processed original","686534"
"8611156656451","Milo Rug - Black 04","2","https://cdn.shopify.com/s/files/1/0567/1377/3243/products/21310-d0acecff-2e3f-427e-863f-7158fc82d5e2.jpg?v=1684452119","/media/catalogue/1d099cd1c0dc7452.webp","processed original","0"
"8611156656451","Milo Rug - Black 04","3","https://cdn.shopify.com/s/files/1/0567/1377/3243/products/21310-c31c5d41-4922-4397-85d5-0448b98686f1.jpg?v=1684452119","/media/catalogue/c855f6287e2aafc5.webp","processed original","0"
"8611156656451","Milo Rug - Black 04","4","https://cdn.shopify.com/s/files/1/0567/1377/3243/products/21310-6d3b67dc-4243-4506-a245-8bd78f03d08b.jpg?v=1684452119","/media/catalogue/f9a01b4308f19cc9.webp","processed original","685699"
"8611156656451","Milo Rug - Black 04","5","https://cdn.shopify.com/s/files/1/0567/1377/3243/products/21310-f4f1fe8c-eab3-4464-a973-a95c6bdebc74.jpg?v=1684452119","/media/catalogue/39b2e3f432672f87.webp","processed original","110840"
"8611156656451","Milo Rug - Black 04","6","https://cdn.shopify.com/s/files/1/0567/1377/3243/products/21310-e980e37e-8435-4d10-a132-1fa6b576a8aa.jpg?v=1684452119","/media/catalogue/bf524595bd41cf4b.webp","processed original","0"
"8611156656451","Milo Rug - Black 04","7","https://cdn.shopify.com/s/files/1/0567/1377/3243/products/21310-407e84cc-f1da-4912-ad28-f481aac21e97.jpg?v=1684452119","/media/catalogue/868b057a4629e1d5.webp","processed original","0"
"8611156787523","Milo Rug - Grey 01","1","https://cdn.shopify.com/s/files/1/0567/1377/3243/products/21307-987cd9df-9dc4-4241-b465-787129e1bd1c.jpg?v=1684452084","/media/catalogue/c022e746a68ae83a.webp","processed original","721725"
"8611156787523","Milo Rug - Grey 01","2","https://cdn.shopify.com/s/files/1/0567/1377/3243/products/21307-5b6735d8-d61e-4aae-9cc6-85fd4832f746.jpg?v=1684452084","/media/catalogue/58a92bb140531f55.webp","processed original","0"
"8611156787523","Milo Rug - Grey 01","3","https://cdn.shopify.com/s/files/1/0567/1377/3243/products/21307-b12a8b2d-98f0-4a1d-8f4f-f6dbc0d8ebbd.jpg?v=1684452084","/media/catalogue/36475cbf89ef2dc3.webp","processed original","0"
"8611156787523","Milo Rug - Grey 01","4","https://cdn.shopify.com/s/files/1/0567/1377/3243/products/21307-fb8e5906-1912-4402-b2c4-084a89274f3a.jpg?v=1684452084","/media/catalogue/082f9a018a3350c5.webp","processed original","666094"
"8611156787523","Milo Rug - Grey 01","5","https://cdn.shopify.com/s/files/1/0567/1377/3243/products/21307-8933a9b1-a990-44df-ad4b-ebcad68ca77d.jpg?v=1684452084","/media/catalogue/6431a977762ae74f.webp","processed original","112449"
"8611156787523","Milo Rug - Grey 01","6","https://cdn.shopify.com/s/files/1/0567/1377/3243/products/21307-af7c7241-952d-4542-8893-b4998055f97f.jpg?v=1684452084","/media/catalogue/141dc9d7fd1d4dfb.webp","processed original","0"
"8611156787523","Milo Rug - Grey 01","7","https://cdn.shopify.com/s/files/1/0567/1377/3243/products/21307-c66a1fca-abeb-40fc-9af4-50ff7b881723.jpg?v=1684452084","/media/catalogue/59b4d600db3b3942.webp","processed original","0"
"8611156853059","Milo Rug - Mustard 05","1","https://cdn.shopify.com/s/files/1/0567/1377/3243/products/21311-3d756fc0-a317-4682-aa84-e382745cf723.jpg?v=1684452058","/media/catalogue/80a4b89774bf58c3.webp","processed original","691842"
"8611156853059","Milo Rug - Mustard 05","2","https://cdn.shopify.com/s/files/1/0567/1377/3243/products/21311-7a9bb22c-85ae-4cab-b4d3-199c3daeea48.jpg?v=1684452058","/media/catalogue/c459353392455945.webp","processed original","0"
"8611156853059","Milo Rug - Mustard 05","3","https://cdn.shopify.com/s/files/1/0567/1377/3243/products/21311-8ace436b-c97c-4c34-a30c-cedb3173d676.jpg?v=1684452058","/media/catalogue/cc04515a674c5185.webp","processed original","0"
"8611156853059","Milo Rug - Mustard 05","4","https://cdn.shopify.com/s/files/1/0567/1377/3243/products/21311-8c9c20e2-75e2-4135-a2cd-c3f32ef18cfe.jpg?v=1684452058","/media/catalogue/76129e0f714e46cc.webp","processed original","692686"
"8611156853059","Milo Rug - Mustard 05","5","https://cdn.shopify.com/s/files/1/0567/1377/3243/products/21311-a384065f-c0af-45fc-a220-b25767c0be41.jpg?v=1684452058","/media/catalogue/98e388d76af24bf2.webp","processed original","109062"
"8611156853059","Milo Rug - Mustard 05","6","https://cdn.shopify.com/s/files/1/0567/1377/3243/products/21311-630259a3-3980-410d-a054-b009f56313e2.jpg?v=1684452058","/media/catalogue/40c0159cb758d1dd.webp","processed original","0"
"8611156853059","Milo Rug - Mustard 05","7","https://cdn.shopify.com/s/files/1/0567/1377/3243/products/21311-7cf523b4-f8a8-4022-828b-430a0e236f07.jpg?v=1684452058","/media/catalogue/ef2f42e6df5a6a64.webp","processed original","0"
"8611156984131","Milo Rug - Navy 03","1","https://cdn.shopify.com/s/files/1/0567/1377/3243/products/21309-9c575b1f-52ea-4b48-b1d2-e36b0cbdb79a.jpg?v=1684452036","/media/catalogue/9fafb777b144ead8.webp","processed original","729380"
"8611156984131","Milo Rug - Navy 03","2","https://cdn.shopify.com/s/files/1/0567/1377/3243/products/21309-ae169a91-cd24-422d-8b8c-4d9d24ef335b.jpg?v=1684452036","/media/catalogue/4a40c3b0f128f3d5.webp","processed original","0"
"8611156984131","Milo Rug - Navy 03","3","https://cdn.shopify.com/s/files/1/0567/1377/3243/products/21309-8d8238ba-2fe1-4855-a67b-0bd27ff94dbd.jpg?v=1684452036","/media/catalogue/53ea6f4cf407f7c2.webp","processed original","0"
"8611156984131","Milo Rug - Navy 03","4","https://cdn.shopify.com/s/files/1/0567/1377/3243/products/21309-1ef191c7-552e-48b3-8636-540f4823738f.jpg?v=1684452036","/media/catalogue/159eb40efd1fc88b.webp","processed original","110005"
"8611156984131","Milo Rug - Navy 03","5","https://cdn.shopify.com/s/files/1/0567/1377/3243/products/21309-fbaa328f-00f2-4d27-a01e-7d002eb4a9b6.jpg?v=1684452036","/media/catalogue/b854ac0bfd88f6e4.webp","processed original","695842"
"8611156984131","Milo Rug - Navy 03","6","https://cdn.shopify.com/s/files/1/0567/1377/3243/products/21309-93d1dabc-722a-4f2e-98b0-34fe45fcad5b.jpg?v=1684452036","/media/catalogue/c26d96c9fdb22058.webp","processed original","0"
"8611156984131","Milo Rug - Navy 03","7","https://cdn.shopify.com/s/files/1/0567/1377/3243/products/21309-e1c78e35-3084-4f54-99c0-7682328ecfd3.jpg?v=1684452036","/media/catalogue/89b18e0e3bcd28d6.webp","processed original","0"
"8611157082435","Milo Rug - Salmon 02","1","https://cdn.shopify.com/s/files/1/0567/1377/3243/products/21308-3c967aff-85f1-48fe-877b-813f8e5e96d1.jpg?v=1684451996","/media/catalogue/69cc9921781520b2.webp","processed original","720715"
"8611157082435","Milo Rug - Salmon 02","2","https://cdn.shopify.com/s/files/1/0567/1377/3243/products/21308-3216b529-3a7c-45d5-aace-a33686f2322c.jpg?v=1684451996","/media/catalogue/139e25e5d6bb3563.webp","processed original","110153"
"8611157082435","Milo Rug - Salmon 02","3","https://cdn.shopify.com/s/files/1/0567/1377/3243/products/21308-70ca4b47-4efa-46d6-a198-e369d0d093a4.jpg?v=1684451996","/media/catalogue/1ae4765f0fabb526.webp","processed original","0"
"8611157082435","Milo Rug - Salmon 02","4","https://cdn.shopify.com/s/files/1/0567/1377/3243/products/21308-a078a1c9-c079-41a2-ae79-2889494f2136.jpg?v=1684451996","/media/catalogue/55783acd26ced45d.webp","processed original","661425"
"8611157082435","Milo Rug - Salmon 02","5","https://cdn.shopify.com/s/files/1/0567/1377/3243/products/21308-117ff995-1778-429a-b4f8-16b9d747b08b.jpg?v=1684451996","/media/catalogue/abb60b4c69f0db5e.webp","processed original","0"
"8611157082435","Milo Rug - Salmon 02","6","https://cdn.shopify.com/s/files/1/0567/1377/3243/products/21308-5ec948cf-8599-4ffa-99e6-4f9eb6195bc5.jpg?v=1684451996","/media/catalogue/141b1dbccae25d75.webp","processed original","0"
"8611157410115","Ottova Rug Red","1","https://cdn.shopify.com/s/files/1/0567/1377/3243/products/20498-b07438be-d02a-4df1-a984-c90ac8f2d2fe.jpg?v=1684451880","/media/catalogue/1309cb57ca5d526a.webp","processed original","0"
"8611157410115","Ottova Rug Red","2","https://cdn.shopify.com/s/files/1/0567/1377/3243/products/20498-245dc8f8-9f6c-4c5f-9116-30c4a7e5a960.jpg?v=1684451880","/media/catalogue/d05db677d6354d56.webp","processed original","0"
"8611157410115","Ottova Rug Red","3","https://cdn.shopify.com/s/files/1/0567/1377/3243/products/20498-7550dbd6-bf22-4526-87ba-97e1c85b12d6.jpg?v=1684451880","/media/catalogue/ce95f82e5e8c5652.webp","processed original","0"
"8611157410115","Ottova Rug Red","4","https://cdn.shopify.com/s/files/1/0567/1377/3243/products/20498-e19f3629-1f17-4fa6-96fb-23a20dfcf93c.jpg?v=1684451880","/media/catalogue/86800166e77eb12f.webp","processed original","0"
"8611157410115","Ottova Rug Red","5","https://cdn.shopify.com/s/files/1/0567/1377/3243/products/20498-f0603730-365e-4c5c-bbb8-db665d67bccb.jpg?v=1684451880","/media/catalogue/e61cf74440161d05.webp","processed original","0"
"8611157410115","Ottova Rug Red","6","https://cdn.shopify.com/s/files/1/0567/1377/3243/products/20498-a0d8d578-e685-4f5b-bbf0-c069966e1bb7.jpg?v=1684451880","/media/catalogue/a4f84f62714dc232.webp","processed original","0"
"8611157410115","Ottova Rug Red","7","https://cdn.shopify.com/s/files/1/0567/1377/3243/products/20498-6f0f6e7a-b655-43db-bbfa-cdfd6300ad14.jpg?v=1684451880","/media/catalogue/7e716d65052bca5f.webp","processed original","0"
"8611157410115","Ottova Rug Red","8","https://cdn.shopify.com/s/files/1/0567/1377/3243/products/20498-d34fb92c-419c-4718-9d47-9584ea1ad911.jpg?v=1684451880","/media/catalogue/1dd53b3d14bfd3e0.webp","processed original","0"
"8611157705027","Pluton Rug - Black Grey","1","https://cdn.shopify.com/s/files/1/0567/1377/3243/products/21355-e59303b9-92ca-4d60-817b-26a287fdebde.jpg?v=1684452383","/media/catalogue/9ff100dd7fb1181a.webp","processed original","0"
"8611157705027","Pluton Rug - Black Grey","2","https://cdn.shopify.com/s/files/1/0567/1377/3243/products/21355-6c98fc50-4dab-4ecd-807b-dec762a80e3b.jpg?v=1684452383","/media/catalogue/4c2bd17fb45bff63.webp","processed original","0"
"8611157705027","Pluton Rug - Black Grey","3","https://cdn.shopify.com/s/files/1/0567/1377/3243/products/21355-253e0328-618d-4d6e-a5dd-203153233a13.jpg?v=1684452383","/media/catalogue/279781ca432db9ec.webp","processed original","0"
"8611157705027","Pluton Rug - Black Grey","4","https://cdn.shopify.com/s/files/1/0567/1377/3243/products/21355-b446b247-1283-42d5-bfe5-1b5177d0ceae.jpg?v=1684452383","/media/catalogue/32cbf401d735b6a3.webp","processed original","0"
"8611157705027","Pluton Rug - Black Grey","5","https://cdn.shopify.com/s/files/1/0567/1377/3243/products/21355-fc9be263-5675-4eff-bdde-232ea72712af.jpg?v=1684452383","/media/catalogue/0d8cd114144f79fd.webp","processed original","0"
"8611157934403","Pluton Rug - Beige Brown","1","https://cdn.shopify.com/s/files/1/0567/1377/3243/products/21358-4743525b-07a5-49e0-991d-30663eefdac8.jpg?v=1684452408","/media/catalogue/8b9bda284b41f387.webp","processed original","0"
"8611157934403","Pluton Rug - Beige Brown","2","https://cdn.shopify.com/s/files/1/0567/1377/3243/products/21358-dc1e467a-6ebb-4720-8835-8c3ae4fa1b0b.jpg?v=1684452408","/media/catalogue/d6ef8ac9515cd33f.webp","processed original","0"
"8611157934403","Pluton Rug - Beige Brown","3","https://cdn.shopify.com/s/files/1/0567/1377/3243/products/21358-fd6a7c9b-8233-43d8-bcef-af7cc0e67d11.jpg?v=1684452408","/media/catalogue/f0d6fd385f224b5b.webp","processed original","0"
"8611157934403","Pluton Rug - Beige Brown","4","https://cdn.shopify.com/s/files/1/0567/1377/3243/products/21358-704ec12c-7609-4993-952d-ef910393bec8.jpg?v=1684452408","/media/catalogue/462f69633b06dbf1.webp","processed original","0"
"8611157934403","Pluton Rug - Beige Brown","5","https://cdn.shopify.com/s/files/1/0567/1377/3243/products/21358-dfa32b9d-146f-42d4-8973-bf5d8ff4d7c3.jpg?v=1684452408","/media/catalogue/81399c6d78e97c0c.webp","processed original","0"
"8611158131011","Pluton Rug - Grey Gold","1","https://cdn.shopify.com/s/files/1/0567/1377/3243/products/21357-2b39da15-d568-4e38-a380-7369cefda3e0.jpg?v=1684452365","/media/catalogue/eb9ee3d79522e8a7.webp","processed original","0"
"8611158131011","Pluton Rug - Grey Gold","2","https://cdn.shopify.com/s/files/1/0567/1377/3243/products/21357-187890e7-3d80-4959-b594-53f4fe20a1f3.jpg?v=1684452365","/media/catalogue/6be17ad36b99f6ef.webp","processed original","0"
"8611158131011","Pluton Rug - Grey Gold","3","https://cdn.shopify.com/s/files/1/0567/1377/3243/products/21357-9408113e-7462-45c1-9cac-c6f2b46155d2.jpg?v=1684452365","/media/catalogue/eac4901016142b23.webp","processed original","0"
"8611158131011","Pluton Rug - Grey Gold","4","https://cdn.shopify.com/s/files/1/0567/1377/3243/products/21357-5e304313-9646-4d7a-aa2c-e34319384dc7.jpg?v=1684452365","/media/catalogue/088e024dc58dbe33.webp","processed original","0"
"8611158131011","Pluton Rug - Grey Gold","5","https://cdn.shopify.com/s/files/1/0567/1377/3243/products/21357-613aa0b6-62ae-422c-b79a-0410effeeb4c.jpg?v=1684452365","/media/catalogue/6750bab0b7d81dbf.webp","processed original","0"
"8611158327619","Pluton Rug - Grey Red","1","https://cdn.shopify.com/s/files/1/0567/1377/3243/products/21356-d1c10eef-a63c-49e2-b8ef-aafcdd155537.jpg?v=1684452348","/media/catalogue/146848bf8b54eba9.webp","processed original","0"
"8611158327619","Pluton Rug - Grey Red","2","https://cdn.shopify.com/s/files/1/0567/1377/3243/products/21356-d179b1a1-a0a0-4833-8301-7ea6f52932ed.jpg?v=1684452348","/media/catalogue/2992c717234f2dc9.webp","processed original","0"
"8611158327619","Pluton Rug - Grey Red","3","https://cdn.shopify.com/s/files/1/0567/1377/3243/products/21356-67cddf01-e4f3-4351-b3a1-08d098668ca5.jpg?v=1684452348","/media/catalogue/8b3134d635b094a7.webp","processed original","0"
"8611158327619","Pluton Rug - Grey Red","4","https://cdn.shopify.com/s/files/1/0567/1377/3243/products/21356-0398afe9-bbcd-492b-a3f1-54aa95933a0d.jpg?v=1684452348","/media/catalogue/6ca679d2e63bc1ee.webp","processed original","0"
"8611158327619","Pluton Rug - Grey Red","5","https://cdn.shopify.com/s/files/1/0567/1377/3243/products/21356-ba759673-5b77-43cd-bac5-a0a1bcc89e17.jpg?v=1684452348","/media/catalogue/3b397f8a9cd7dece.webp","processed original","0"
"8611158524227","Prada Aquamarine Rug","1","https://cdn.shopify.com/s/files/1/0567/1377/3243/products/20502-b591ac7a-269b-44ee-85ca-a808e6f4b777.jpg?v=1684452330","/media/catalogue/3b523e8eff1f3cfe.webp","processed original","0"
"8611158524227","Prada Aquamarine Rug","2","https://cdn.shopify.com/s/files/1/0567/1377/3243/products/20502-b27e6659-7f17-4ebc-8a00-a1bec01b98d7.jpg?v=1684452330","/media/catalogue/dab12ff59b8f5249.webp","processed original","0"
"8611158524227","Prada Aquamarine Rug","3","https://cdn.shopify.com/s/files/1/0567/1377/3243/products/20502-66db43eb-302b-4e37-97e8-983b2f796957.jpg?v=1684452330","/media/catalogue/2a5443e4a1bcd3e3.webp","processed original","0"
"8611158524227","Prada Aquamarine Rug","4","https://cdn.shopify.com/s/files/1/0567/1377/3243/products/20502-343a5af4-6db8-4415-ac7a-e68c80bafd06.jpg?v=1684452330","/media/catalogue/2a3e8df9056cfd6c.webp","processed original","0"
"8611158524227","Prada Aquamarine Rug","5","https://cdn.shopify.com/s/files/1/0567/1377/3243/products/20502-d3fcc98d-5520-4eb3-86f6-31bfbca844ce.jpg?v=1684452330","/media/catalogue/0dd3e6de535395e9.webp","processed original","0"
"8611158524227","Prada Aquamarine Rug","6","https://cdn.shopify.com/s/files/1/0567/1377/3243/products/20502-249e5864-7a31-4d30-98e6-f34f54f6b74b.jpg?v=1684452330","/media/catalogue/dcc2ce2c40574861.webp","processed original","0"
"8611159114051","Prada Coral Rug","1","https://cdn.shopify.com/s/files/1/0567/1377/3243/products/20503-2a54d32d-5d4d-42e6-a88c-fbadc6f162bc.jpg?v=1684452305","/media/catalogue/b14cf165aef277b1.webp","processed original","0"
"8611159114051","Prada Coral Rug","2","https://cdn.shopify.com/s/files/1/0567/1377/3243/products/20503-49794a7f-6ec9-4b76-bdcd-f0e97facca79.jpg?v=1684452305","/media/catalogue/7166ca8d8666c149.webp","processed original","0"
"8611159114051","Prada Coral Rug","3","https://cdn.shopify.com/s/files/1/0567/1377/3243/products/20503-aebcff05-0631-460a-970b-2527592705ac.jpg?v=1684452305","/media/catalogue/2115b366ea9bcc90.webp","processed original","0"
"8611159114051","Prada Coral Rug","4","https://cdn.shopify.com/s/files/1/0567/1377/3243/products/20503-cd01fbb4-46c1-46ff-ae1e-78da599fa08c.jpg?v=1684452305","/media/catalogue/b91941370f04ccb4.webp","processed original","0"
"8611159114051","Prada Coral Rug","5","https://cdn.shopify.com/s/files/1/0567/1377/3243/products/20503-c6e01a5e-addd-44ae-9b79-1cf316bdd9e8.jpg?v=1684452305","/media/catalogue/3da9aa4df512f97c.webp","processed original","0"
"8611159114051","Prada Coral Rug","6","https://cdn.shopify.com/s/files/1/0567/1377/3243/products/20503-2ad415be-5bdc-40f8-b233-7e88d9517821.jpg?v=1684452305","/media/catalogue/5c339d0bb43a8358.webp","processed original","0"
"8611159114051","Prada Coral Rug","7","https://cdn.shopify.com/s/files/1/0567/1377/3243/products/20503-3dace32d-9783-4e00-a166-8acedc46ae3b.jpg?v=1684452305","/media/catalogue/0485a60215e41a92.webp","processed original","0"
"8611159114051","Prada Coral Rug","8","https://cdn.shopify.com/s/files/1/0567/1377/3243/products/20503-91a3f8a9-b01a-432f-ae63-9f2104d1e911.jpg?v=1684452305","/media/catalogue/cb67186cc2abfb0b.webp","processed original","0"
"8611159507267","Prada Cream Rug","1","https://cdn.shopify.com/s/files/1/0567/1377/3243/products/20504-dd6dea00-8480-46f5-aed6-cf4f1c078721.jpg?v=1684452289","/media/catalogue/c8181ac1cad459fe.webp","processed original","0"
"8611159507267","Prada Cream Rug","2","https://cdn.shopify.com/s/files/1/0567/1377/3243/products/20504-11047a6d-64be-45d4-be02-71266965d58e.jpg?v=1684452289","/media/catalogue/c76f8b4e6aba2499.webp","processed original","0"
"8611159507267","Prada Cream Rug","3","https://cdn.shopify.com/s/files/1/0567/1377/3243/products/20504-9e03ed4c-368d-423f-8c2d-8fc014d7276c.jpg?v=1684452289","/media/catalogue/0a773da91dc43137.webp","processed original","0"
"8611159507267","Prada Cream Rug","4","https://cdn.shopify.com/s/files/1/0567/1377/3243/products/20504-78935cb9-3acc-4533-b603-77ea2556a099.jpg?v=1684452289","/media/catalogue/9e7052adad6b8e50.webp","processed original","0"
"8611159507267","Prada Cream Rug","5","https://cdn.shopify.com/s/files/1/0567/1377/3243/products/20504-5c09522b-fd6a-4dbe-beab-de875d75d331.jpg?v=1684452289","/media/catalogue/f0354d8308a84079.webp","processed original","0"
"8611159507267","Prada Cream Rug","6","https://cdn.shopify.com/s/files/1/0567/1377/3243/products/20504-3320fc74-91d9-4b76-9e69-b82dde754f93.jpg?v=1684452289","/media/catalogue/20c4aa0593c2fd1f.webp","processed original","0"
"8611159507267","Prada Cream Rug","7","https://cdn.shopify.com/s/files/1/0567/1377/3243/products/20504-26114a00-4a12-42e0-b844-5253b40e8cba.jpg?v=1684452289","/media/catalogue/7545696f4cef7ce9.webp","processed original","0"
"8611159769411","Prada Grey Rug","1","https://cdn.shopify.com/s/files/1/0567/1377/3243/products/20506-1a682e18-2989-448a-a526-ed78dfcd1cc5.jpg?v=1684452241","/media/catalogue/de1f6d2e182b0d1e.webp","processed original","0"
"8611159769411","Prada Grey Rug","2","https://cdn.shopify.com/s/files/1/0567/1377/3243/products/20506-8bd53b66-f1fd-4001-a92a-974357f825bb.jpg?v=1684452241","/media/catalogue/a330188fb3d51cd9.webp","processed original","0"
"8611159769411","Prada Grey Rug","3","https://cdn.shopify.com/s/files/1/0567/1377/3243/products/20506-6dd4bba4-2656-4fcd-95dc-c1a6261184be.jpg?v=1684452241","/media/catalogue/4d080abf3fcc9c41.webp","processed original","0"
"8611159769411","Prada Grey Rug","4","https://cdn.shopify.com/s/files/1/0567/1377/3243/products/20506-55f972c6-686a-4d10-b80e-db6be3e0b34a.jpg?v=1684452241","/media/catalogue/8f44651c77f28328.webp","processed original","0"
"8611159769411","Prada Grey Rug","5","https://cdn.shopify.com/s/files/1/0567/1377/3243/products/20506-791cda0c-e3fc-4ed0-a8e7-2c272b26e150.jpg?v=1684452241","/media/catalogue/b53963c9f656a604.webp","processed original","0"
"8611159769411","Prada Grey Rug","6","https://cdn.shopify.com/s/files/1/0567/1377/3243/products/20506-4dde81e5-d35e-4c00-adf4-3d1c46ebb7b8.jpg?v=1684452241","/media/catalogue/e4f9b06918cc1b1a.webp","processed original","0"
"8611159769411","Prada Grey Rug","7","https://cdn.shopify.com/s/files/1/0567/1377/3243/products/20506-3e4444f0-bc8b-47a1-a4e2-5bacbee7aa45.jpg?v=1684452241","/media/catalogue/ff468a55128e88f8.webp","processed original","0"
"8611159769411","Prada Grey Rug","8","https://cdn.shopify.com/s/files/1/0567/1377/3243/products/20506-efae722f-aae7-4bbf-847f-4dc81ae86a31.jpg?v=1684452241","/media/catalogue/9868d5245f4b48ac.webp","processed original","0"
"8611159966019","Prada Mink Rug","1","https://cdn.shopify.com/s/files/1/0567/1377/3243/products/20507-7c7229eb-2449-433d-b82f-2004f4c0af4f.jpg?v=1684452204","/media/catalogue/6891245d96b5ad9c.webp","processed original","0"
"8611159966019","Prada Mink Rug","2","https://cdn.shopify.com/s/files/1/0567/1377/3243/products/20507-f737948a-12be-4e43-afbd-b1518550a9c8.jpg?v=1684452204","/media/catalogue/f0e7d006d0a32688.webp","processed original","0"
"8611159966019","Prada Mink Rug","3","https://cdn.shopify.com/s/files/1/0567/1377/3243/products/20507-a8d893ab-a2e6-4b03-b76a-22dcf694663e.jpg?v=1684452204","/media/catalogue/a99d7fa06c006dc2.webp","processed original","0"
"8611159966019","Prada Mink Rug","4","https://cdn.shopify.com/s/files/1/0567/1377/3243/products/20507-c93bade7-e160-4005-acb5-2ea98bf4e179.jpg?v=1684452204","/media/catalogue/9b4a023ed71f74c5.webp","processed original","0"
"8611159966019","Prada Mink Rug","5","https://cdn.shopify.com/s/files/1/0567/1377/3243/products/20507-ca05a6ee-2c68-4164-8fc9-9afb3dc4ce14.jpg?v=1684452204","/media/catalogue/556870d83a02e103.webp","processed original","0"
"8611160129859","Prada Red Rug","1","https://cdn.shopify.com/s/files/1/0567/1377/3243/products/20508-4311f439-5a65-4089-8e5c-b66b1118448b.jpg?v=1684452756","/media/catalogue/eacfba118927bda1.webp","processed original","0"
"8611160129859","Prada Red Rug","2","https://cdn.shopify.com/s/files/1/0567/1377/3243/products/20508-9448d6f7-9456-476c-aa0d-d0912589b4e7.jpg?v=1684452756","/media/catalogue/627a7553eaffcc63.webp","processed original","0"
"8611160129859","Prada Red Rug","3","https://cdn.shopify.com/s/files/1/0567/1377/3243/products/20508-7dded023-b802-47e3-8f7c-b5055ba553d7.jpg?v=1684452756","/media/catalogue/62264f3b195119e0.webp","processed original","0"
"8611160129859","Prada Red Rug","4","https://cdn.shopify.com/s/files/1/0567/1377/3243/products/20508-27ada8ac-2ba5-4169-8a8d-54a62d724ead.jpg?v=1684452756","/media/catalogue/d63727d0243353ea.webp","processed original","0"
"8611160129859","Prada Red Rug","5","https://cdn.shopify.com/s/files/1/0567/1377/3243/products/20508-506e7ca5-6641-4294-bd2b-dd6a5a6c0b32.jpg?v=1684452756","/media/catalogue/053a15239f09ec01.webp","processed original","0"
"8611160129859","Prada Red Rug","6","https://cdn.shopify.com/s/files/1/0567/1377/3243/products/20508-6d4c9bd9-9b7c-4d83-b495-9898c94ec80c.jpg?v=1684452756","/media/catalogue/8df4da698c8a307e.webp","processed original","0"
"8611160129859","Prada Red Rug","7","https://cdn.shopify.com/s/files/1/0567/1377/3243/products/20508-12f8fa71-76c9-4a39-93da-735389239ad8.jpg?v=1684452756","/media/catalogue/596018dc2ca1432f.webp","processed original","0"
"8611160129859","Prada Red Rug","8","https://cdn.shopify.com/s/files/1/0567/1377/3243/products/20508-e3aa7fc6-3394-47de-8727-5feedc74d7e4.jpg?v=1684452756","/media/catalogue/4bd5cb0e12086ce4.webp","processed original","0"
"8611160228163","Prada Silver Rug","1","https://cdn.shopify.com/s/files/1/0567/1377/3243/products/20509-c7856896-a569-40d7-82c1-9928d42e7ffd.jpg?v=1684452734","/media/catalogue/97eb557d972856c2.webp","processed original","0"
"8611160228163","Prada Silver Rug","2","https://cdn.shopify.com/s/files/1/0567/1377/3243/products/20509-33eea32a-0930-45e9-845b-e767e9dfc1ad.jpg?v=1684452734","/media/catalogue/9a2c6ba04d10af54.webp","processed original","0"
"8611160228163","Prada Silver Rug","3","https://cdn.shopify.com/s/files/1/0567/1377/3243/products/20509-8526ea7f-adfe-4ff7-b495-a98c68d2b719.jpg?v=1684452734","/media/catalogue/e3ed2e8d04c6171b.webp","processed original","0"
"8611160228163","Prada Silver Rug","4","https://cdn.shopify.com/s/files/1/0567/1377/3243/products/20509-e6aa1198-e802-48aa-bde1-878b2024c688.jpg?v=1684452734","/media/catalogue/9e6e1c358a9e67f9.webp","processed original","0"
"8611160228163","Prada Silver Rug","5","https://cdn.shopify.com/s/files/1/0567/1377/3243/products/20509-d2e5d683-8428-4751-ba28-0588bc65752a.jpg?v=1684452734","/media/catalogue/50b99ae34240498f.webp","processed original","0"
"8611160228163","Prada Silver Rug","6","https://cdn.shopify.com/s/files/1/0567/1377/3243/products/20509-ed75a05e-6e39-4c4f-bac4-0f25715b367b.jpg?v=1684452734","/media/catalogue/4bfe00d345554705.webp","processed original","0"
"8611160588611","Primrose Rug Beige-Brown","1","https://cdn.shopify.com/s/files/1/0567/1377/3243/products/20511-cd51ab27-dbbf-41b4-980e-f95f844ac2e2.jpg?v=1684426220","/media/catalogue/88cc3d2d11f355a6.webp","processed original","0"
"8611160588611","Primrose Rug Beige-Brown","2","https://cdn.shopify.com/s/files/1/0567/1377/3243/products/20511-51ccf9df-0af0-4aa1-a342-492c43862373.jpg?v=1684452672","/media/catalogue/2d1f1a06b2b1ecd9.webp","processed original","0"
"8611160588611","Primrose Rug Beige-Brown","3","https://cdn.shopify.com/s/files/1/0567/1377/3243/products/20511-a0d1b2bc-44c6-4d7f-98e6-18230e7fa4e4.jpg?v=1684452672","/media/catalogue/3b02000a07d4635b.webp","processed original","0"
"8611160588611","Primrose Rug Beige-Brown","4","https://cdn.shopify.com/s/files/1/0567/1377/3243/products/20511-61ecc09f-31f5-46e2-a976-96ea971cc516.jpg?v=1684452672","/media/catalogue/fe417e03d1b80bab.webp","processed original","0"
"8611160588611","Primrose Rug Beige-Brown","5","https://cdn.shopify.com/s/files/1/0567/1377/3243/products/20511-f6672ce6-7547-447d-9469-050f97e21cc2.jpg?v=1684452672","/media/catalogue/1c98752bc0ade822.webp","processed original","0"
"8611160588611","Primrose Rug Beige-Brown","6","https://cdn.shopify.com/s/files/1/0567/1377/3243/products/20511-60b1491c-9d45-4d21-9e59-0c2caa1b3662.jpg?v=1684452672","/media/catalogue/58c0a27439e3dccc.webp","processed original","0"
"8611160588611","Primrose Rug Beige-Brown","7","https://cdn.shopify.com/s/files/1/0567/1377/3243/products/20511-e8ccdd43-4681-4d36-a941-a82fdf3d0acb.jpg?v=1684452672","/media/catalogue/0f153dab6258fa2e.webp","processed original","0"
"8611160588611","Primrose Rug Beige-Brown","8","https://cdn.shopify.com/s/files/1/0567/1377/3243/products/20511-4afd475e-c74a-42fa-8933-a7dc899972c6.jpg?v=1684452672","/media/catalogue/98a2972a16b0f884.webp","processed original","0"
"8611160883523","Primrose Rug Choc-Red","1","https://cdn.shopify.com/s/files/1/0567/1377/3243/products/20513-63a6714f-369a-4f58-91b6-6e3ecfd738aa.jpg?v=1684426251","/media/catalogue/6706b21055eb2112.webp","processed original","0"
"8611160883523","Primrose Rug Choc-Red","2","https://cdn.shopify.com/s/files/1/0567/1377/3243/products/20513-674ae6f7-c1fc-4c6c-8553-9ea6ee4cfd09.jpg?v=1684452594","/media/catalogue/3557c8f313b944e6.webp","processed original","0"
"8611160883523","Primrose Rug Choc-Red","3","https://cdn.shopify.com/s/files/1/0567/1377/3243/products/20513-85cdfd41-4e8f-435c-8018-fc1768e83da0.jpg?v=1684452594","/media/catalogue/6a3d91454bb7a878.webp","processed original","0"
"8611160883523","Primrose Rug Choc-Red","4","https://cdn.shopify.com/s/files/1/0567/1377/3243/products/20513-aa13381d-6d3c-4299-833a-385213781252.jpg?v=1684452594","/media/catalogue/fec469960af0025a.webp","processed original","0"
"8611160883523","Primrose Rug Choc-Red","5","https://cdn.shopify.com/s/files/1/0567/1377/3243/products/20513-5070f5b6-c444-49b2-a7c5-c638e598278a.jpg?v=1684452594","/media/catalogue/051e2a52fb740f18.webp","processed original","0"
"8611160883523","Primrose Rug Choc-Red","6","https://cdn.shopify.com/s/files/1/0567/1377/3243/products/20513-cb17ec02-c7d8-455f-a36f-5156fc3f7fcd.jpg?v=1684452594","/media/catalogue/b0e3d19f14d49756.webp","processed original","0"
"8611160883523","Primrose Rug Choc-Red","7","https://cdn.shopify.com/s/files/1/0567/1377/3243/products/20513-90ec8734-0bf6-4f19-a626-2085ee25bf24.jpg?v=1684452594","/media/catalogue/29c8dac51eef672a.webp","processed original","0"
"8611160883523","Primrose Rug Choc-Red","8","https://cdn.shopify.com/s/files/1/0567/1377/3243/products/20513-948a46ba-2ea5-46be-9819-0d763462544e.jpg?v=1684452594","/media/catalogue/9a4bfad6b8d25adc.webp","processed original","0"
"8611161604419","Saturn Rug - Beige Brown","1","https://cdn.shopify.com/s/files/1/0567/1377/3243/products/21362-1ae70087-0813-4d60-b3ed-774ff06e2842.jpg?v=1684453060","/media/catalogue/67797f7e80ac14e7.webp","processed original","0"
"8611161604419","Saturn Rug - Beige Brown","2","https://cdn.shopify.com/s/files/1/0567/1377/3243/products/21362-7eab7177-f0d2-46a1-8c71-4f873efa546f.jpg?v=1684453060","/media/catalogue/40d1bb3a5c7353bb.webp","processed original","0"
"8611161604419","Saturn Rug - Beige Brown","3","https://cdn.shopify.com/s/files/1/0567/1377/3243/products/21362-8d49d9ee-2d6c-4da2-bad9-6b859453e7f1.jpg?v=1684453060","/media/catalogue/251b915aa726bfc3.webp","processed original","0"
"8611161604419","Saturn Rug - Beige Brown","4","https://cdn.shopify.com/s/files/1/0567/1377/3243/products/21362-adba72f8-b177-4cbe-a92d-8c6afd8e3954.jpg?v=1684453060","/media/catalogue/d1a29b19751edd38.webp","processed original","0"
"8611161604419","Saturn Rug - Beige Brown","5","https://cdn.shopify.com/s/files/1/0567/1377/3243/products/21362-72de6f95-433f-49ef-b969-761b7e24dbd3.jpg?v=1684453060","/media/catalogue/25b749b46cfe6c4a.webp","processed original","0"
"8611161833795","Saturn Rug - Black Grey","1","https://cdn.shopify.com/s/files/1/0567/1377/3243/products/21359-14103cd2-779c-4ebe-8139-5ef4037cd6fc.jpg?v=1684453047","/media/catalogue/669120f0d3439af8.webp","processed original","0"
"8611161833795","Saturn Rug - Black Grey","2","https://cdn.shopify.com/s/files/1/0567/1377/3243/products/21359-76153fb4-c688-4044-887f-338769ad035c.jpg?v=1684453047","/media/catalogue/b560344a08af3796.webp","processed original","0"
"8611161833795","Saturn Rug - Black Grey","3","https://cdn.shopify.com/s/files/1/0567/1377/3243/products/21359-3d71da2a-e59b-483d-aaa4-0b8556d56068.jpg?v=1684453047","/media/catalogue/b4dcbb12872e719f.webp","processed original","0"
"8611161833795","Saturn Rug - Black Grey","4","https://cdn.shopify.com/s/files/1/0567/1377/3243/products/21359-80883af9-a727-4579-9c87-23a9fc7373d0.jpg?v=1684453047","/media/catalogue/f1f1608e1fe16970.webp","processed original","0"
"8611161833795","Saturn Rug - Black Grey","5","https://cdn.shopify.com/s/files/1/0567/1377/3243/products/21359-bdef5b55-f658-4490-81af-14ea55ef2af0.jpg?v=1684453047","/media/catalogue/fbd6026fc92b4000.webp","processed original","0"
"8611162095939","Saturn Rug - Grey Gold","1","https://cdn.shopify.com/s/files/1/0567/1377/3243/products/21360-2f2f2aa6-0b6d-4c4b-856b-9bf698421351.jpg?v=1684453024","/media/catalogue/849799097008e1aa.webp","processed original","0"
"8611162095939","Saturn Rug - Grey Gold","2","https://cdn.shopify.com/s/files/1/0567/1377/3243/products/21360-63cfa5f9-65b0-4009-b2ac-f1688267d213.jpg?v=1684453024","/media/catalogue/9c8d5c66ccd82e1e.webp","processed original","0"
"8611162095939","Saturn Rug - Grey Gold","3","https://cdn.shopify.com/s/files/1/0567/1377/3243/products/21360-c4d8fc2a-c24b-46cd-a9b1-b7dd070e1649.jpg?v=1684453024","/media/catalogue/786039262524b1f7.webp","processed original","0"
"8611162095939","Saturn Rug - Grey Gold","4","https://cdn.shopify.com/s/files/1/0567/1377/3243/products/21360-397c85cd-e822-4855-b5a7-9a0b877ed832.jpg?v=1684453024","/media/catalogue/d9f11600803fba16.webp","processed original","0"
"8611162095939","Saturn Rug - Grey Gold","5","https://cdn.shopify.com/s/files/1/0567/1377/3243/products/21360-5ce7527c-cd30-4f65-a4b4-736292be0229.jpg?v=1684453024","/media/catalogue/3a07ad2ab199185f.webp","processed original","0"
"8611162292547","Saturn Rug - Grey Red","1","https://cdn.shopify.com/s/files/1/0567/1377/3243/products/21361-1185c4b2-54ba-4a2a-9efa-9d6ec0931f94.jpg?v=1684452998","/media/catalogue/ec6475d0632be3c0.webp","processed original","0"
"8611162292547","Saturn Rug - Grey Red","2","https://cdn.shopify.com/s/files/1/0567/1377/3243/products/21361-42331f10-c706-42f6-ac49-c5d0bf534f61.jpg?v=1684452998","/media/catalogue/b862000cf0e64aa7.webp","processed original","0"
"8611162292547","Saturn Rug - Grey Red","3","https://cdn.shopify.com/s/files/1/0567/1377/3243/products/21361-a48d5b06-e6de-403a-8767-4846b2ad5bf3.jpg?v=1684452998","/media/catalogue/ae45435c324d5a10.webp","processed original","0"
"8611162292547","Saturn Rug - Grey Red","4","https://cdn.shopify.com/s/files/1/0567/1377/3243/products/21361-ae03b699-e6c0-47d5-af23-0a862e37e49d.jpg?v=1684452998","/media/catalogue/1e7db4feea7088ff.webp","processed original","0"
"8611162292547","Saturn Rug - Grey Red","5","https://cdn.shopify.com/s/files/1/0567/1377/3243/products/21361-c254d3df-1a79-4fd8-acb5-a2b738d66d32.jpg?v=1684452998","/media/catalogue/36d05fa3df6f6dd8.webp","processed original","0"
"8611164127555","Skye Rug 242","1","https://cdn.shopify.com/s/files/1/0567/1377/3243/products/20529-7962bdeb-0cbf-47e6-b715-75fb70b4971d.jpg?v=1684452842","/media/catalogue/caabda30d4595dae.webp","processed original","35923"
"8611164127555","Skye Rug 242","2","https://cdn.shopify.com/s/files/1/0567/1377/3243/products/20529-634acc73-a6e8-4b02-9399-50d63f1ec269.jpg?v=1684452842","/media/catalogue/f22c9bc44edc2c32.webp","processed original","0"
"8611164127555","Skye Rug 242","3","https://cdn.shopify.com/s/files/1/0567/1377/3243/products/20529-9acee43a-301b-444c-981a-f9a4ea96b49a.jpg?v=1684452842","/media/catalogue/14db3f5e2638e761.webp","processed original","0"
"8611164127555","Skye Rug 242","4","https://cdn.shopify.com/s/files/1/0567/1377/3243/products/20529-a5fbae34-5892-4095-a212-ffba0ba7334b.jpg?v=1684452842","/media/catalogue/f67ed4b8ad30ce1a.webp","processed original","0"
"8611164127555","Skye Rug 242","5","https://cdn.shopify.com/s/files/1/0567/1377/3243/products/20529-ed8b08b7-46bd-44a0-a3f6-2cc8b14d731a.jpg?v=1684452842","/media/catalogue/2845d5ae811c8bde.webp","processed original","0"
"8611164127555","Skye Rug 242","6","https://cdn.shopify.com/s/files/1/0567/1377/3243/products/20529-685c80e0-e1d6-4f54-b434-47364f86c3f7.jpg?v=1684452842","/media/catalogue/091b335d7b076b19.webp","processed original","0"
"8611164127555","Skye Rug 242","7","https://cdn.shopify.com/s/files/1/0567/1377/3243/products/20529-4db9b747-78e5-4106-be9e-3cd11d1865ab.jpg?v=1684452842","/media/catalogue/6359debc40537c1e.webp","processed original","0"
"8611164127555","Skye Rug 242","8","https://cdn.shopify.com/s/files/1/0567/1377/3243/products/20529-fe9e3bfe-24a0-41a7-909b-14011a81c277.jpg?v=1684452842","/media/catalogue/8f51948ab059e197.webp","processed original","0"
"8611164127555","Skye Rug 242","9","https://cdn.shopify.com/s/files/1/0567/1377/3243/products/20529-11760033-c120-4fab-97b3-a1ac94270e4e.jpg?v=1684452842","/media/catalogue/125613affe0e3632.webp","processed original","0"
"8611164258627","Storm Rug 752","1","https://cdn.shopify.com/s/files/1/0567/1377/3243/products/20533-aa84d755-f0fc-407d-9448-2c9addc1b22f.jpg?v=1684453317","/media/catalogue/37b5b90f3f6af344.webp","processed original","53598"
"8611164258627","Storm Rug 752","2","https://cdn.shopify.com/s/files/1/0567/1377/3243/products/20533-66035097-6c23-480e-82e9-5ef5a1350bc0.jpg?v=1684453317","/media/catalogue/229c4a9bd869422a.webp","processed original","0"
"8611164258627","Storm Rug 752","3","https://cdn.shopify.com/s/files/1/0567/1377/3243/products/20533-9b72efd9-d7e4-461c-9d26-b46f9ed21e42.jpg?v=1684453317","/media/catalogue/2b8c8503a1830ac6.webp","processed original","0"
"8611164258627","Storm Rug 752","4","https://cdn.shopify.com/s/files/1/0567/1377/3243/products/20533-ad8abee7-6fa9-48cf-befc-a8fe731c414f.jpg?v=1684453317","/media/catalogue/ba7ff241fa9dbdec.webp","processed original","0"
"8611164258627","Storm Rug 752","5","https://cdn.shopify.com/s/files/1/0567/1377/3243/products/20533-dc03bcd0-88f5-4cc6-8257-94495887d06a.jpg?v=1684453317","/media/catalogue/3053a8ccfcb98e37.webp","processed original","0"
"8611164258627","Storm Rug 752","6","https://cdn.shopify.com/s/files/1/0567/1377/3243/products/20533-030cf5d4-eb40-4513-84db-263f90eddad1.jpg?v=1684453317","/media/catalogue/6077a1d217166ab6.webp","processed original","0"
"8611164258627","Storm Rug 752","7","https://cdn.shopify.com/s/files/1/0567/1377/3243/products/20533-102e7be5-16ad-466e-bc1e-bd39e47cb21a.jpg?v=1684453317","/media/catalogue/f54eb4a856fe52a8.webp","processed original","0"
"8611164258627","Storm Rug 752","8","https://cdn.shopify.com/s/files/1/0567/1377/3243/products/20533-965914fe-6c15-45f4-9e01-84f1c0544ea2.jpg?v=1684453317","/media/catalogue/220b35054081df80.webp","processed original","0"
"8611164455235","Storm Rug 972","1","https://cdn.shopify.com/s/files/1/0567/1377/3243/products/20534-8d45365b-15ec-41e6-a031-466e1466d140.jpg?v=1684453276","/media/catalogue/e8dd660b8acca66e.webp","processed original","61189"
"8611164455235","Storm Rug 972","2","https://cdn.shopify.com/s/files/1/0567/1377/3243/products/20534-e1647d8e-d34f-415a-899f-46176905ff55.jpg?v=1684453276","/media/catalogue/dfebd847340ac21e.webp","processed original","0"
"8611164455235","Storm Rug 972","3","https://cdn.shopify.com/s/files/1/0567/1377/3243/products/20534-a26bb5a3-077f-4166-9b04-c2b74405e5ad.jpg?v=1684453276","/media/catalogue/9a609851ea949ed3.webp","processed original","0"
"8611164455235","Storm Rug 972","4","https://cdn.shopify.com/s/files/1/0567/1377/3243/products/20534-a8dfde5b-2ad7-46e3-bd8e-950fe4f5e3a4.jpg?v=1684453276","/media/catalogue/f783828b10ae50ef.webp","processed original","0"
"8611164455235","Storm Rug 972","5","https://cdn.shopify.com/s/files/1/0567/1377/3243/products/20534-165a45b1-4270-453e-9dfe-a24c8598aa53.jpg?v=1684453276","/media/catalogue/c3b7ca93d5707ac3.webp","processed original","0"
"8611164455235","Storm Rug 972","6","https://cdn.shopify.com/s/files/1/0567/1377/3243/products/20534-af9befa0-ceea-4a9e-9b80-c16d4052aef1.jpg?v=1684453276","/media/catalogue/41036db8997727c0.webp","processed original","0"
"8611164455235","Storm Rug 972","7","https://cdn.shopify.com/s/files/1/0567/1377/3243/products/20534-fd8af0b2-740a-4ef6-bec4-09aaacff9fc6.jpg?v=1684453276","/media/catalogue/b1987538804e1428.webp","processed original","0"
"8611164455235","Storm Rug 972","8","https://cdn.shopify.com/s/files/1/0567/1377/3243/products/20534-40d17d28-7adb-4c6d-9080-c834d9965f9e.jpg?v=1684453276","/media/catalogue/c667c9cb4cfb1c42.webp","processed original","0"
"8611164651843","Venice Rug - Blue 1696","1","https://cdn.shopify.com/s/files/1/0567/1377/3243/products/21371-5ed5accd-382f-46ee-86c0-a3557d6aeec2.jpg?v=1684453198","/media/catalogue/152a25cf669306ec.webp","processed original","0"
"8611164651843","Venice Rug - Blue 1696","2","https://cdn.shopify.com/s/files/1/0567/1377/3243/products/21371-05921892-4216-4484-acfb-1c3a05db5306.jpg?v=1684453198","/media/catalogue/d8865053dd0a183d.webp","processed original","0"
"8611164651843","Venice Rug - Blue 1696","3","https://cdn.shopify.com/s/files/1/0567/1377/3243/products/21371-753b1858-6f16-45cd-b0d5-63950cf9134b.jpg?v=1684453198","/media/catalogue/744f99b4c6d8c8c3.webp","processed original","0"
"8611164651843","Venice Rug - Blue 1696","4","https://cdn.shopify.com/s/files/1/0567/1377/3243/products/21371-15dd80a9-ba71-4c4a-883b-9d2b40d5063e.jpg?v=1684453198","/media/catalogue/667fdca92d956ba7.webp","processed original","0"
"8611164651843","Venice Rug - Blue 1696","5","https://cdn.shopify.com/s/files/1/0567/1377/3243/products/21371-a5aa4491-28f8-4992-9f48-ebb353008035.jpg?v=1684453198","/media/catalogue/1d117be5773ce3f4.webp","processed original","0"
"8611164651843","Venice Rug - Blue 1696","6","https://cdn.shopify.com/s/files/1/0567/1377/3243/products/21371-21398e35-d6cc-4fcd-b0d4-e702da29d0f6.jpg?v=1684453198","/media/catalogue/be632481ca66d93c.webp","processed original","0"
"8611164815683","Venice Rug - Blue 1794","1","https://cdn.shopify.com/s/files/1/0567/1377/3243/products/21373-009642d3-ba17-475b-9606-21ca504a17a2.jpg?v=1684453183","/media/catalogue/32f4673bb7ba2eaf.webp","processed original","0"
"8611164815683","Venice Rug - Blue 1794","2","https://cdn.shopify.com/s/files/1/0567/1377/3243/products/21373-e6fd6a52-a6e9-4a2d-9356-05165690f9f0.jpg?v=1684453183","/media/catalogue/eb7fe325b9078a39.webp","processed original","0"
"8611164815683","Venice Rug - Blue 1794","3","https://cdn.shopify.com/s/files/1/0567/1377/3243/products/21373-35e7828f-2fb4-47a0-9124-d07d48586cf1.jpg?v=1684453183","/media/catalogue/e8d70de16213a313.webp","processed original","0"
"8611164815683","Venice Rug - Blue 1794","4","https://cdn.shopify.com/s/files/1/0567/1377/3243/products/21373-0f72c802-80e3-454e-9394-f4919a1634b6.jpg?v=1684453183","/media/catalogue/0596deacc8f15fd9.webp","processed original","0"
"8611164815683","Venice Rug - Blue 1794","5","https://cdn.shopify.com/s/files/1/0567/1377/3243/products/21373-5b424ad9-93c0-4ca4-b7a5-d41c191d03ed.jpg?v=1684453183","/media/catalogue/532227a8b7158bad.webp","processed original","0"
"8611164815683","Venice Rug - Blue 1794","6","https://cdn.shopify.com/s/files/1/0567/1377/3243/products/21373-aa7f3549-8791-42ce-b93f-f0b95ffca0cd.jpg?v=1684453183","/media/catalogue/2a96ecd210d59608.webp","processed original","0"
"8611164881219","Venice Rug - Blue 2941","1","https://cdn.shopify.com/s/files/1/0567/1377/3243/products/21367-c923e101-d70f-41f2-936b-d4a4c60161c7.jpg?v=1684453169","/media/catalogue/953c25b5aa338fed.webp","processed original","0"
"8611164881219","Venice Rug - Blue 2941","2","https://cdn.shopify.com/s/files/1/0567/1377/3243/products/21367-76b70995-d1d6-4848-8afd-35e39a8af1b7.jpg?v=1684453169","/media/catalogue/d7e87bef3fb7f090.webp","processed original","0"
"8611164881219","Venice Rug - Blue 2941","3","https://cdn.shopify.com/s/files/1/0567/1377/3243/products/21367-57e29ac3-a8ed-460e-80f9-e507ff0c68e4.jpg?v=1684453169","/media/catalogue/1bbfa87b1f9dd5e0.webp","processed original","0"
"8611164881219","Venice Rug - Blue 2941","4","https://cdn.shopify.com/s/files/1/0567/1377/3243/products/21367-ba44fd4d-66fc-4985-9ef2-df887db5895d.jpg?v=1684453169","/media/catalogue/a5a3bf16c1738df6.webp","processed original","0"
"8611164881219","Venice Rug - Blue 2941","5","https://cdn.shopify.com/s/files/1/0567/1377/3243/products/21367-ac760c2d-4939-489e-bc91-fb322e5959b7.jpg?v=1684453169","/media/catalogue/d5bac3c37dd08961.webp","processed original","0"
"8611164881219","Venice Rug - Blue 2941","6","https://cdn.shopify.com/s/files/1/0567/1377/3243/products/21367-e62bd885-8402-46a4-b1e8-219ce9b6604b.jpg?v=1684453169","/media/catalogue/0753e592c405d0a1.webp","processed original","0"
"8611165012291","Venice Rug - Grey 1696","1","https://cdn.shopify.com/s/files/1/0567/1377/3243/products/21370-c9270f66-9c86-4a23-b53a-9d86efc8139c.jpg?v=1684453156","/media/catalogue/67582f9aa27862ce.webp","processed original","0"
"8611165012291","Venice Rug - Grey 1696","2","https://cdn.shopify.com/s/files/1/0567/1377/3243/products/21370-eb94a76b-58fb-4a75-9490-35bf6860e9f5.jpg?v=1684453156","/media/catalogue/b48bdbcffa7b5c73.webp","processed original","0"
"8611165012291","Venice Rug - Grey 1696","3","https://cdn.shopify.com/s/files/1/0567/1377/3243/products/21370-568107f0-4d72-4292-aa03-223150dc73dd.jpg?v=1684453156","/media/catalogue/1e9e1dc4e037fa1f.webp","processed original","0"
"8611165012291","Venice Rug - Grey 1696","4","https://cdn.shopify.com/s/files/1/0567/1377/3243/products/21370-1ca2f656-4cbf-47a2-9d90-d69f9c6fc844.jpg?v=1684453156","/media/catalogue/839d12832c5030f5.webp","processed original","0"
"8611165012291","Venice Rug - Grey 1696","5","https://cdn.shopify.com/s/files/1/0567/1377/3243/products/21370-bf230ed0-255a-4b2d-9086-0c45d9cdd773.jpg?v=1684453156","/media/catalogue/16fc73022cc1254e.webp","processed original","0"
"8611165012291","Venice Rug - Grey 1696","6","https://cdn.shopify.com/s/files/1/0567/1377/3243/products/21370-5c2e49f7-4c64-41da-8c54-74dccd137162.jpg?v=1684453156","/media/catalogue/33504b6a08c1103e.webp","processed original","0"
"8611165045059","Venice Rug - Grey 1721","1","https://cdn.shopify.com/s/files/1/0567/1377/3243/products/21372-79dd6f5c-bc3d-4ba6-b7b4-6b6ba68a72d4.jpg?v=1684453138","/media/catalogue/0513c300ef120301.webp","processed original","0"
"8611165045059","Venice Rug - Grey 1721","2","https://cdn.shopify.com/s/files/1/0567/1377/3243/products/21372-8b08802c-9d14-44ff-80c8-c6f83ecb0401.jpg?v=1684453138","/media/catalogue/a5263c863e4969f8.webp","processed original","0"
"8611165045059","Venice Rug - Grey 1721","3","https://cdn.shopify.com/s/files/1/0567/1377/3243/products/21372-2182c38a-7061-41be-844b-08447f7a8279.jpg?v=1684453138","/media/catalogue/2f7794153cf84577.webp","processed original","0"
"8611165045059","Venice Rug - Grey 1721","4","https://cdn.shopify.com/s/files/1/0567/1377/3243/products/21372-aee33e9c-029c-4992-b47b-fb0f8b41e70d.jpg?v=1684453138","/media/catalogue/25e72f552ba4f03a.webp","processed original","0"
"8611165045059","Venice Rug - Grey 1721","5","https://cdn.shopify.com/s/files/1/0567/1377/3243/products/21372-d3689521-b079-4a75-96c2-867d95aed97b.jpg?v=1684453138","/media/catalogue/7b2bd962cb69b033.webp","processed original","0"
"8611165045059","Venice Rug - Grey 1721","6","https://cdn.shopify.com/s/files/1/0567/1377/3243/products/21372-367dabdc-4c27-4c24-b6f3-aa4a93b6da2b.jpg?v=1684453138","/media/catalogue/4a92c5a287ffa0a8.webp","processed original","0"
"8611165110595","Venice Rug - Grey 2941","1","https://cdn.shopify.com/s/files/1/0567/1377/3243/products/21369-ff908ee4-3cba-4618-a4fb-8ccd506ef225.jpg?v=1684453116","/media/catalogue/aea66dd200810b01.webp","processed original","0"
"8611165110595","Venice Rug - Grey 2941","2","https://cdn.shopify.com/s/files/1/0567/1377/3243/products/21369-021a4696-48c6-4246-8382-05da8b549f6a.jpg?v=1684453116","/media/catalogue/d6f28989a1a57c79.webp","processed original","0"
"8611165110595","Venice Rug - Grey 2941","3","https://cdn.shopify.com/s/files/1/0567/1377/3243/products/21369-b444fdbc-29cf-4b0b-839a-acd95e223cf0.jpg?v=1684453116","/media/catalogue/11510d686ac424f1.webp","processed original","0"
"8611165110595","Venice Rug - Grey 2941","4","https://cdn.shopify.com/s/files/1/0567/1377/3243/products/21369-b06ba7a9-8aaf-4feb-89fe-5bb0fe8e8363.jpg?v=1684453116","/media/catalogue/060735ca1fff194d.webp","processed original","0"
"8611165110595","Venice Rug - Grey 2941","5","https://cdn.shopify.com/s/files/1/0567/1377/3243/products/21369-27325d0d-c6c0-458c-8bd6-a9756933f2e4.jpg?v=1684453116","/media/catalogue/c168ca413c474ee4.webp","processed original","0"
"8611165110595","Venice Rug - Grey 2941","6","https://cdn.shopify.com/s/files/1/0567/1377/3243/products/21369-014f216c-ef7b-403a-8425-9b779da0e160.jpg?v=1684453116","/media/catalogue/89833f72069b9d3e.webp","processed original","0"
"8611165241667","Venice Rug - White 2941","1","https://cdn.shopify.com/s/files/1/0567/1377/3243/products/21368-a03f9807-cf25-4207-a10a-65a1a59741de.jpg?v=1684453436","/media/catalogue/cf0cc15b527e1fa6.webp","processed original","0"
"8611165241667","Venice Rug - White 2941","2","https://cdn.shopify.com/s/files/1/0567/1377/3243/products/21368-bdb56e9f-589a-49b1-8f01-521541877b9a.jpg?v=1684453436","/media/catalogue/9df0d82f88522cea.webp","processed original","0"
"8611165241667","Venice Rug - White 2941","3","https://cdn.shopify.com/s/files/1/0567/1377/3243/products/21368-00b583da-65e6-4f52-9c38-f48e591b37f8.jpg?v=1684453436","/media/catalogue/7eeff72a389a5167.webp","processed original","0"
"8611165241667","Venice Rug - White 2941","4","https://cdn.shopify.com/s/files/1/0567/1377/3243/products/21368-c81bf046-f9dd-4dac-a62d-eebb778d8889.jpg?v=1684453436","/media/catalogue/f7d190f386135646.webp","processed original","0"
"8611165241667","Venice Rug - White 2941","5","https://cdn.shopify.com/s/files/1/0567/1377/3243/products/21368-1dc01042-8342-4868-b1c8-c91b123d7310.jpg?v=1684453436","/media/catalogue/1cd9a95354750c7e.webp","processed original","0"
"8611165241667","Venice Rug - White 2941","6","https://cdn.shopify.com/s/files/1/0567/1377/3243/products/21368-28fe5e3f-4709-46d3-8860-14ea02fb25a3.jpg?v=1684453436","/media/catalogue/2016e37f750b83cc.webp","processed original","0"
"8611165307203","Venus Rug - Beige Brown","1","https://cdn.shopify.com/s/files/1/0567/1377/3243/products/21365-afc9da7f-d91c-4a96-a566-36485197a750.jpg?v=1684453416","/media/catalogue/32d713e8e7602386.webp","processed original","0"
"8611165307203","Venus Rug - Beige Brown","2","https://cdn.shopify.com/s/files/1/0567/1377/3243/products/21365-ce612fa9-b47d-4991-9eed-82803142fcc9.jpg?v=1684453416","/media/catalogue/962e226dac2983ac.webp","processed original","0"
"8611165307203","Venus Rug - Beige Brown","3","https://cdn.shopify.com/s/files/1/0567/1377/3243/products/21365-f349a64f-8e2a-4a4a-9972-ea1d2a7ade22.jpg?v=1684453416","/media/catalogue/78b1d3b64dd9760f.webp","processed original","0"
"8611165307203","Venus Rug - Beige Brown","4","https://cdn.shopify.com/s/files/1/0567/1377/3243/products/21365-06857f87-6e19-482a-bdd2-15d48c0b1a3f.jpg?v=1684453416","/media/catalogue/52dd74675a03f05c.webp","processed original","0"
"8611165307203","Venus Rug - Beige Brown","5","https://cdn.shopify.com/s/files/1/0567/1377/3243/products/21365-e9f4bec9-b801-4d1c-ba0b-fb6db736e6cc.jpg?v=1684453416","/media/catalogue/6eccb2d76921bad5.webp","processed original","0"
"8611165372739","Venus Rug - Black Grey","1","https://cdn.shopify.com/s/files/1/0567/1377/3243/products/21363-3b6a439f-96bf-494a-976b-2470afca9c77.jpg?v=1684453400","/media/catalogue/0e95dd2854c4d922.webp","processed original","0"
"8611165372739","Venus Rug - Black Grey","2","https://cdn.shopify.com/s/files/1/0567/1377/3243/products/21363-7ea402ea-1e86-4ad0-87a9-b7a744e05fca.jpg?v=1684453400","/media/catalogue/29e2465160c74386.webp","processed original","0"
"8611165372739","Venus Rug - Black Grey","3","https://cdn.shopify.com/s/files/1/0567/1377/3243/products/21363-240fcde3-0eed-4067-b4b8-84386716127b.jpg?v=1684453400","/media/catalogue/58ae0d74a99bcd74.webp","processed original","0"
"8611165372739","Venus Rug - Black Grey","4","https://cdn.shopify.com/s/files/1/0567/1377/3243/products/21363-895521a2-d7ec-4c3e-90a4-9bd318160407.jpg?v=1684453400","/media/catalogue/718595bc66eee328.webp","processed original","0"
"8611165372739","Venus Rug - Black Grey","5","https://cdn.shopify.com/s/files/1/0567/1377/3243/products/21363-cfc4e1b0-ba81-4915-9855-79ffe8b81bd5.jpg?v=1684453400","/media/catalogue/2f75b0cc24072950.webp","processed original","0"
"8611165536579","Venus Rug - Grey Gold","1","https://cdn.shopify.com/s/files/1/0567/1377/3243/products/21364-68e43ec7-ea4f-4f7b-8ed9-32e83b5f6a6e.jpg?v=1684453387","/media/catalogue/fe502507bfc03b88.webp","processed original","0"
"8611165536579","Venus Rug - Grey Gold","2","https://cdn.shopify.com/s/files/1/0567/1377/3243/products/21364-4cfce38a-417e-4fbd-9a57-c3578920f899.jpg?v=1684453387","/media/catalogue/54729e1235ae5732.webp","processed original","0"
"8611165536579","Venus Rug - Grey Gold","3","https://cdn.shopify.com/s/files/1/0567/1377/3243/products/21364-5751ce79-d21c-4040-97bd-ca278641e4bd.jpg?v=1684453387","/media/catalogue/e7c16b3a61aacc2d.webp","processed original","0"
"8611165536579","Venus Rug - Grey Gold","4","https://cdn.shopify.com/s/files/1/0567/1377/3243/products/21364-f4b42f94-b923-4e61-af0d-94fbdda1ebd1.jpg?v=1684453387","/media/catalogue/a927fd6edb8519a7.webp","processed original","0"
"8611165536579","Venus Rug - Grey Gold","5","https://cdn.shopify.com/s/files/1/0567/1377/3243/products/21364-cc33c7ab-c6d4-4da4-9d39-6d88a11a6886.jpg?v=1684453387","/media/catalogue/b607912ac9df1651.webp","processed original","0"
"8611165667651","Venus Rug - Grey Red","1","https://cdn.shopify.com/s/files/1/0567/1377/3243/products/21366-a5e4c145-a5f9-42c1-ba54-0eff4517a833.jpg?v=1684453370","/media/catalogue/d2c8592e77127cfd.webp","processed original","0"
"8611165667651","Venus Rug - Grey Red","2","https://cdn.shopify.com/s/files/1/0567/1377/3243/products/21366-de565253-6d06-4c91-b31f-6e0e072eab33.jpg?v=1684453370","/media/catalogue/175835a887d71e9c.webp","processed original","0"
"8611165667651","Venus Rug - Grey Red","3","https://cdn.shopify.com/s/files/1/0567/1377/3243/products/21366-01da99a6-3751-4c16-bcce-97b49c7e1d99.jpg?v=1684453370","/media/catalogue/2e988946c56bbc9a.webp","processed original","0"
"8611165667651","Venus Rug - Grey Red","4","https://cdn.shopify.com/s/files/1/0567/1377/3243/products/21366-0491e147-93a4-43ed-9d0d-b90ad2c2f28c.jpg?v=1684453370","/media/catalogue/63a013ded1ecef7a.webp","processed original","0"
"8611165667651","Venus Rug - Grey Red","5","https://cdn.shopify.com/s/files/1/0567/1377/3243/products/21366-8b277f47-a480-4e9f-8125-d4cdcf7c672a.jpg?v=1684453370","/media/catalogue/cb9cbf3ffe55f2ba.webp","processed original","0"
"8612237214019","5280 - TV Unit - GI","1","https://cdn.shopify.com/s/files/1/0567/1377/3243/products/21230-9f2d6e87-2e15-4158-ae63-e78114eb7b62.jpg?v=1684478339","/media/catalogue/69abdb01af1fc55d.webp","processed original","1616314"
"8612237377859","A60-U - GI","1","https://cdn.shopify.com/s/files/1/0567/1377/3243/products/21237-52868aa6-1e40-4d0f-b9b7-f8273b6f8259.jpg?v=1684478364","/media/catalogue/f24686bdf01a543d.webp","processed original","1449831"
"8612237410627","Arizona Bed DE-GI","1","https://cdn.shopify.com/s/files/1/0567/1377/3243/products/20364-15eff362-27c2-441a-8428-0f389b247738.jpg?v=1684478388","/media/catalogue/b288e54d38bec583.webp","processed original","1119524"
"8612237410627","Arizona Bed DE-GI","2","https://cdn.shopify.com/s/files/1/0567/1377/3243/products/20364-ae64cb2f-b722-463c-a610-10e266e5d167.jpg?v=1684491619","/media/catalogue/510ec97fe19e35ff.webp","processed original","385462"
"8612237410627","Arizona Bed DE-GI","3","https://cdn.shopify.com/s/files/1/0567/1377/3243/products/20364-145f2100-b602-46b9-acb2-0f5df766f45e.jpg?v=1684491619","/media/catalogue/7d8ee9d4f9af5c51.webp","processed original","0"
"8612237410627","Arizona Bed DE-GI","4","https://cdn.shopify.com/s/files/1/0567/1377/3243/products/20364-5fb54761-bda9-4b10-b4cb-02e0f534db94.jpg?v=1684491619","/media/catalogue/f28d896e90f322b5.webp","processed original","1582901"
"8612237410627","Arizona Bed DE-GI","5","https://cdn.shopify.com/s/files/1/0567/1377/3243/products/20364-8e5f131f-e6e7-4b93-899c-6b210130ef3f.jpg?v=1684491619","/media/catalogue/622cc40073af7e26.webp","processed original","1186369"
"8612237410627","Arizona Bed DE-GI","6","https://cdn.shopify.com/s/files/1/0567/1377/3243/products/20364-db8018b8-c84f-411e-90f6-dcddfc021a2b.jpg?v=1684491619","/media/catalogue/5bb16b0bca345850.webp","processed original","1081559"
"8612237410627","Arizona Bed DE-GI","7","https://cdn.shopify.com/s/files/1/0567/1377/3243/products/20364-bf4254bd-0b11-4f7d-a942-efcb81ba0075.jpg?v=1684491619","/media/catalogue/83887306c656b63c.webp","processed original","1400481"
"8612237672771","Bodrum 0496 Rug","1","https://cdn.shopify.com/s/files/1/0567/1377/3243/products/21768-48b665d1-1ed7-4be3-91ca-c94cfe96d518.jpg?v=1684478436","/media/catalogue/63a1fa890e46c274.webp","processed original","0"
"8612237738307","Bodrum 0511 Rug","1","https://cdn.shopify.com/s/files/1/0567/1377/3243/products/21769-9cd2769c-3d82-4251-b7e0-b78b9d9515c7.jpg?v=1684478442","/media/catalogue/54318c5d63676fc0.webp","processed original","0"
"8612237803843","Bodrum BD0278 Rug","1","https://cdn.shopify.com/s/files/1/0567/1377/3243/products/21767-2bd45cfd-8a30-48ed-b707-9169fa4f4b63.jpg?v=1684478448","/media/catalogue/764ce56502af7fe7.webp","processed original","707437"
"8612237902147","Bodrum BD238A Rug","1","https://cdn.shopify.com/s/files/1/0567/1377/3243/products/21765-6dcc1887-827a-4fde-bf58-b7c4d2789416.jpg?v=1684478457","/media/catalogue/046142a68ed2c87c.webp","processed original","0"
"8612238098755","Brazil Bed GI","1","https://cdn.shopify.com/s/files/1/0567/1377/3243/products/21263-0490d124-6650-4f73-90d9-f153a23b9394.jpg?v=1684493036","/media/catalogue/31a772732389b432.webp","processed original","0"
"8612238098755","Brazil Bed GI","2","https://cdn.shopify.com/s/files/1/0567/1377/3243/products/21263-0a21ec8d-9852-4ea0-acef-51791ec46468.jpg?v=1684493036","/media/catalogue/332b300248088cf0.webp","processed original","0"
"8612238098755","Brazil Bed GI","3","https://cdn.shopify.com/s/files/1/0567/1377/3243/products/21263-fe315200-b00a-46ed-a4ec-3baecd0a16d0.jpg?v=1684478479","/media/catalogue/126d95b435b04caa.webp","processed original","0"
"8612238098755","Brazil Bed GI","4","https://cdn.shopify.com/s/files/1/0567/1377/3243/products/21263-ccf0978e-a748-49b9-b529-1c4c4c9978f2.jpg?v=1684478479","/media/catalogue/06d02a7c7c14a435.webp","processed original","0"
"8612238098755","Brazil Bed GI","5","https://cdn.shopify.com/s/files/1/0567/1377/3243/products/21263-2ab45f7c-b63f-42d9-b141-47ac4d07c60b.jpg?v=1684478479","/media/catalogue/2d5a69e841b124bf.webp","processed original","0"
"8612238328131","Carlow Beige Side Gas Lift Bed-GI","1","https://cdn.shopify.com/s/files/1/0567/1377/3243/products/21776-b0a0bf51-9fee-46dd-9ec3-42d9d52677ef.jpg?v=1684478504","/media/catalogue/35fffb4b3858b3fb.webp","processed original","0"
"8612238328131","Carlow Beige Side Gas Lift Bed-GI","2","https://cdn.shopify.com/s/files/1/0567/1377/3243/products/21776-0794cfa5-58f9-4df6-b6ac-0c56d474c4e6.jpg?v=1684493650","/media/catalogue/445c4d50beae0add.webp","processed original","0"
"8612238328131","Carlow Beige Side Gas Lift Bed-GI","3","https://cdn.shopify.com/s/files/1/0567/1377/3243/products/21776-22f0326d-d906-4f23-9082-cac20608d0a4.jpg?v=1684493650","/media/catalogue/a7f88a8e45108471.webp","processed original","0"
"8612238328131","Carlow Beige Side Gas Lift Bed-GI","4","https://cdn.shopify.com/s/files/1/0567/1377/3243/products/21776-ad94bca9-fccc-490b-a0d7-2585da446f87.jpg?v=1684493650","/media/catalogue/100dfc012b5a6472.webp","processed original","0"
"8612238328131","Carlow Beige Side Gas Lift Bed-GI","5","https://cdn.shopify.com/s/files/1/0567/1377/3243/products/21776-f0939611-fb73-4c9a-8e55-0d83a492df89.jpg?v=1684493650","/media/catalogue/6cc680462a407f27.webp","processed original","0"
"8612238360899","Carlow Grey Bed - GI","1","https://cdn.shopify.com/s/files/1/0567/1377/3243/products/21740-d608d344-2155-4c96-871c-94802e23c985.jpg?v=1684478515","/media/catalogue/8b084f2a1607d126.webp","processed original","0"
"8612238360899","Carlow Grey Bed - GI","2","https://cdn.shopify.com/s/files/1/0567/1377/3243/products/21740-1a88505c-3b7e-4620-9989-c67609b2d69c.jpg?v=1684493598","/media/catalogue/d94b108a4ac8e43f.webp","processed original","0"
"8612238360899","Carlow Grey Bed - GI","3","https://cdn.shopify.com/s/files/1/0567/1377/3243/products/21740-43dbb465-bb0e-4033-955e-a69508d9907c.jpg?v=1684493598","/media/catalogue/eade50e33686dfcc.webp","processed original","0"
"8612238360899","Carlow Grey Bed - GI","4","https://cdn.shopify.com/s/files/1/0567/1377/3243/products/21740-2c838784-eb57-47ae-9ebf-70952cbba10b.jpg?v=1684493598","/media/catalogue/5a8bd26e162f2195.webp","processed original","0"
"8612238360899","Carlow Grey Bed - GI","5","https://cdn.shopify.com/s/files/1/0567/1377/3243/products/21740-47b88f2f-6b72-4fe9-8eb8-1cc069168b78.jpg?v=1684493598","/media/catalogue/f2ab565be84f7647.webp","processed original","0"
"8612239016259","Chair & Footstool 1986 - GI","1","https://cdn.shopify.com/s/files/1/0567/1377/3243/products/21267-8c2061c8-05d8-4991-8185-ba9dcd97fad2.jpg?v=1684478576","/media/catalogue/56bf34585b527385.webp","processed original","0"
"8612239016259","Chair & Footstool 1986 - GI","2","https://cdn.shopify.com/s/files/1/0567/1377/3243/products/21267-4eec0bb8-c4db-4f87-9b05-f3506b71d430.jpg?v=1684478576","/media/catalogue/7ddc0211a7225d02.webp","processed original","0"
"8612239016259","Chair & Footstool 1986 - GI","3","https://cdn.shopify.com/s/files/1/0567/1377/3243/products/21267-d6487a2b-5f45-4933-9ba0-a40c4713d751.jpg?v=1684493453","/media/catalogue/140621cc494fbec5.webp","processed original","0"
"8612239016259","Chair & Footstool 1986 - GI","4","https://cdn.shopify.com/s/files/1/0567/1377/3243/products/21267-93197e62-e2bb-4ffb-a9fb-8a511b606b6e.jpg?v=1684493453","/media/catalogue/b18d2bac031b9745.webp","processed original","0"
"8612239016259","Chair & Footstool 1986 - GI","5","https://cdn.shopify.com/s/files/1/0567/1377/3243/products/21267-ff06f0f9-579f-4de1-b209-3c2417a34248.jpg?v=1684478576","/media/catalogue/1d34e975a7caeed5.webp","processed original","0"
"8612239016259","Chair & Footstool 1986 - GI","6","https://cdn.shopify.com/s/files/1/0567/1377/3243/products/21267-ea7ae9b4-2d22-4e7f-ae0f-84ad0770fce3.jpg?v=1684478576","/media/catalogue/dc2eb27ec326e9e3.webp","processed original","0"
"8612239016259","Chair & Footstool 1986 - GI","7","https://cdn.shopify.com/s/files/1/0567/1377/3243/products/21267-b94aebce-286b-478a-b4d9-14a5a04863b2.jpg?v=1684478576","/media/catalogue/2266116269b2b63c.webp","processed original","0"
"8612239016259","Chair & Footstool 1986 - GI","8","https://cdn.shopify.com/s/files/1/0567/1377/3243/files/21266-82e0db21-9ef4-4a91-99cd-c58ae140c3a4_a5c00149-0459-429b-b217-dc56bb8c72c1.jpg?v=1684944963","/media/catalogue/53e2964dbb31c002.webp","processed original","0"
"8612239016259","Chair & Footstool 1986 - GI","9","https://cdn.shopify.com/s/files/1/0567/1377/3243/files/21266-2fe26deb-7f8f-49a6-815e-5c1663c7a234_3659c894-cf34-4ff8-bd0d-58a639eb8d66.jpg?v=1684944963","/media/catalogue/c2c471eefbc61682.webp","processed original","0"
"8612239016259","Chair & Footstool 1986 - GI","10","https://cdn.shopify.com/s/files/1/0567/1377/3243/files/21266-434b54fd-b56e-44e3-a82c-00c5557adc24_cdfab9d3-e8b1-42a6-ad0a-1cc9206a6707.jpg?v=1684944964","/media/catalogue/b14dab9044a96f75.webp","processed original","0"
"8612239016259","Chair & Footstool 1986 - GI","11","https://cdn.shopify.com/s/files/1/0567/1377/3243/files/21266-ab9b3674-06cc-4294-b9d9-09a510b97419_9fcce707-2016-49fb-96b3-1ced08115ad3.jpg?v=1684944964","/media/catalogue/2e9bbb108f0ce572.webp","processed original","0"
"8612239900995","DP48-SV TV STAND GI","1","https://cdn.shopify.com/s/files/1/0567/1377/3243/products/21233-234e6e9b-55d6-427b-baa2-f88cb126246f.jpg?v=1684478676","/media/catalogue/b53d90376c70b103.webp","processed original","1386826"
"8612240818499","Galway Grey Bed-GI","1","https://cdn.shopify.com/s/files/1/0567/1377/3243/products/20441-77780972-ee87-4ca9-a8fa-1da4462435ee.jpg?v=1684494363","/media/catalogue/4e63feb60eb781da.webp","processed original","570347"
"8612240818499","Galway Grey Bed-GI","2","https://cdn.shopify.com/s/files/1/0567/1377/3243/products/20441-42ac4a88-8c05-4b51-bad9-a6d056872154.jpg?v=1684494363","/media/catalogue/e83e48b64cc6fc35.webp","processed original","0"
"8612240818499","Galway Grey Bed-GI","3","https://cdn.shopify.com/s/files/1/0567/1377/3243/products/20441-515351d6-de72-4681-a64c-62d766fecef5.jpg?v=1684494363","/media/catalogue/2c0a2fd15fac53dc.webp","processed original","0"
"8612240818499","Galway Grey Bed-GI","4","https://cdn.shopify.com/s/files/1/0567/1377/3243/products/20441-8d6747da-2ae9-4aa5-be01-988a60f9e5c8.jpg?v=1684494363","/media/catalogue/4584a009c861bc46.webp","processed original","0"
"8612240818499","Galway Grey Bed-GI","5","https://cdn.shopify.com/s/files/1/0567/1377/3243/products/20441-a70100ac-6425-4751-8953-3311535e329e.jpg?v=1684494363","/media/catalogue/4a334e0291c0c3f3.webp","processed original","0"
"8612240818499","Galway Grey Bed-GI","6","https://cdn.shopify.com/s/files/1/0567/1377/3243/products/20441-eea2b54a-62db-451a-bdb4-208d03025f77.jpg?v=1684494363","/media/catalogue/5e05f46eb5e709a0.webp","processed original","390375"
"8612241277251","Galway Silver Bed-GI","1","https://cdn.shopify.com/s/files/1/0567/1377/3243/products/20442-335c715e-2367-4bea-9bb5-79d2bbb01ed8.jpg?v=1684494153","/media/catalogue/5b4e4087647f68ae.webp","processed original","578778"
"8612241277251","Galway Silver Bed-GI","2","https://cdn.shopify.com/s/files/1/0567/1377/3243/products/20442-5c677e73-0f9e-4b8a-b0b8-8467a3fdbe9c.jpg?v=1684494153","/media/catalogue/7b0fc2970c63d72f.webp","processed original","0"
"8612241277251","Galway Silver Bed-GI","3","https://cdn.shopify.com/s/files/1/0567/1377/3243/products/20442-6c84e4c9-4859-460d-a0cc-742d1eca5e25.jpg?v=1684494153","/media/catalogue/87fcd17679d5fea5.webp","processed original","430080"
"8612242096451","Hogan Headboard-GI","1","https://cdn.shopify.com/s/files/1/0567/1377/3243/products/20449-4c92878c-e512-44de-8142-42fe0cd2e09f_ca9cfb4c-1ab9-43df-9eab-4ba36c7135be.jpg?v=1684494947","/media/catalogue/945078aed5547ac3.webp","processed original","0"
"8612242096451","Hogan Headboard-GI","2","https://cdn.shopify.com/s/files/1/0567/1377/3243/products/20449-1bc2ab6a-9fbc-44e8-8549-903d4a9027a1.jpg?v=1684494947","/media/catalogue/e78de2825e6a1775.webp","processed original","375318"
"8612242096451","Hogan Headboard-GI","3","https://cdn.shopify.com/s/files/1/0567/1377/3243/products/20449-0eecaab1-57b7-4dd2-85a7-a495a388b9a0_bea3b7c1-6c9f-441b-892c-ce3f4a40b465.jpg?v=1684494947","/media/catalogue/89f5f0a89462a8ff.webp","processed original","0"
"8612243636547","Kilkenny Grey Bed-GI","1","https://cdn.shopify.com/s/files/1/0567/1377/3243/products/20469-e2b32846-9bc7-4779-970b-9b5be6b18b96.jpg?v=1684495399","/media/catalogue/08b1e0ef73be980a.webp","processed original","590017"
"8612243636547","Kilkenny Grey Bed-GI","2","https://cdn.shopify.com/s/files/1/0567/1377/3243/products/20469-26c49831-5ac0-4d5c-a910-5ab7f60321e8.jpg?v=1684495399","/media/catalogue/9941a558cce7c20a.webp","processed original","0"
"8612243636547","Kilkenny Grey Bed-GI","3","https://cdn.shopify.com/s/files/1/0567/1377/3243/products/20469-c8ff58c7-b6df-4934-8da6-fe897594cdde.jpg?v=1684495399","/media/catalogue/bae22f34452f43a6.webp","processed original","0"
"8612243636547","Kilkenny Grey Bed-GI","4","https://cdn.shopify.com/s/files/1/0567/1377/3243/products/20469-64942fcd-e03f-4333-8549-c226e30673ce.jpg?v=1684495399","/media/catalogue/f83d3981cba17b8c.webp","processed original","649170"
"8612243636547","Kilkenny Grey Bed-GI","5","https://cdn.shopify.com/s/files/1/0567/1377/3243/products/20469-1154b943-2371-4860-9187-c96108e85bbe.jpg?v=1684495395","/media/catalogue/8cfb141528f801a7.webp","processed original","0"
"8612243767619","Kilkenny Grey Locker-GI","1","https://cdn.shopify.com/s/files/1/0567/1377/3243/products/21260-f2d2aaf7-265e-43b3-9ea4-f69d93c52ef0.jpg?v=1684478993","/media/catalogue/560e1804c5089e82.webp","processed original","0"
"8612243767619","Kilkenny Grey Locker-GI","2","https://cdn.shopify.com/s/files/1/0567/1377/3243/products/21260-f37f6893-4711-4f58-91d1-b2f369c40e17.jpg?v=1684478993","/media/catalogue/0d332d97e85ff36d.webp","processed original","0"
"8612243833155","Kilkenny Mink Bed-GI","1","https://cdn.shopify.com/s/files/1/0567/1377/3243/products/20471-cfa90820-0254-48b3-85cf-a7387d8296f4.jpg?v=1684495170","/media/catalogue/921bd08783a91e67.webp","processed original","584624"
"8612243833155","Kilkenny Mink Bed-GI","2","https://cdn.shopify.com/s/files/1/0567/1377/3243/products/20471-a2cc7772-b603-4a28-8d70-6e0d6d6da835.jpg?v=1684495170","/media/catalogue/2f4e0c6eecb2e4bc.webp","processed original","0"
"8612243833155","Kilkenny Mink Bed-GI","3","https://cdn.shopify.com/s/files/1/0567/1377/3243/products/20471-6de366c5-56e2-4935-b0bf-31fe6963a624.jpg?v=1684495170","/media/catalogue/16819a949cafdcd9.webp","processed original","0"
"8612243833155","Kilkenny Mink Bed-GI","4","https://cdn.shopify.com/s/files/1/0567/1377/3243/products/20471-84b64ff7-338e-4e0d-878e-7fad8b4c87cc.jpg?v=1684495170","/media/catalogue/5c352169a107bd1b.webp","processed original","0"
"8612243833155","Kilkenny Mink Bed-GI","5","https://cdn.shopify.com/s/files/1/0567/1377/3243/products/20471-10b402c4-4d00-4922-9b55-01ab14cb9992.jpg?v=1684495170","/media/catalogue/34caae11014daa44.webp","processed original","675584"
"8612243833155","Kilkenny Mink Bed-GI","6","https://cdn.shopify.com/s/files/1/0567/1377/3243/products/20471-2d44d45b-1530-49c0-a18c-dc8a938c1c5e.jpg?v=1684495170","/media/catalogue/e2c22f2bd2a73cc5.webp","processed original","0"
"8612244029763","Kilkenny Mink Locker-GI","1","https://cdn.shopify.com/s/files/1/0567/1377/3243/products/21262-cb99db0f-b05f-4485-8438-f204f23cfda5.jpg?v=1684479035","/media/catalogue/32ead31bd25c4d0a.webp","processed original","0"
"8612244029763","Kilkenny Mink Locker-GI","2","https://cdn.shopify.com/s/files/1/0567/1377/3243/products/21262-1db6e298-785e-484a-9e8a-a6105df234fc.jpg?v=1684479035","/media/catalogue/9496e938e4bc3296.webp","processed original","0"
"8612244062531","Kilkenny Silver Bed-GI","1","https://cdn.shopify.com/s/files/1/0567/1377/3243/products/20473-9792d4cc-ad87-4d58-8d67-9e4932f27e3a.jpg?v=1684497115","/media/catalogue/88c4e95c5a129d1b.webp","processed original","609017"
"8612244062531","Kilkenny Silver Bed-GI","2","https://cdn.shopify.com/s/files/1/0567/1377/3243/products/20473-4e96a957-7d00-40d3-9fad-eadd2e2d6c13.jpg?v=1684497115","/media/catalogue/f83b651624d8beb0.webp","processed original","0"
"8612244062531","Kilkenny Silver Bed-GI","3","https://cdn.shopify.com/s/files/1/0567/1377/3243/products/20473-a6bfc3c9-d9de-4a87-b94b-3abade40fccf.jpg?v=1684497115","/media/catalogue/2b837de862d47c80.webp","processed original","0"
"8612244062531","Kilkenny Silver Bed-GI","4","https://cdn.shopify.com/s/files/1/0567/1377/3243/products/20473-0543b4d6-a9b9-461c-9ec3-2b478ba335db.jpg?v=1684497115","/media/catalogue/0f0bc30ca784474c.webp","processed original","651875"
"8612244324675","Kilkenny Silver Locker-GI","1","https://cdn.shopify.com/s/files/1/0567/1377/3243/products/21261-0b6fbd28-3076-4215-a26e-6e11545374e9.jpg?v=1684479063","/media/catalogue/b8cd2caa580c8aac.webp","processed original","0"
"8612244324675","Kilkenny Silver Locker-GI","2","https://cdn.shopify.com/s/files/1/0567/1377/3243/products/21261-77119fe0-f5d6-4ba8-893a-e9da1bc9c2a1.jpg?v=1684479063","/media/catalogue/8f84539d3153d6be.webp","processed original","0"
"8612244554051","Kingston Standard Bed-GI","1","https://cdn.shopify.com/s/files/1/0567/1377/3243/products/20475-bf1e8763-2883-4d8f-a896-c0cf3c26be33.jpg?v=1684495635","/media/catalogue/34dbde314365e313.webp","processed original","597949"
"8612244554051","Kingston Standard Bed-GI","2","https://cdn.shopify.com/s/files/1/0567/1377/3243/products/20475-a9ba5b92-8944-40a1-8795-8674ea77d297.jpg?v=1684495635","/media/catalogue/69df0a783d22383f.webp","processed original","0"
"8612244554051","Kingston Standard Bed-GI","3","https://cdn.shopify.com/s/files/1/0567/1377/3243/products/20475-cd7ec795-ee09-4039-962a-7e61909d5c89.jpg?v=1684495635","/media/catalogue/b270386406683ab5.webp","processed original","0"
"8612244554051","Kingston Standard Bed-GI","4","https://cdn.shopify.com/s/files/1/0567/1377/3243/products/20475-d7a66308-057a-4dc3-8de0-91eefbd787bc.jpg?v=1684495635","/media/catalogue/fb634739b47699fd.webp","processed original","0"
"8612244554051","Kingston Standard Bed-GI","5","https://cdn.shopify.com/s/files/1/0567/1377/3243/products/20475-92447d00-d944-44ae-beaf-02a944c35155.jpg?v=1684495635","/media/catalogue/f6f67276f62274c4.webp","processed original","518349"
"8612244554051","Kingston Standard Bed-GI","6","https://cdn.shopify.com/s/files/1/0567/1377/3243/products/20475-588a2921-4bd3-4e97-b6cf-7a804859979f.jpg?v=1684495633","/media/catalogue/17e4b5be77f01c0f.webp","processed original","0"
"8612245471555","Maple 0927A Rug","1","https://cdn.shopify.com/s/files/1/0567/1377/3243/products/21741-0e061ef8-b386-4401-90b9-c275d4e868cf.jpg?v=1684479177","/media/catalogue/6024eaeda05e52e3.webp","processed original","0"
"8612245635395","Maple 1027 Rug","1","https://cdn.shopify.com/s/files/1/0567/1377/3243/products/21742-e370ca3a-3d6b-4e5d-8d9d-e12a4604529d.jpg?v=1684479186","/media/catalogue/864cfaf319bb1029.webp","processed original","0"
"8612246028611","Mayo Bed Beige-GI","1","https://cdn.shopify.com/s/files/1/0567/1377/3243/products/21738-2742393d-7cb6-4aba-a605-e98a3de6bc0d.jpg?v=1684498390","/media/catalogue/cad84b801591f865.webp","processed original","0"
"8612246028611","Mayo Bed Beige-GI","2","https://cdn.shopify.com/s/files/1/0567/1377/3243/products/21738-12c2965d-c3ba-42ef-8474-4837aa2dc54e.jpg?v=1684498390","/media/catalogue/491dd3739cfc4fbe.webp","processed original","743436"
"8612246028611","Mayo Bed Beige-GI","3","https://cdn.shopify.com/s/files/1/0567/1377/3243/products/21738-ba5d1e7b-10eb-4daa-9fb5-f6a49e8f5b2a.jpg?v=1684498390","/media/catalogue/c2f72571a29e9275.webp","processed original","0"
"8612246028611","Mayo Bed Beige-GI","4","https://cdn.shopify.com/s/files/1/0567/1377/3243/products/21738-3453552e-8311-4589-a482-ccbe5cee45ee.jpg?v=1684498390","/media/catalogue/cd2505643599dcdd.webp","processed original","0"
"8612246028611","Mayo Bed Beige-GI","5","https://cdn.shopify.com/s/files/1/0567/1377/3243/products/21738-b4a63bbd-4660-4d6d-8f04-f31c0e6c3159.jpg?v=1684498390","/media/catalogue/c2204ac13940d1bf.webp","processed original","0"
"8612246192451","Mayo Bed Grey-GI","1","https://cdn.shopify.com/s/files/1/0567/1377/3243/products/21736-fdcdcaed-a2f4-4238-8b5a-14e9cd87216d.jpg?v=1684498329","/media/catalogue/6ec9e9794418bbbe.webp","processed original","0"
"8612246192451","Mayo Bed Grey-GI","2","https://cdn.shopify.com/s/files/1/0567/1377/3243/products/21736-d102bac8-fa9a-4663-b5d8-b24f63845a14.jpg?v=1684498329","/media/catalogue/94e4a36fcdcfbc92.webp","processed original","0"
"8612246192451","Mayo Bed Grey-GI","3","https://cdn.shopify.com/s/files/1/0567/1377/3243/products/21736-bfd0cdb1-bcf4-42b6-b5ba-1202505ce9e4.jpg?v=1684498329","/media/catalogue/7e34127284cebc29.webp","processed original","899568"
"8612246192451","Mayo Bed Grey-GI","4","https://cdn.shopify.com/s/files/1/0567/1377/3243/products/21736-637c5725-e9c2-4d1f-bf0b-cfe306110060.jpg?v=1684498329","/media/catalogue/204f73797259ef94.webp","processed original","0"
"8612246192451","Mayo Bed Grey-GI","5","https://cdn.shopify.com/s/files/1/0567/1377/3243/products/21736-0473a03c-a091-4511-a1c2-1e6cf41bb1fc.jpg?v=1684498329","/media/catalogue/66fad2bd05c6155f.webp","processed original","0"
"8612246323523","Oasis Base + Hogan Headboard GI","1","https://cdn.shopify.com/s/files/1/0567/1377/3243/products/20490-be049519-40d3-4792-b60e-d63d5da8787f.jpg?v=1684498241","/media/catalogue/7cf13be89dd84f60.webp","processed original","541182"
"8612246323523","Oasis Base + Hogan Headboard GI","2","https://cdn.shopify.com/s/files/1/0567/1377/3243/products/20490-140f3c14-829b-416b-9dc7-6ff2e7caddcc.jpg?v=1684498241","/media/catalogue/e3a90f39aa44a19c.webp","processed original","0"
"8612246323523","Oasis Base + Hogan Headboard GI","3","https://cdn.shopify.com/s/files/1/0567/1377/3243/products/20490-2ef6065c-b30c-4ad1-95ae-b76f2486c482_a0036d69-816f-499a-8b42-8b949bfd01ba.jpg?v=1684498241","/media/catalogue/0d6a582e79e13387.webp","processed original","0"
"8612246323523","Oasis Base + Hogan Headboard GI","4","https://cdn.shopify.com/s/files/1/0567/1377/3243/products/20490-b708c448-95a9-4557-80a0-ac9266209a2c.jpg?v=1684498241","/media/catalogue/a621946b1fd113bb.webp","processed original","0"
"8612246323523","Oasis Base + Hogan Headboard GI","5","https://cdn.shopify.com/s/files/1/0567/1377/3243/products/20490-c9005b90-3b10-4d11-a3ed-7683a2e3cc0f_d8c55ab6-5ba4-425f-8d74-61a080f0de2e.jpg?v=1684498240","/media/catalogue/a882f7442bd2a0eb.webp","processed original","0"
"8612246323523","Oasis Base + Hogan Headboard GI","6","https://cdn.shopify.com/s/files/1/0567/1377/3243/products/20490-ffb78e22-b028-4068-ae09-b56e1a3ac854.jpg?v=1684479267","/media/catalogue/d2c84395834f4037.webp","processed original","0"
"8612246454595","Oasis Base + Wilson Headboard GI","1","https://cdn.shopify.com/s/files/1/0567/1377/3243/products/20492-67946c40-115b-4055-b9b8-3be031945322.jpg?v=1684498685","/media/catalogue/6463b08b2472fd66.webp","processed original","557864"
"8612246454595","Oasis Base + Wilson Headboard GI","2","https://cdn.shopify.com/s/files/1/0567/1377/3243/products/20492-eadcb039-fd18-435c-a170-3f01291afbec_7adf38b7-174f-45a9-bd32-ab2a031da25a.jpg?v=1684498685","/media/catalogue/ad8d8a81e5c16feb.webp","processed original","0"
"8612246454595","Oasis Base + Wilson Headboard GI","3","https://cdn.shopify.com/s/files/1/0567/1377/3243/products/20492-62a81044-9d98-4cfe-9f97-0183f2a6b81c_7adce7bc-bfa3-4425-98da-0b8e9cfc78e0.jpg?v=1684498685","/media/catalogue/e6aac8c9073728f0.webp","processed original","0"
"8612246454595","Oasis Base + Wilson Headboard GI","4","https://cdn.shopify.com/s/files/1/0567/1377/3243/products/20492-6c31deb9-05e5-4a6e-be54-bda44c57172b_392c668d-7b19-4b2f-a5c0-7b76b349dd74.jpg?v=1684498685","/media/catalogue/054f861338e3ef03.webp","processed original","0"
"8612246454595","Oasis Base + Wilson Headboard GI","5","https://cdn.shopify.com/s/files/1/0567/1377/3243/products/20492-1cb91967-a7df-4ddd-85a6-7ce3224f734a.jpg?v=1684498682","/media/catalogue/99c850f63da23b20.webp","processed original","0"
"8612246454595","Oasis Base + Wilson Headboard GI","6","https://cdn.shopify.com/s/files/1/0567/1377/3243/products/20492-e839f0ac-993f-4748-b0f5-d14a563dade4.jpg?v=1684498682","/media/catalogue/72d1f415a1a2e737.webp","processed original","0"
"8612246487363","Oasis Base GI","1","https://cdn.shopify.com/s/files/1/0567/1377/3243/products/20493-9d2b513d-6979-42c8-a9bc-8ea0de20a0e8.jpg?v=1684498661","/media/catalogue/5d7e15130c5fa8a3.webp","processed original","638914"
"8612246487363","Oasis Base GI","2","https://cdn.shopify.com/s/files/1/0567/1377/3243/products/20493-d723b9c4-e236-4be7-ab79-6ea9519220db.jpg?v=1684498661","/media/catalogue/ec2ba66ff2cbc184.webp","processed original","0"
"8612246487363","Oasis Base GI","3","https://cdn.shopify.com/s/files/1/0567/1377/3243/products/20493-03e8e428-87bf-4220-9543-4c95a02eb0a5_994eed00-1e99-47e7-9207-eaa13afdd2b2.jpg?v=1684498661","/media/catalogue/fad055ebfcbb2886.webp","processed original","0"
"8612246487363","Oasis Base GI","4","https://cdn.shopify.com/s/files/1/0567/1377/3243/products/20493-abf6fd79-46ee-4eb5-88aa-4c13d75cebea.jpg?v=1684498661","/media/catalogue/4be2adb162abed3d.webp","processed original","0"
"8612246552899","Parker Headboard  - GI","1","https://cdn.shopify.com/s/files/1/0567/1377/3243/products/20500-b32f55e4-0b83-4322-ba6d-446a3acbeaf5_69dcd841-9ef1-4d62-af0f-31f409be5530.jpg?v=1684479317","/media/catalogue/5c24fe341a83aac0.webp","processed original","0"
"8612246552899","Parker Headboard  - GI","2","https://cdn.shopify.com/s/files/1/0567/1377/3243/products/20500-676f8729-781c-4b85-9646-88d0335430ba.jpg?v=1684479317","/media/catalogue/d4d91ac6821f7f26.webp","processed original","423159"
"8612246552899","Parker Headboard  - GI","3","https://cdn.shopify.com/s/files/1/0567/1377/3243/products/20500-d8a6b917-fa42-42fe-857a-bfac21a9f7a6_41366e71-8f5e-45f3-9cf3-d91b3490e9da.jpg?v=1684479317","/media/catalogue/64e0a50a2b01819f.webp","processed original","288902"
"8612246618435","R60-M GI","1","https://cdn.shopify.com/s/files/1/0567/1377/3243/products/21238-f560cd5e-98b5-4212-b7db-e28923c44f9f.jpg?v=1684479325","/media/catalogue/334d828c0957d258.webp","processed original","1485266"
"8612246716739","Rukas 0032 Rug","1","https://cdn.shopify.com/s/files/1/0567/1377/3243/products/21757-9abdf998-53c7-4bb7-8769-f2806e1b4d5d.jpg?v=1684479334","/media/catalogue/1fe0c34377111c80.webp","processed original","0"
"8612246815043","Rukas 0204A Rug -","1","https://cdn.shopify.com/s/files/1/0567/1377/3243/products/21753-a5944e0b-ac66-4cf6-b446-45029d2c402f.jpg?v=1684479343","/media/catalogue/584ecea3148a1e7b.webp","processed original","0"
"8612246880579","Rukas 0241 Rug","1","https://cdn.shopify.com/s/files/1/0567/1377/3243/products/21754-88ed7371-5eca-4d06-9cd5-0f842efb0a72.jpg?v=1684479350","/media/catalogue/6541230899d0f921.webp","processed original","0"
"8612247109955","Rukas 0254 Rug","1","https://cdn.shopify.com/s/files/1/0567/1377/3243/products/21756-aed26b8d-b19e-4eba-8326-2f9e9af7d4db.jpg?v=1684479369","/media/catalogue/faa1b7a4d4d8832b.webp","processed original","0"
"8612247208259","Rukas 0509 Rug","1","https://cdn.shopify.com/s/files/1/0567/1377/3243/products/21764-9ee9faf0-78b5-46d8-aedf-e4d2bc7d8173.jpg?v=1684479378","/media/catalogue/f936b4632c6b0e30.webp","processed original","7083"
"8612247273795","Rukas 0516 Rug","1","https://cdn.shopify.com/s/files/1/0567/1377/3243/products/21763-349796ab-ffa5-439d-95e2-793b502e0031.jpg?v=1684479383","/media/catalogue/3dfcb00a5b7027cb.webp","processed original","0"
"8612247339331","Rukas 0549 Rug","1","https://cdn.shopify.com/s/files/1/0567/1377/3243/products/21761-2281b87b-e43a-41df-8b50-20e31d73440b.jpg?v=1684479389","/media/catalogue/8de5dd48e5f46679.webp","processed original","0"
"8612247404867","Rukas 0557 Rug","1","https://cdn.shopify.com/s/files/1/0567/1377/3243/products/21762-1f8ebfc1-309d-4f38-9ac0-4d6456bc36c2.jpg?v=1684479395","/media/catalogue/a4a234929b65bd6c.webp","processed original","0"
"8612247568707","Rukas 0565 Rug","1","https://cdn.shopify.com/s/files/1/0567/1377/3243/products/21759-10009a50-d4c3-454d-8187-f37479f19844_f9b05753-8cb1-4dea-893a-4bafa21a3fa1.jpg?v=1684479412","/media/catalogue/de2f9761212d8560.webp","processed original","0"
"8612247667011","Silver TV Unit S32M-SV GI","1","https://cdn.shopify.com/s/files/1/0567/1377/3243/products/21232-487d89d6-1291-48ce-99e5-97276fbc7f94.jpg?v=1684479420","/media/catalogue/879dbd9ead2cb6e3.webp","processed original","1243835"
"8612247699779","Silver TV Unit S36M GI","1","https://cdn.shopify.com/s/files/1/0567/1377/3243/products/21231-0ba81d0b-ab0f-4343-886c-efd2305e53f2.jpg?v=1684479428","/media/catalogue/c827a87d6adde60a.webp","processed original","321586"
"8612247699779","Silver TV Unit S36M GI","2","https://cdn.shopify.com/s/files/1/0567/1377/3243/products/21231-e3e28599-c141-46c7-8685-1a195b2197db.jpg?v=1684499160","/media/catalogue/d798f3a4ea23ef36.webp","processed original","316867"
"8612247699779","Silver TV Unit S36M GI","3","https://cdn.shopify.com/s/files/1/0567/1377/3243/products/21231-1151871b-56f9-49d2-8841-376507d9b4fa.jpg?v=1684499160","/media/catalogue/eb3f3ba119bb8d97.webp","processed original","326507"
"8612247699779","Silver TV Unit S36M GI","4","https://cdn.shopify.com/s/files/1/0567/1377/3243/products/21231-fd223569-734e-4ffe-860d-ed4169e78d9c.jpg?v=1684499160","/media/catalogue/b0eef285dfac5a93.webp","processed original","463922"
"8612247699779","Silver TV Unit S36M GI","5","https://cdn.shopify.com/s/files/1/0567/1377/3243/products/21231-c5a6c494-eab9-4014-9cc4-c400b9601a7d.jpg?v=1684499160","/media/catalogue/a55fdcafa015ff31.webp","processed original","408998"
"8612247929155","Sligo Gas Lift Bed-GI","1","https://cdn.shopify.com/s/files/1/0567/1377/3243/products/21778-15119e38-8ce9-47f3-af4b-3e6d58c1ee70.jpg?v=1684499121","/media/catalogue/96766e0ac9f3d6bc.webp","processed original","0"
"8612247929155","Sligo Gas Lift Bed-GI","2","https://cdn.shopify.com/s/files/1/0567/1377/3243/products/21778-2958fd8a-c815-465c-a717-87663de5d6d3.jpg?v=1684499121","/media/catalogue/0f9ab207c11bab0a.webp","processed original","0"
"8612247929155","Sligo Gas Lift Bed-GI","3","https://cdn.shopify.com/s/files/1/0567/1377/3243/products/21778-c739075d-6297-4468-98ea-daae66a41839.jpg?v=1684499121","/media/catalogue/07f44f3a4e7e6026.webp","processed original","0"
"8612247929155","Sligo Gas Lift Bed-GI","4","https://cdn.shopify.com/s/files/1/0567/1377/3243/products/21778-5f6818e8-0c55-4787-ae58-09afd75a5512.jpg?v=1684499121","/media/catalogue/fe05da84ba2268b3.webp","processed original","0"
"8612247929155","Sligo Gas Lift Bed-GI","5","https://cdn.shopify.com/s/files/1/0567/1377/3243/products/21778-509c4a4e-ae78-4d9d-9dc1-b352eef23004.jpg?v=1684499121","/media/catalogue/f663bc57d7e87b40.webp","processed original","474000"
"8612248191299","Soho Footstool GI","1","https://cdn.shopify.com/s/files/1/0567/1377/3243/products/21288-941f4a0f-f1d7-463d-b6c1-c42883ba74d4.jpg?v=1684499746","/media/catalogue/56572f0b860d75df.webp","processed original","974895"
"8612248191299","Soho Footstool GI","2","https://cdn.shopify.com/s/files/1/0567/1377/3243/products/21288-220618c7-33e1-4377-af08-9f34997b2f4b.jpg?v=1684499746","/media/catalogue/903172a7578ab059.webp","processed original","0"
"8612248518979","Soho Locker GI","1","https://cdn.shopify.com/s/files/1/0567/1377/3243/products/21287-0c1331c7-4fd3-4132-b5d5-9d65f0a1f3de.jpg?v=1684479483","/media/catalogue/6198a2b48c2f31c7.webp","processed original","0"
"8612248518979","Soho Locker GI","2","https://cdn.shopify.com/s/files/1/0567/1377/3243/products/21287-c1ed4530-0acd-47a8-820e-d6e57d6b729a.jpg?v=1684479483","/media/catalogue/babdffad333e022d.webp","processed original","0"
"8612248617283","TV Unit T32-S - GI","1","https://cdn.shopify.com/s/files/1/0567/1377/3243/products/21234-ce230dc1-aebb-40b2-8034-1b10a10a04fb.jpg?v=1684479493","/media/catalogue/7cc79db8ff8b0600.webp","processed original","1327703"
"8612248846659","Taylor Bed GI","1","https://cdn.shopify.com/s/files/1/0567/1377/3243/products/20535-34650d28-ccc5-470c-92cf-6c4a0f8537cd.jpg?v=1684479506","/media/catalogue/9f2f772951dae69a.webp","processed original","416885"
"8612248846659","Taylor Bed GI","2","https://cdn.shopify.com/s/files/1/0567/1377/3243/products/20535-72ad0f51-d154-4ddd-b63a-00204310c74e.png?v=1684499447","/media/catalogue/74dd18c7b6e91bd6.webp","processed original","0"
"8612248846659","Taylor Bed GI","3","https://cdn.shopify.com/s/files/1/0567/1377/3243/products/20535-b4b55e22-be51-44b7-81a6-f6334d42a49a.jpg?v=1684499447","/media/catalogue/6e2773702200c342.webp","processed original","492038"
"8612248846659","Taylor Bed GI","4","https://cdn.shopify.com/s/files/1/0567/1377/3243/products/20535-2eb3a907-b4c4-4f82-8528-f340f75a7c5a.jpg?v=1684499447","/media/catalogue/bb06f39e592e6532.webp","processed original","0"
"8612248846659","Taylor Bed GI","5","https://cdn.shopify.com/s/files/1/0567/1377/3243/products/20535-b99ab809-9923-4dfe-ad47-ba1253f59211.jpg?v=1684499447","/media/catalogue/b21a35e75854f95d.webp","processed original","0"
"8612248846659","Taylor Bed GI","6","https://cdn.shopify.com/s/files/1/0567/1377/3243/products/20535-6c904a3f-b47a-44c9-9648-3153f7960146.jpg?v=1684499447","/media/catalogue/2766ac777b5e0c69.webp","processed original","0"
"8612248846659","Taylor Bed GI","7","https://cdn.shopify.com/s/files/1/0567/1377/3243/products/20535-fb537753-ae30-4821-a090-1b68f0d4a836.jpg?v=1684499447","/media/catalogue/276e453102c37036.webp","processed original","0"
"8612249043267","Tower Gas Lift - 5FT - GI","1","https://cdn.shopify.com/s/files/1/0567/1377/3243/products/21283-031c1744-a11f-4a43-8ea1-730e94838add.jpg?v=1684499324","/media/catalogue/e729c61b4e4f06eb.webp","processed original","872108"
"8612249043267","Tower Gas Lift - 5FT - GI","2","https://cdn.shopify.com/s/files/1/0567/1377/3243/products/21283-62953f5e-24d5-487c-9368-2879c8f193d5.jpg?v=1684499324","/media/catalogue/c5faf4b12b5a09b4.webp","processed original","0"
"8612249043267","Tower Gas Lift - 5FT - GI","3","https://cdn.shopify.com/s/files/1/0567/1377/3243/products/21283-9784696e-50fc-4c1d-ab91-f70cadd47458.jpg?v=1684479555","/media/catalogue/ba9e1994bd156425.webp","processed original","994128"
"8612249043267","Tower Gas Lift - 5FT - GI","4","https://cdn.shopify.com/s/files/1/0567/1377/3243/products/21283-ba970423-5cd7-4f71-bad2-8f28ad9c42fb.jpg?v=1684479555","/media/catalogue/420fdcab4d5ddd62.webp","processed original","789998"
"8612249108803","Twist 10620 Rug","1","https://cdn.shopify.com/s/files/1/0567/1377/3243/products/21751-34060021-abfc-430f-aa76-b4bd570548cd_63e9006b-ac9a-47f2-9593-cc950f65d60b.jpg?v=1684479560","/media/catalogue/453a4ba4f8648fce.webp","processed original","0"
"8612249239875","Twist 10629 Rug","1","https://cdn.shopify.com/s/files/1/0567/1377/3243/products/21747-c581ff4c-d7d5-44de-8af0-8339a4be7e94_c2aa49f7-9823-4b83-9967-9c25af0038b5.jpg?v=1684479572","/media/catalogue/4185fc0850db912e.webp","processed original","0"
"8612249338179","Twist 10638 Rug","1","https://cdn.shopify.com/s/files/1/0567/1377/3243/products/21752-a974133b-6091-4947-9b08-191514b96a23_0b1887a9-31ea-445b-bef2-eec772d238e2.jpg?v=1684479582","/media/catalogue/73aad4797cf1669f.webp","processed original","689303"
"8612249436483","Twist 1752 Rug","1","https://cdn.shopify.com/s/files/1/0567/1377/3243/products/21749-77dcf358-a142-44e5-a392-34642e1b6035_564aa724-6dfd-45b6-a11d-4d584976a5ec.jpg?v=1684479590","/media/catalogue/59953339ad5b5f94.webp","processed original","0"
"8612249600323","Twist 1991 Rug","1","https://cdn.shopify.com/s/files/1/0567/1377/3243/products/21748-d7226514-2d1e-4807-ba46-2831ee48fab5_9978bb44-67b9-40fb-93f8-aafa50d7b769.jpg?v=1684479601","/media/catalogue/bda70630d32855c1.webp","processed original","0"
"8612249764163","Twist 2098 Rug","1","https://cdn.shopify.com/s/files/1/0567/1377/3243/products/21772-b963b4d5-600f-4ab3-a318-1972f24cb00a_607672c5-4220-484a-a3f9-b3ac7fac7652.jpg?v=1684479613","/media/catalogue/17ee2095d11805e4.webp","processed original","688650"
"8612249862467","Twist Brown T1009 Rug","1","https://cdn.shopify.com/s/files/1/0567/1377/3243/products/21745-f33df7d1-e102-49c8-8f64-6c503dea6bf2_6ac3b18d-d236-42fc-bfd8-b5d86192f88e.jpg?v=1684479622","/media/catalogue/cd45f1ccd454ca19.webp","processed original","0"
"8612249960771","Twist Grey T1009 Rug","1","https://cdn.shopify.com/s/files/1/0567/1377/3243/products/21746-d45c3f7c-85bd-4cdb-930d-2a71219de9b2_f169920a-44f6-4953-aedc-69a6b76162b2.jpg?v=1684479631","/media/catalogue/ebdf3510ac750f00.webp","processed original","0"
"8612250091843","Twist T1009 Green Rug","1","https://cdn.shopify.com/s/files/1/0567/1377/3243/products/21743-6c588472-e6d7-4f99-99be-d4049566f3bd_a02dd436-cddf-4f84-9564-e11a9354873a.jpg?v=1684479646","/media/catalogue/d035338dba53f174.webp","processed original","0"
"8612250091843","Twist T1009 Green Rug","2","https://cdn.shopify.com/s/files/1/0567/1377/3243/products/21743-cd553191-e5f7-406d-b101-cf3dcddf4f15_5cbf53ea-4ed7-46cc-87ab-57f62fb898ab.jpg?v=1684479646","/media/catalogue/40bdd2f0eee69a98.webp","processed original","0"
"8612250222915","Twist T1739 Rug","1","https://cdn.shopify.com/s/files/1/0567/1377/3243/products/21750-1cd8a2e7-6f6f-4ca4-a89b-98c829ffb5eb_c02ac051-946f-47fb-b5be-f693f2a8f9f1.jpg?v=1684479653","/media/catalogue/cf80be20da7ed381.webp","processed original","0"
"8612250321219","Twist Terracotta T1009 Rug","1","https://cdn.shopify.com/s/files/1/0567/1377/3243/products/21744-25e78c82-15ac-4210-aa95-a038e4e70548_c3b2efa5-4426-43c5-9705-119fe7a1ac9c.jpg?v=1684479662","/media/catalogue/d2951a3d87348df5.webp","processed original","0"
"8629913223491","Bray Accent Chair IM","1","https://cdn.shopify.com/s/files/1/0567/1377/3243/files/IMG-bray-rust.webp?v=1715106346","/media/catalogue/d69e4cf29c0dead7.webp","processed original","0"
"8629913223491","Bray Accent Chair IM","2","https://cdn.shopify.com/s/files/1/0567/1377/3243/files/IMG-bray-rust-back.webp?v=1715106346","/media/catalogue/2274b69d0efd24b2.webp","processed original","0"
"8629913223491","Bray Accent Chair IM","3","https://cdn.shopify.com/s/files/1/0567/1377/3243/files/IMG-bray-rust-font.webp?v=1715106346","/media/catalogue/d01e8b1abab16e57.webp","processed original","0"
"8629913223491","Bray Accent Chair IM","4","https://cdn.shopify.com/s/files/1/0567/1377/3243/files/IMG-bray-washed-denim_584b2686-e09a-4fc7-9259-53b3968fe4d9.webp?v=1715106338","/media/catalogue/82aad52adaf0d59b.webp","processed original","0"
"8629913223491","Bray Accent Chair IM","5","https://cdn.shopify.com/s/files/1/0567/1377/3243/files/IMG-bray-washed-denim-back_c500d31d-2fc0-4e74-a8ff-10e0e6bd5112.webp?v=1715106337","/media/catalogue/e689f176b863ee02.webp","processed original","0"
"8629913223491","Bray Accent Chair IM","6","https://cdn.shopify.com/s/files/1/0567/1377/3243/files/IMG-bray-washed-denim-front_2e79cb31-5a1b-46ec-bd85-59eed594d635.webp?v=1715106340","/media/catalogue/55edaa7b0ea4c87e.webp","processed original","0"
"8630273638723","Callie Accent Chair - IM","1","https://cdn.shopify.com/s/files/1/0567/1377/3243/files/0001909_callie-accent-chair-viola-aluminium.jpg?v=1685590464","/media/catalogue/61e89538a706c948.webp","processed original","1231845"
"8630273638723","Callie Accent Chair - IM","2","https://cdn.shopify.com/s/files/1/0567/1377/3243/files/0001915_callie-accent-chair-sic-vogue-9-amber.jpg?v=1685590501","/media/catalogue/c4e37fb86873f265.webp","processed original","1254932"
"8630273638723","Callie Accent Chair - IM","3","https://cdn.shopify.com/s/files/1/0567/1377/3243/files/0001920_callie-accent-chair-viola-amber-green.jpg?v=1685590567","/media/catalogue/e867232e869db165.webp","processed original","1224583"
"8630273638723","Callie Accent Chair - IM","4","https://cdn.shopify.com/s/files/1/0567/1377/3243/files/0001925_callie-accent-chair-viola-blossom.jpg?v=1685590567","/media/catalogue/04d2a777d9be6f24.webp","processed original","1205828"
"8630273638723","Callie Accent Chair - IM","5","https://cdn.shopify.com/s/files/1/0567/1377/3243/files/0001930_callie-accent-chair-viola-camel.jpg?v=1685590567","/media/catalogue/0cfed2188d4e2b1d.webp","processed original","1209440"
"8630273638723","Callie Accent Chair - IM","6","https://cdn.shopify.com/s/files/1/0567/1377/3243/files/0001924_callie-accent-chair-viola-blossom.jpg?v=1685590567","/media/catalogue/6904646ecda77e30.webp","processed original","1206394"
"8630273638723","Callie Accent Chair - IM","7","https://cdn.shopify.com/s/files/1/0567/1377/3243/files/0001911_callie-accent-chair-viola-aluminium_1.jpg?v=1685590567","/media/catalogue/83b58afa5ac97433.webp","processed original","1285358"
"8630273638723","Callie Accent Chair - IM","8","https://cdn.shopify.com/s/files/1/0567/1377/3243/files/0001913_callie-accent-chair-viola-aluminium_1.jpg?v=1685590567","/media/catalogue/36feed6aefd301b3.webp","processed original","1199287"
"8630273638723","Callie Accent Chair - IM","9","https://cdn.shopify.com/s/files/1/0567/1377/3243/files/0001916_callie-accent-chair-sic-vogue-9-amber.jpg?v=1685590567","/media/catalogue/b4053bfd287a15ca.webp","processed original","1315479"
"8630273638723","Callie Accent Chair - IM","10","https://cdn.shopify.com/s/files/1/0567/1377/3243/files/0001918_callie-accent-chair-sic-vogue-9-amber.jpg?v=1685590567","/media/catalogue/b93c2d1dc84a5e00.webp","processed original","1226453"
"8630273638723","Callie Accent Chair - IM","11","https://cdn.shopify.com/s/files/1/0567/1377/3243/files/0001921_callie-accent-chair-viola-amber-green.jpg?v=1685590567","/media/catalogue/082e6b18817439dd.webp","processed original","1300271"
"8630273638723","Callie Accent Chair - IM","12","https://cdn.shopify.com/s/files/1/0567/1377/3243/files/0001923_callie-accent-chair-viola-amber-green.jpg?v=1685590567","/media/catalogue/ea0f2946be695df6.webp","processed original","1207865"
"8630273638723","Callie Accent Chair - IM","13","https://cdn.shopify.com/s/files/1/0567/1377/3243/files/0001927_callie-accent-chair-viola-blossom.jpg?v=1685590567","/media/catalogue/d58c0ee085704bdf.webp","processed original","1203238"
"8630273638723","Callie Accent Chair - IM","14","https://cdn.shopify.com/s/files/1/0567/1377/3243/files/0001931_callie-accent-chair-viola-camel.jpg?v=1685590496","/media/catalogue/24523ad72ea1d41e.webp","processed original","1319048"
"8630273638723","Callie Accent Chair - IM","15","https://cdn.shopify.com/s/files/1/0567/1377/3243/files/0001933_callie-accent-chair-viola-camel.jpg?v=1685590495","/media/catalogue/7b24fd20bf190849.webp","processed original","1226710"
"8630277964099","Evan 1 Seater Lift & Rise Sultry - IM","1","https://cdn.shopify.com/s/files/1/0567/1377/3243/files/0002072_evan-1-seater-lift-rise-sultry.jpg?v=1685590983","/media/catalogue/604b45188ba90651.webp","processed original","1198293"
"8630289269059","Boston Sofa Bed - IM","1","https://cdn.shopify.com/s/files/1/0567/1377/3243/files/boston-mustard_eyk.webp?v=1706783020","/media/catalogue/392b97d96cca658c.webp","processed original","284947"
"8630289269059","Boston Sofa Bed - IM","2","https://cdn.shopify.com/s/files/1/0567/1377/3243/files/Boston-Teal-Patchwork_eyk.webp?v=1706783022","/media/catalogue/79513eee85c10392.webp","processed original","0"
"8630289269059","Boston Sofa Bed - IM","3","https://cdn.shopify.com/s/files/1/0567/1377/3243/files/Boston-Teal-Patchwork2_eyk.webp?v=1706783022","/media/catalogue/8e1343a7c5b0675b.webp","processed original","0"
"8630289269059","Boston Sofa Bed - IM","4","https://cdn.shopify.com/s/files/1/0567/1377/3243/files/boston-mustard-bed_eyk_1.webp?v=1706783085","/media/catalogue/e8d8c20fd2f24f1b.webp","processed original","316381"
"8630289269059","Boston Sofa Bed - IM","5","https://cdn.shopify.com/s/files/1/0567/1377/3243/files/0003552_boston-sofa-bed-liberty-deep-terra.png?v=1786189806","/media/catalogue/5d3b2dfa71074a73.webp","processed original","0"
"8630289269059","Boston Sofa Bed - IM","6","https://cdn.shopify.com/s/files/1/0567/1377/3243/files/0003555_boston-sofa-bed-liberty-stone.png?v=1786189806","/media/catalogue/a8e8480ddd5947ad.webp","processed original","0"
"8630289269059","Boston Sofa Bed - IM","7","https://cdn.shopify.com/s/files/1/0567/1377/3243/files/0003558_boston-sofa-bed-liberty-winter-moss.png?v=1786189806","/media/catalogue/290dcd719c0aed71.webp","processed original","0"
"8630327705923","Union Fabric Bean Chair - Brown (Kaki) IM","1","https://cdn.shopify.com/s/files/1/0567/1377/3243/files/0001861_union-fabric-bean-chair-brown-kaki.jpg?v=1685599508","/media/catalogue/3ed5391537216294.webp","processed original","562538"
"8639278711107","Jack Bed-GA","1","https://cdn.shopify.com/s/files/1/0567/1377/3243/files/sJackBedroomLifestylePhoto.jpg?v=1686229710","/media/catalogue/fc80fbc47b4ea0c8.webp","processed original","0"
"8639296176451","Jack 2 Drawer Locker-GA","1","https://cdn.shopify.com/s/files/1/0567/1377/3243/files/Jack2DrawerLocker.jpg?v=1686230230","/media/catalogue/a5b89dea75c89f09.webp","processed original","687698"
"8639334089027","Jack 6 Drawer Wide Chest GA","1","https://cdn.shopify.com/s/files/1/0567/1377/3243/files/Jack6DrawerWideChest.jpg?v=1686231312","/media/catalogue/1c4c9c6678d68aa9.webp","processed original","535466"
"8639334482243","Jack 5 Drawer Tall Chest-GA","1","https://cdn.shopify.com/s/files/1/0567/1377/3243/files/Jack5DrawerTallChest.jpg?v=1686231321","/media/catalogue/feed4e0b4090a64e.webp","processed original","629840"
"8639405293891","Whitney White Bed GA","1","https://cdn.shopify.com/s/files/1/0567/1377/3243/files/WhitneyBed.jpg?v=1686233483","/media/catalogue/082df285b2810384.webp","processed original","980682"
"8639422857539","Whitney 3 Drawer Locker GA","1","https://cdn.shopify.com/s/files/1/0567/1377/3243/files/WhitneyBedsideLocker.jpg?v=1686233958","/media/catalogue/e69e33d30cae694b.webp","processed original","1211378"
"8639432753475","Whitney 3+2 Drawer Chest GA","1","https://cdn.shopify.com/s/files/1/0567/1377/3243/files/Whitney3_2DrawerChest.jpg?v=1686234272","/media/catalogue/40475ee9c29425a0.webp","processed original","1476744"
"8639440748867","Lucy 3ft Bed GA","1","https://cdn.shopify.com/s/files/1/0567/1377/3243/files/LucyBedroom.jpg?v=1686234602","/media/catalogue/f12b937b7bbf7791.webp","processed original","0"
"8639562940739","Lucy One Drawer Locker GA","1","https://cdn.shopify.com/s/files/1/0567/1377/3243/files/1DrawerLocker.jpg?v=1686239537","/media/catalogue/6aa0b96c6afb1514.webp","processed original","970040"
"8639563923779","Lucy 3 Drawer Chest GA","1","https://cdn.shopify.com/s/files/1/0567/1377/3243/files/3DrawerChest.jpg?v=1686239687","/media/catalogue/1dcae370bc587655.webp","processed original","860908"
"8639564054851","Lucy Hanging Mirror GA","1","https://cdn.shopify.com/s/files/1/0567/1377/3243/files/SingleMirror.jpg?v=1686239785","/media/catalogue/833355291675db01.webp","processed original","262836"
"8639565005123","Lucy Double Wardrobe GA","1","https://cdn.shopify.com/s/files/1/0567/1377/3243/files/DoubleWardrobe.jpg?v=1686239905","/media/catalogue/b152ff92eebdf0a4.webp","processed original","854173"
"8639645942083","Jack TV Unit-GA","1","https://cdn.shopify.com/s/files/1/0567/1377/3243/files/JackTVUnit.jpg?v=1686248900","/media/catalogue/78de850f14cad45d.webp","processed original","574588"
"8639646597443","Jack Coffee Table-GA","1","https://cdn.shopify.com/s/files/1/0567/1377/3243/files/JackCoffeeTable.jpg?v=1686248997","/media/catalogue/1987343c8223cd6a.webp","processed original","875059"
"8639647154499","Jack Lamp Table-GA","1","https://cdn.shopify.com/s/files/1/0567/1377/3243/files/JackLampTable.jpg?v=1686249084","/media/catalogue/0d705cce8e3762f9.webp","processed original","809147"
"8639675760963","Dario 1.4 Metre Dining Table with Black Legs GA","1","https://cdn.shopify.com/s/files/1/0567/1377/3243/files/DarioDiningBlackLegCapture.png?v=1686250911","/media/catalogue/08c5eaa1ba19336e.webp","processed original","0"
"8639683854659","Dario 1.4 Metre Dining Table with Chrome Legs GA","1","https://cdn.shopify.com/s/files/1/0567/1377/3243/files/DarioDiningChromeLegCapture.png?v=1686251382","/media/catalogue/5b6b2299e159a017.webp","processed original","0"
"8639687655747","Dario Round Table with Black Legs GA","1","https://cdn.shopify.com/s/files/1/0567/1377/3243/files/DarioRoundBlackXLegs.png?v=1686251560","/media/catalogue/85e1d26adcec6230.webp","processed original","0"
"8639690277187","Dario Round Table with Chrome Legs GA","1","https://cdn.shopify.com/s/files/1/0567/1377/3243/files/DarioRoundChromeXLegs.png?v=1686251723","/media/catalogue/fb0bbb005e880720.webp","processed original","0"
"8639697256771","Branca Bench PU GA","1","https://cdn.shopify.com/s/files/1/0567/1377/3243/files/BrancaBlueBench.png?v=1686252149","/media/catalogue/93cb3c35b346e6bf.webp","processed original","333060"
"8639697256771","Branca Bench PU GA","2","https://cdn.shopify.com/s/files/1/0567/1377/3243/files/BrancaGreyBench.jpg?v=1686252148","/media/catalogue/a9d0bd6ec1d06670.webp","processed original","333084"
"8640133824835","Branca Dining Chair GA","1","https://cdn.shopify.com/s/files/1/0567/1377/3243/files/BrankaBlackCapture.png?v=1686270480","/media/catalogue/d03df86b7998d1f9.webp","processed original","188710"
"8640133824835","Branca Dining Chair GA","2","https://cdn.shopify.com/s/files/1/0567/1377/3243/files/sBrancaBlueChair.jpg?v=1686275460","/media/catalogue/c97d01acf371e428.webp","processed original","977879"
"8640133824835","Branca Dining Chair GA","3","https://cdn.shopify.com/s/files/1/0567/1377/3243/files/sBrancaGreyChair.jpg?v=1686275460","/media/catalogue/6350382fd23b6e0e.webp","processed original","1081606"
"8640133824835","Branca Dining Chair GA","4","https://cdn.shopify.com/s/files/1/0567/1377/3243/files/sBrancaYellowChair.jpg?v=1686275460","/media/catalogue/2417064eaef9d00d.webp","processed original","1092248"
"8640133824835","Branca Dining Chair GA","5","https://cdn.shopify.com/s/files/1/0567/1377/3243/files/sBrancaTaupeChair.jpg?v=1686275527","/media/catalogue/122f73df10e26c6f.webp","processed original","153682"
"8640187400515","Retro Bar Stool GA","1","https://cdn.shopify.com/s/files/1/0567/1377/3243/files/sRetroBarStoolSageGreen.jpg?v=1686274300","/media/catalogue/a089350d947aaa0c.webp","processed original","145900"
"8640187400515","Retro Bar Stool GA","2","https://cdn.shopify.com/s/files/1/0567/1377/3243/files/sRetroBarStoolShadowBrown.jpg?v=1686274299","/media/catalogue/4f97f10a329deb3e.webp","processed original","138397"
"8640187400515","Retro Bar Stool GA","3","https://cdn.shopify.com/s/files/1/0567/1377/3243/files/sRetroBarStoolSkylightBlue.jpg?v=1686274300","/media/catalogue/9d8febab1c3b6d3e.webp","processed original","155150"
"8640187400515","Retro Bar Stool GA","4","https://cdn.shopify.com/s/files/1/0567/1377/3243/files/sRetroBarStoolPaleOyster.jpg?v=1686274299","/media/catalogue/f14ea81cb3db2bc9.webp","processed original","136933"
"8640187400515","Retro Bar Stool GA","5","https://cdn.shopify.com/s/files/1/0567/1377/3243/files/sRetroBarStoolConcordGrey.jpg?v=1686274299","/media/catalogue/9b28123cd58f93c1.webp","processed original","125774"
"8640194347331","Talia Bar Stool GA","1","https://cdn.shopify.com/s/files/1/0567/1377/3243/files/sTaliaBarStoolGrey.jpg?v=1686274830","/media/catalogue/9c2b919095c6df6a.webp","processed original","727286"
"8640194347331","Talia Bar Stool GA","2","https://cdn.shopify.com/s/files/1/0567/1377/3243/files/sTaliaBarStoolBlue.jpg?v=1686274830","/media/catalogue/8f993983c52ed1e5.webp","processed original","726547"
"8640194347331","Talia Bar Stool GA","3","https://cdn.shopify.com/s/files/1/0567/1377/3243/files/sTaliaBarStoolOrange.jpg?v=1686274830","/media/catalogue/832392927a84b683.webp","processed original","704077"
"8640808354115","Infinity Lamp Table GA","1","https://cdn.shopify.com/s/files/1/0567/1377/3243/files/INFINLABL_1_2c756e61-03d1-4830-8eb6-bff27d2d9a8d.jpg?v=1686314250","/media/catalogue/4eaa56973802def8.webp","processed original","1908203"
"8640808354115","Infinity Lamp Table GA","2","https://cdn.shopify.com/s/files/1/0567/1377/3243/files/INFINLAWH_2.jpg?v=1686314249","/media/catalogue/582b0c650c92405a.webp","processed original","1657803"
"8640808354115","Infinity Lamp Table GA","3","https://cdn.shopify.com/s/files/1/0567/1377/3243/files/INFINLAGR_1_ee47739b-6829-40dc-a23e-8c80fcffa44a.jpg?v=1686314249","/media/catalogue/372b4a02cf0575d5.webp","processed original","1858598"
"8640808354115","Infinity Lamp Table GA","4","https://cdn.shopify.com/s/files/1/0567/1377/3243/files/INFINLABL_2.jpg?v=1686314249","/media/catalogue/fc4c870149236a56.webp","processed original","1865015"
"8640808354115","Infinity Lamp Table GA","5","https://cdn.shopify.com/s/files/1/0567/1377/3243/files/INFINLABL_3_2388764a-569f-499a-be49-96018e1ccf1b.jpg?v=1686314249","/media/catalogue/aff3a3c9ae88df21.webp","processed original","1558612"
"8640808354115","Infinity Lamp Table GA","6","https://cdn.shopify.com/s/files/1/0567/1377/3243/files/INFINLAGR_2_34e55c29-73d6-4269-ba76-00c169753d07.jpg?v=1686314249","/media/catalogue/9426a6f37f13d3d8.webp","processed original","1870839"
"8640808354115","Infinity Lamp Table GA","7","https://cdn.shopify.com/s/files/1/0567/1377/3243/files/INFINLAGR_4.jpg?v=1686314249","/media/catalogue/d80b20cd66651f8f.webp","processed original","1516148"
"8640808354115","Infinity Lamp Table GA","8","https://cdn.shopify.com/s/files/1/0567/1377/3243/files/INFINLAWH_1_ac51ad08-eaaa-43aa-9382-79959f3bb5c3.jpg?v=1686314249","/media/catalogue/5e77a6751e4792ab.webp","processed original","2024144"
"8640808354115","Infinity Lamp Table GA","9","https://cdn.shopify.com/s/files/1/0567/1377/3243/files/INFINLAWH_3_dd75cf36-87e2-4634-91a4-9da22470f79c.jpg?v=1686314250","/media/catalogue/830d0fb9cdf2e1e8.webp","processed original","1954809"
"8640815268163","Verona Lamp Table GA","1","https://cdn.shopify.com/s/files/1/0567/1377/3243/files/VERLAMOAK_1_d7918746-f77b-46f8-bdf7-97cae23013db.jpg?v=1686314660","/media/catalogue/d7431bd5b0e1b2e3.webp","processed original","1715085"
"8640815268163","Verona Lamp Table GA","2","https://cdn.shopify.com/s/files/1/0567/1377/3243/files/VERLAMMAR_1_a9ae9663-a454-4326-b1a5-bdb6c2ba55df.jpg?v=1686314661","/media/catalogue/ba3b655e274363cf.webp","processed original","1713243"
"8640815268163","Verona Lamp Table GA","3","https://cdn.shopify.com/s/files/1/0567/1377/3243/files/VERLAMMAR_2_90f8e144-30aa-4431-aeae-3f1a9fd93298.jpg?v=1686314660","/media/catalogue/3b40cdffc656fb9d.webp","processed original","1755827"
"8640815268163","Verona Lamp Table GA","4","https://cdn.shopify.com/s/files/1/0567/1377/3243/files/VERLAMMAR_3.jpg?v=1686314660","/media/catalogue/55a2b54766e6b6d0.webp","processed original","1590649"
"8640815268163","Verona Lamp Table GA","5","https://cdn.shopify.com/s/files/1/0567/1377/3243/files/VERLAMOAK_2_6fab029e-641a-4c65-93b1-fc2ad92b3960.jpg?v=1686314660","/media/catalogue/b6c6d57c00fcdcb4.webp","processed original","1603661"
"8640815268163","Verona Lamp Table GA","6","https://cdn.shopify.com/s/files/1/0567/1377/3243/files/VERLAMOAK_3.jpg?v=1686314660","/media/catalogue/dfbe6c2530451e1a.webp","processed original","1801896"
"8640826868035","Vicenza Dining Chair Tuape GA","1","https://cdn.shopify.com/s/files/1/0567/1377/3243/files/sVicenzaChair1.jpg?v=1686315635","/media/catalogue/0ff3405e0a9db36a.webp","processed original","1016493"
"8640826868035","Vicenza Dining Chair Tuape GA","2","https://cdn.shopify.com/s/files/1/0567/1377/3243/files/sVicenzaChair2.jpg?v=1686315635","/media/catalogue/d8f52f558860658b.webp","processed original","1448101"
"8640826868035","Vicenza Dining Chair Tuape GA","3","https://cdn.shopify.com/s/files/1/0567/1377/3243/files/VicenzaChair.jpg?v=1686315636","/media/catalogue/64e52b0869a58fa5.webp","processed original","0"
"8640889618755","Liana Chair with Black Legs GA","1","https://cdn.shopify.com/s/files/1/0567/1377/3243/files/LIABLFOUR_1.png?v=1686318430","/media/catalogue/8ed36e7278f344e0.webp","processed original","1648899"
"8640889618755","Liana Chair with Black Legs GA","2","https://cdn.shopify.com/s/files/1/0567/1377/3243/files/LIAYEFOUR_2.png?v=1686318430","/media/catalogue/3bb8ab8374ec4e98.webp","processed original","1629766"
"8640889618755","Liana Chair with Black Legs GA","3","https://cdn.shopify.com/s/files/1/0567/1377/3243/files/LIAGRFOUR_2.png?v=1686318430","/media/catalogue/8210b657542d69ea.webp","processed original","1636467"
"8640889618755","Liana Chair with Black Legs GA","4","https://cdn.shopify.com/s/files/1/0567/1377/3243/files/LIATAUFOUR_2.png?v=1686318430","/media/catalogue/3f38f5d6395b5ccf.webp","processed original","1687251"
"8640889618755","Liana Chair with Black Legs GA","5","https://cdn.shopify.com/s/files/1/0567/1377/3243/files/blurCapture.jpg?v=1686318430","/media/catalogue/526995a9edb9d441.webp","processed original","128281"
"8640889618755","Liana Chair with Black Legs GA","6","https://cdn.shopify.com/s/files/1/0567/1377/3243/files/LIABLFOUR_2.png?v=1686318430","/media/catalogue/751386b6ad300381.webp","processed original","1706495"
"8640889618755","Liana Chair with Black Legs GA","7","https://cdn.shopify.com/s/files/1/0567/1377/3243/files/LIABLFOUR_3.png?v=1686318422","/media/catalogue/f6a4c7636b402009.webp","processed original","1885644"
"8640889618755","Liana Chair with Black Legs GA","8","https://cdn.shopify.com/s/files/1/0567/1377/3243/files/LIABLFOUR_4.png?v=1686318422","/media/catalogue/8b1bbff844c79ad3.webp","processed original","1741168"
"8640889618755","Liana Chair with Black Legs GA","9","https://cdn.shopify.com/s/files/1/0567/1377/3243/files/LIABLFOUR_5.png?v=1686318422","/media/catalogue/3891d02aed440c29.webp","processed original","1739397"
"8640889618755","Liana Chair with Black Legs GA","10","https://cdn.shopify.com/s/files/1/0567/1377/3243/files/LIAGRFOUR_1.png?v=1686318422","/media/catalogue/a755c8dfa04f79a3.webp","processed original","1773750"
"8640889618755","Liana Chair with Black Legs GA","11","https://cdn.shopify.com/s/files/1/0567/1377/3243/files/LIAGRFOUR_3.png?v=1686318422","/media/catalogue/511e0f5eac451e36.webp","processed original","1890723"
"8640889618755","Liana Chair with Black Legs GA","12","https://cdn.shopify.com/s/files/1/0567/1377/3243/files/LIAGRFOUR_4.png?v=1686318422","/media/catalogue/da94370ae00c5c7c.webp","processed original","1737712"
"8640889618755","Liana Chair with Black Legs GA","13","https://cdn.shopify.com/s/files/1/0567/1377/3243/files/LIAGRFOUR_5.png?v=1686318422","/media/catalogue/9aaef9b7f5453d4a.webp","processed original","1773721"
"8640889618755","Liana Chair with Black Legs GA","14","https://cdn.shopify.com/s/files/1/0567/1377/3243/files/LIATAUFOUR_1.png?v=1686318422","/media/catalogue/125a61eaea81c430.webp","processed original","1714303"
"8640889618755","Liana Chair with Black Legs GA","15","https://cdn.shopify.com/s/files/1/0567/1377/3243/files/LIATAUFOUR_3.png?v=1686318422","/media/catalogue/d4c4b2b978f0cb62.webp","processed original","1715571"
"8640889618755","Liana Chair with Black Legs GA","16","https://cdn.shopify.com/s/files/1/0567/1377/3243/files/LIATAUFOUR_4.png?v=1686318422","/media/catalogue/64ccd225c329877e.webp","processed original","1915336"
"8640889618755","Liana Chair with Black Legs GA","17","https://cdn.shopify.com/s/files/1/0567/1377/3243/files/LIATAUFOUR_5.png?v=1686318422","/media/catalogue/f40e33828378953a.webp","processed original","1668697"
"8640889618755","Liana Chair with Black Legs GA","18","https://cdn.shopify.com/s/files/1/0567/1377/3243/files/LIAYEFOUR_1.png?v=1686318422","/media/catalogue/1b2a0198dfc0867f.webp","processed original","1716348"
"8640889618755","Liana Chair with Black Legs GA","19","https://cdn.shopify.com/s/files/1/0567/1377/3243/files/LIAYEFOUR_3.png?v=1686318422","/media/catalogue/412f71f6f4a2092a.webp","processed original","1732093"
"8640889618755","Liana Chair with Black Legs GA","20","https://cdn.shopify.com/s/files/1/0567/1377/3243/files/LIAYEFOUR_4.png?v=1686318422","/media/catalogue/3c62d8ba6960eda2.webp","processed original","1883927"
"8640889618755","Liana Chair with Black Legs GA","21","https://cdn.shopify.com/s/files/1/0567/1377/3243/files/LIAYEFOUR_5.png?v=1686318422","/media/catalogue/8bcbe9690aa302a8.webp","processed original","1684092"
"8640922124611","Liana Chair Chrome Legs GA","1","https://cdn.shopify.com/s/files/1/0567/1377/3243/files/S1Capture.jpg?v=1686319376","/media/catalogue/b1e27850e73e374f.webp","processed original","158271"
"8640922124611","Liana Chair Chrome Legs GA","2","https://cdn.shopify.com/s/files/1/0567/1377/3243/files/s2Capture.jpg?v=1686319377","/media/catalogue/f70708a4e33c735a.webp","processed original","155572"
"8640922124611","Liana Chair Chrome Legs GA","3","https://cdn.shopify.com/s/files/1/0567/1377/3243/files/s3Capture.jpg?v=1686319376","/media/catalogue/45bca762c3bff0ac.webp","processed original","127323"
"8640922124611","Liana Chair Chrome Legs GA","4","https://cdn.shopify.com/s/files/1/0567/1377/3243/files/s5.jpg?v=1686319376","/media/catalogue/de320f7d364a2a65.webp","processed original","138504"
"8640932938051","Fredrik Chair PU GA","1","https://cdn.shopify.com/s/files/1/0567/1377/3243/files/sFredrikChairBlackPU.jpg?v=1686319934","/media/catalogue/436ab949231b1bb7.webp","processed original","1300507"
"8640932938051","Fredrik Chair PU GA","2","https://cdn.shopify.com/s/files/1/0567/1377/3243/files/sFredrikChairBluePU.jpg?v=1686319934","/media/catalogue/f4f0febf4320c4bd.webp","processed original","1312586"
"8640932938051","Fredrik Chair PU GA","3","https://cdn.shopify.com/s/files/1/0567/1377/3243/files/sFredrikChairGreyPU.jpg?v=1686319934","/media/catalogue/d6ad65a3199c1891.webp","processed original","1308609"
"8640932938051","Fredrik Chair PU GA","4","https://cdn.shopify.com/s/files/1/0567/1377/3243/files/sFredrikChairYellowPU.jpg?v=1686319933","/media/catalogue/87f1d054bb05f8a0.webp","processed original","1313625"
"8640932938051","Fredrik Chair PU GA","5","https://cdn.shopify.com/s/files/1/0567/1377/3243/files/sFredrikChairTaupePU.jpg?v=1686319934","/media/catalogue/a7b5a73d77825c2e.webp","processed original","1338876"
"8640938017091","Retro Dining Chair GA","1","https://cdn.shopify.com/s/files/1/0567/1377/3243/files/sRetroChairSageGreen.jpg?v=1686320476","/media/catalogue/1c712fd1f0d13d64.webp","processed original","231337"
"8640938017091","Retro Dining Chair GA","2","https://cdn.shopify.com/s/files/1/0567/1377/3243/files/sRetroChairShadowBrown.jpg?v=1686320477","/media/catalogue/6e6207b847cc8d7f.webp","processed original","1416714"
"8640938017091","Retro Dining Chair GA","3","https://cdn.shopify.com/s/files/1/0567/1377/3243/files/sRetroChairConcordGrey.jpg?v=1686320477","/media/catalogue/22c6cdf28a0d4dd2.webp","processed original","1385810"
"8640938017091","Retro Dining Chair GA","4","https://cdn.shopify.com/s/files/1/0567/1377/3243/files/sRetroChairSkyLightBlue.jpg?v=1686320477","/media/catalogue/ef1adb92571b66ba.webp","processed original","1394110"
"8640938017091","Retro Dining Chair GA","5","https://cdn.shopify.com/s/files/1/0567/1377/3243/files/sRetroChairPaleOyster.jpg?v=1686320477","/media/catalogue/e816845e167af45f.webp","processed original","1412859"
"8640942604611","Silvia Chair - Black Legs GA","1","https://cdn.shopify.com/s/files/1/0567/1377/3243/files/SilviaChairBlack-BlackLegs.jpg?v=1686321134","/media/catalogue/069b21e70dc968e6.webp","processed original","1513649"
"8640942604611","Silvia Chair - Black Legs GA","2","https://cdn.shopify.com/s/files/1/0567/1377/3243/files/SilviaChairGrey-BlackLegs.jpg?v=1686321134","/media/catalogue/c179387feb21b92e.webp","processed original","1490153"
"8640942604611","Silvia Chair - Black Legs GA","3","https://cdn.shopify.com/s/files/1/0567/1377/3243/files/SilviaChairTaupe-BlackLegs.jpg?v=1686321135","/media/catalogue/95577b67f7d62261.webp","processed original","1489446"
"8640942604611","Silvia Chair - Black Legs GA","4","https://cdn.shopify.com/s/files/1/0567/1377/3243/files/SilviaChairyellow-BlackLegs.jpg?v=1686321134","/media/catalogue/d26ff72a47ea0559.webp","processed original","1435810"
"8640942604611","Silvia Chair - Black Legs GA","5","https://cdn.shopify.com/s/files/1/0567/1377/3243/files/sSilviaChairBlue-BlackLegs.jpg?v=1686321134","/media/catalogue/070eae728577f95e.webp","processed original","1293828"
"8640951451971","Silvia Chair - Chrome Legs GA","1","https://cdn.shopify.com/s/files/1/0567/1377/3243/files/s1SilviaDiningChairChromeLeg-BluePU.jpg?v=1686322004","/media/catalogue/926a691186d08fca.webp","processed original","1327543"
"8640951451971","Silvia Chair - Chrome Legs GA","2","https://cdn.shopify.com/s/files/1/0567/1377/3243/files/s1SilviaDiningChairChromeLeg-GreyPU.jpg?v=1686322005","/media/catalogue/1fd9432464037aec.webp","processed original","1318682"
"8640951451971","Silvia Chair - Chrome Legs GA","3","https://cdn.shopify.com/s/files/1/0567/1377/3243/files/s1SilviaDiningChairChromeLeg-BlackPU.jpg?v=1686322005","/media/catalogue/0f224cfcf180e643.webp","processed original","1315195"
"8640951451971","Silvia Chair - Chrome Legs GA","4","https://cdn.shopify.com/s/files/1/0567/1377/3243/files/s1SilviaDiningChairChromeLeg-TaupePU.jpg?v=1686322005","/media/catalogue/5738885cec6736f3.webp","processed original","1316746"
"8640951451971","Silvia Chair - Chrome Legs GA","5","https://cdn.shopify.com/s/files/1/0567/1377/3243/files/s1SilviaDiningChairChromeLeg-YellowPU.jpg?v=1686322005","/media/catalogue/bc95dea1bb62508e.webp","processed original","1315044"
"8644725506371","Kilkenny Side Gas-Lift Bed - GI","1","https://cdn.shopify.com/s/files/1/0567/1377/3243/files/21780-91bba5d1-281e-4fa1-8650-86ad7e0f8889.jpg?v=1686669491","/media/catalogue/ff758ba510d6f85f.webp","processed original","779859"
"8644725506371","Kilkenny Side Gas-Lift Bed - GI","2","https://cdn.shopify.com/s/files/1/0567/1377/3243/files/21781-dad86e9a-6944-4ff9-939d-0f43791a02a4.jpg?v=1686669491","/media/catalogue/515dd04af5e79ddf.webp","processed original","711302"
"8644725506371","Kilkenny Side Gas-Lift Bed - GI","3","https://cdn.shopify.com/s/files/1/0567/1377/3243/files/21782-b6c28031-a6e1-44ce-8023-ac34840d19d5.jpg?v=1686669491","/media/catalogue/4c9d4c594df73673.webp","processed original","711566"
"8644725506371","Kilkenny Side Gas-Lift Bed - GI","4","https://cdn.shopify.com/s/files/1/0567/1377/3243/files/21780-880c0248-9b69-4c41-ba6d-cad19d283c3d.jpg?v=1686669491","/media/catalogue/164b876af00ad679.webp","processed original","0"
"8644725506371","Kilkenny Side Gas-Lift Bed - GI","5","https://cdn.shopify.com/s/files/1/0567/1377/3243/files/21780-e2d85323-4cdc-4737-bf6f-ab2861c417c6.jpg?v=1686669491","/media/catalogue/fe501bb1c6dd2110.webp","processed original","0"
"8644725506371","Kilkenny Side Gas-Lift Bed - GI","6","https://cdn.shopify.com/s/files/1/0567/1377/3243/files/21781-74557278-6308-4a81-857c-801303336fd4.jpg?v=1686669491","/media/catalogue/229e201679b941c9.webp","processed original","0"
"8644725506371","Kilkenny Side Gas-Lift Bed - GI","7","https://cdn.shopify.com/s/files/1/0567/1377/3243/files/21781-1d31815c-4438-4e0c-883b-d92e01f2e8a3.jpg?v=1686669490","/media/catalogue/e7524cf752a8e66d.webp","processed original","0"
"8644725506371","Kilkenny Side Gas-Lift Bed - GI","8","https://cdn.shopify.com/s/files/1/0567/1377/3243/files/21782-9f3c6002-890b-422e-8ff9-d8f28060a749.jpg?v=1686669490","/media/catalogue/b1803b7d52d8d7d1.webp","processed original","0"
"8644725506371","Kilkenny Side Gas-Lift Bed - GI","9","https://cdn.shopify.com/s/files/1/0567/1377/3243/files/21782-cef36231-0229-4b80-900a-d012bad34c55.jpg?v=1686669492","/media/catalogue/53ba4dbcce70581c.webp","processed original","0"
"8646706659651","Platinum Mattress","1","https://cdn.shopify.com/s/files/1/0567/1377/3243/files/Screenshot_20230615_104821_Gmail.png?v=1686913937","/media/catalogue/2bd53b7cc838f880.webp","processed original","0"
"8646706659651","Platinum Mattress","2","https://cdn.shopify.com/s/files/1/0567/1377/3243/files/PLATINIUM_MATTRESS_-_SIDE_2_2.png?v=1696367457","/media/catalogue/d68b621371988616.webp","processed original","0"
"8646706659651","Platinum Mattress","3","https://cdn.shopify.com/s/files/1/0567/1377/3243/files/platinium_top_mattress_2.png?v=1696367457","/media/catalogue/7ff5bf5612db514f.webp","processed original","0"
"8646706659651","Platinum Mattress","4","https://cdn.shopify.com/s/files/1/0567/1377/3243/files/PLATINIUMMATTRESS-SIDEPROFILEbest8.png?v=1696367457","/media/catalogue/8d0aa42a2bc08799.webp","processed original","0"
"8647901970755","Alicante Round Set - HJ","1","https://cdn.shopify.com/s/files/1/0567/1377/3243/files/AlicanteRoundset.jpg?v=1686813127","/media/catalogue/64e9cebbd6c4c1ab.webp","processed original","0"
"8647908098371","Chantelle 4′ Grey Fixed Top Dining Set  - HJ","1","https://cdn.shopify.com/s/files/1/0567/1377/3243/files/Chantelle-fixed-top-set-2.jpg?v=1686813574","/media/catalogue/7f3108cd856dd416.webp","processed original","0"
"8647940473155","Chantelle Compact Set - HJ","1","https://cdn.shopify.com/s/files/1/0567/1377/3243/files/mmChantelle-Table2Charlene-chair-2.jpg?v=1686815143","/media/catalogue/fcbfafb5eaf9d199.webp","processed original","0"
"8647957020995","Courtney Dining Set HJ","1","https://cdn.shopify.com/s/files/1/0567/1377/3243/files/Courtney-160cm-Set-1.jpg?v=1686815967","/media/catalogue/16d4f5735d89e6ed.webp","processed original","0"
"8648138621251","Raffa Dining Set - HJ","1","https://cdn.shopify.com/s/files/1/0567/1377/3243/files/Raffa-Set.jpg?v=1686824314","/media/catalogue/db156945202d7ce4.webp","processed original","0"
"8648144322883","Washington 5′ Oak Set  - HJ","1","https://cdn.shopify.com/s/files/1/0567/1377/3243/files/Washington-5-set-1.jpg?v=1686825270","/media/catalogue/68bf8bd5ad5e72a2.webp","processed original","0"
"8648153006403","Columbia Chair HJ","1","https://cdn.shopify.com/s/files/1/0567/1377/3243/files/columbiachair2.jpg?v=1686826808","/media/catalogue/14057c9205e70b92.webp","processed original","0"
"8648153006403","Columbia Chair HJ","2","https://cdn.shopify.com/s/files/1/0567/1377/3243/files/columchairgrey.jpg?v=1686925211","/media/catalogue/18af5f4ffd079b8e.webp","processed original","179146"
"8648153006403","Columbia Chair HJ","3","https://cdn.shopify.com/s/files/1/0567/1377/3243/files/large-columbia-dining-chair-cream-solid-oak-seat.jpg?v=1686925289","/media/catalogue/03be41693e7b748c.webp","excluded: Supplier branding/watermark: CLARKE'S | ot Ballieborough","0"
"8648153006403","Columbia Chair HJ","4","https://cdn.shopify.com/s/files/1/0567/1377/3243/files/Columbia-grey-and-oak-chair.jpg?v=1686925425","/media/catalogue/7e497846189a256e.webp","processed original","0"
"8648168243523","Harry Stool - HJ","1","https://cdn.shopify.com/s/files/1/0567/1377/3243/files/Harry-Stool-2.jpg?v=1686829443","/media/catalogue/1cbbc330ae63c1a7.webp","processed original","100244"
"8648168243523","Harry Stool - HJ","2","https://cdn.shopify.com/s/files/1/0567/1377/3243/files/Harry-Stool-1.jpg?v=1686829443","/media/catalogue/580174afc262a86d.webp","processed original","0"
"8648169619779","Lisbon PU Chair HJ","1","https://cdn.shopify.com/s/files/1/0567/1377/3243/files/lisbonbrown.jpg?v=1686829633","/media/catalogue/b6b8ee85d9d01a01.webp","processed original","839655"
"8648169619779","Lisbon PU Chair HJ","2","https://cdn.shopify.com/s/files/1/0567/1377/3243/files/Lisbon-cream.jpg?v=1686829633","/media/catalogue/6063d2022d077076.webp","processed original","980642"
"8648189149507","Olive Cream & Oak Stool - HJ","1","https://cdn.shopify.com/s/files/1/0567/1377/3243/files/Olive-stool-Cream-Oak.jpg?v=1686831617","/media/catalogue/00a127759107d8fe.webp","processed original","1298564"
"8648306786627","Rochester Cream & Oak chair HJ","1","https://cdn.shopify.com/s/files/1/0567/1377/3243/files/rochestersetcreamoak1.jpg?v=1686838923","/media/catalogue/13589b60e0d93cb5.webp","processed original","0"
"8648306786627","Rochester Cream & Oak chair HJ","2","https://cdn.shopify.com/s/files/1/0567/1377/3243/files/rochestersetgreyoak.jpg?v=1686838924","/media/catalogue/9d59ed101eb45b33.webp","processed original","0"
"8648306786627","Rochester Cream & Oak chair HJ","3","https://cdn.shopify.com/s/files/1/0567/1377/3243/files/rochestersetoak.jpg?v=1686838923","/media/catalogue/337233c177e5729c.webp","processed original","0"
"8648311046467","Thames Cream & Oak Chair HJ","1","https://cdn.shopify.com/s/files/1/0567/1377/3243/files/thameschair1.jpg?v=1686839316","/media/catalogue/13a85d7022a6cd32.webp","processed original","0"
"8648311046467","Thames Cream & Oak Chair HJ","2","https://cdn.shopify.com/s/files/1/0567/1377/3243/products/Thames-Dining-Chair--Grey-Oak.jpg?v=1686927099","/media/catalogue/9f2aa9c285fab1fb.webp","processed original","0"
"8648313110851","Marriot Bed - HJ","1","https://cdn.shopify.com/s/files/1/0567/1377/3243/files/Marriot-Bed.jpg?v=1686839530","/media/catalogue/4e25c67b66a40ab3.webp","processed original","0"
"8648336245059","Chantelle Coffee Table - HJ","1","https://cdn.shopify.com/s/files/1/0567/1377/3243/files/ChantelleCoffeeTable.jpg?v=1686841237","/media/catalogue/a353bc4ab273bf5c.webp","processed original","0"
"8648343880003","Columbia Coffee Table - HJ","1","https://cdn.shopify.com/s/files/1/0567/1377/3243/files/Columbia-Charcoal-Occasional-set.jpg?v=1686841602","/media/catalogue/221d019ae79c9075.webp","processed original","0"
"8648343880003","Columbia Coffee Table - HJ","2","https://cdn.shopify.com/s/files/1/0567/1377/3243/files/Columbia-Navy-Occasional-set.jpg?v=1686841601","/media/catalogue/d0ad2cce76ce4452.webp","processed original","0"
"8648379695427","Jack Fireside Chair - HJ","1","https://cdn.shopify.com/s/files/1/0567/1377/3243/files/Jack-Grey-Chair-with-armpads.jpg?v=1686843526","/media/catalogue/8943219353d2c065.webp","processed original","0"
"8648379695427","Jack Fireside Chair - HJ","2","https://cdn.shopify.com/s/files/1/0567/1377/3243/files/Jack-Blue-Chair.jpg?v=1686843801","/media/catalogue/b5af52ede7fad386.webp","processed original","0"
"8648379695427","Jack Fireside Chair - HJ","3","https://cdn.shopify.com/s/files/1/0567/1377/3243/files/1Jack-brown.jpg?v=1686843918","/media/catalogue/2393cde61f94a1a1.webp","processed original","0"
"8648393687363","Manhattan TV Unit HJ","1","https://cdn.shopify.com/s/files/1/0567/1377/3243/files/Manhattan-TV-Unit-1.jpg?v=1686844149","/media/catalogue/b0674d220029958f.webp","processed original","0"
"8648394768707","Oak Writing Desk - HJ","1","https://cdn.shopify.com/s/files/1/0567/1377/3243/files/writingdeskbeech.jpg?v=1686844315","/media/catalogue/10b66f81cf82cd90.webp","processed original","0"
"8648402665795","Vera Fireside Chair - HJ","1","https://cdn.shopify.com/s/files/1/0567/1377/3243/files/Vera-Burgundy-Fireside-Chair-1.jpg?v=1686845198","/media/catalogue/058f43c30d36be0e.webp","processed original","176207"
"8648402665795","Vera Fireside Chair - HJ","2","https://cdn.shopify.com/s/files/1/0567/1377/3243/files/Vera-Fireside-Chair-270x270-1.jpg?v=1686845199","/media/catalogue/bc55c33a939e6fdf.webp","processed original","144089"
"8656619798851","Natural Sleep Origin Support Mattress","1","https://cdn.shopify.com/s/files/1/0567/1377/3243/files/OriginSupport.png?v=1781269183","/media/catalogue/97fdcf2a37665806.webp","excluded: Supplier branding/watermark: Narurdl sleep Co)","0"
"8656624877891","Natural Sleep Flotation Comfort Mattress","1","https://cdn.shopify.com/s/files/1/0567/1377/3243/files/ultimateflotation.png?v=1777712767","/media/catalogue/980a98cdb6a16fba.webp","excluded: Supplier branding/watermark: Natural Sleep Co","0"
"8658896847171","Natural Sleep Florence Mattress","1","https://cdn.shopify.com/s/files/1/0567/1377/3243/files/FLORENCEMATTRESS.jpg?v=1687783862","/media/catalogue/573b6dadcdca6598.webp","processed original","1147844"
"8681312190787","Ottawa 3 Drawer Console Table - WH","1","https://cdn.shopify.com/s/files/1/0567/1377/3243/files/1_55de1875-916a-4ca7-9618-56d6c1d92390.png?v=1690283180","/media/catalogue/152c1bb4a6c57551.webp","processed original","1026040"
"8681312190787","Ottawa 3 Drawer Console Table - WH","2","https://cdn.shopify.com/s/files/1/0567/1377/3243/files/2_d3cb3f70-d7b2-4a6e-ab6c-7a739fe8e425.png?v=1695850482","/media/catalogue/fb643a6c1ffe46f8.webp","processed original","589177"
"8681312190787","Ottawa 3 Drawer Console Table - WH","3","https://cdn.shopify.com/s/files/1/0567/1377/3243/files/3_5692005d-fd9c-4e5d-9fa0-493624a0e7fe.png?v=1695850482","/media/catalogue/764829f7956dd254.webp","processed original","0"
"8681312190787","Ottawa 3 Drawer Console Table - WH","4","https://cdn.shopify.com/s/files/1/0567/1377/3243/files/4_423948f7-9964-435e-86f4-879e9694621f.png?v=1695850482","/media/catalogue/125abde5e13d08c9.webp","processed original","0"
"8681312190787","Ottawa 3 Drawer Console Table - WH","5","https://cdn.shopify.com/s/files/1/0567/1377/3243/files/5_ad274062-c2a5-4024-b384-341a2d62300d.png?v=1695850482","/media/catalogue/8ebb38ba03b104dd.webp","processed original","1053149"
"8681312190787","Ottawa 3 Drawer Console Table - WH","6","https://cdn.shopify.com/s/files/1/0567/1377/3243/files/6_688ab3ce-1e46-4e33-94ff-c191b8fe5c82.png?v=1695850482","/media/catalogue/d235c7ee13cfba89.webp","processed original","1038587"
"8681312190787","Ottawa 3 Drawer Console Table - WH","7","https://cdn.shopify.com/s/files/1/0567/1377/3243/files/7_3ebdbb3d-6b3e-4427-9b4f-caeea1743ebf.png?v=1695850482","/media/catalogue/10233d389adc2dac.webp","processed original","1017236"
"8681312190787","Ottawa 3 Drawer Console Table - WH","8","https://cdn.shopify.com/s/files/1/0567/1377/3243/files/8_032e902b-de52-4576-a796-c7cc5e8b5dc6.png?v=1695850482","/media/catalogue/0a40933421bc4235.webp","processed original","1002472"
"8681312190787","Ottawa 3 Drawer Console Table - WH","9","https://cdn.shopify.com/s/files/1/0567/1377/3243/files/9_ca26be68-f0fa-410f-8971-8f037b3bcea4.png?v=1695850482","/media/catalogue/4e72fc70da45b353.webp","processed original","1046997"
"8681314713923","Quebec Straight Edge Nest of Tables - WH","1","https://cdn.shopify.com/s/files/1/0567/1377/3243/files/QUEBEC-STRAIGHT-EDGE-NEST-OF-TABLES-MEDIUM-OAK-EFFECT-2020-300-303-034-01-200x193.jpg?v=1689945715","/media/catalogue/45512d96a2b64c8f.webp","processed original","19236"
"8681314713923","Quebec Straight Edge Nest of Tables - WH","2","https://cdn.shopify.com/s/files/1/0567/1377/3243/files/QUEBEC-STRAIGHT-EDGE-NEST-OF-TABLES-MEDIUM-OAK-EFFECT-2020-300-303-034-03-200x124.jpg?v=1689945715","/media/catalogue/14262bba981f2985.webp","processed original","18094"
"8681314713923","Quebec Straight Edge Nest of Tables - WH","3","https://cdn.shopify.com/s/files/1/0567/1377/3243/files/QUEBEC-STRAIGHT-EDGE-NEST-OF-TABLES-MEDIUM-OAK-EFFECT-2020-300-303-034-02-200x177.jpg?v=1689945715","/media/catalogue/ecc817a0a1497929.webp","processed original","20837"
"8681318187331","Quebec Wave Edge Nest of Tables - WH","1","https://cdn.shopify.com/s/files/1/0567/1377/3243/files/QUEBEC-WAVE-EDGE-NEST-OF-TABLES-CONCRETE-EFFECT-2021-300-303-037-01-1-200x192.jpg?v=1689945445","/media/catalogue/4867cbb764c0c2f0.webp","processed original","18738"
"8681318187331","Quebec Wave Edge Nest of Tables - WH","2","https://cdn.shopify.com/s/files/1/0567/1377/3243/files/QUEBEC-WAVE-EDGE-NEST-OF-TABLES-CONCRETE-EFFECT-2021-300-303-037-05-1-200x134.jpg?v=1689945445","/media/catalogue/6a4640ca4a74e8c5.webp","processed original","0"
"8681318187331","Quebec Wave Edge Nest of Tables - WH","3","https://cdn.shopify.com/s/files/1/0567/1377/3243/files/QUEBEC-WAVE-EDGE-NEST-OF-TABLES-CONCRETE-EFFECT-2021-300-303-037-04-1-200x150.jpg?v=1689945445","/media/catalogue/b4352d2583f00b9c.webp","processed original","0"
"8681318187331","Quebec Wave Edge Nest of Tables - WH","4","https://cdn.shopify.com/s/files/1/0567/1377/3243/files/QUEBEC-WAVE-EDGE-NEST-OF-TABLES-CONCRETE-EFFECT-2021-300-303-037-03-1-200x99.jpg?v=1689945445","/media/catalogue/7b4e1f78054e468c.webp","processed original","14540"
"8681318187331","Quebec Wave Edge Nest of Tables - WH","5","https://cdn.shopify.com/s/files/1/0567/1377/3243/files/QUEBEC-WAVE-EDGE-NEST-OF-TABLES-CONCRETE-EFFECT-2021-300-303-037-02-1-200x174.jpg?v=1689945445","/media/catalogue/01ad6175478f4e78.webp","processed original","19860"
"8681318187331","Quebec Wave Edge Nest of Tables - WH","6","https://cdn.shopify.com/s/files/1/0567/1377/3243/files/QUEBEC-WAVE-EDGE-NEST-COFFEE-CONSOLE-2020-300-303-033-300-301-052-300-304-021-03-200x139.jpg?v=1689599203","/media/catalogue/a8010c76d536a15e.webp","processed original","0"
"8681318187331","Quebec Wave Edge Nest of Tables - WH","7","https://cdn.shopify.com/s/files/1/0567/1377/3243/files/QUEBEC-WAVE-EDGE-NEST-COFFEE-CONSOLE-2020-300-303-033-300-301-052-300-304-021-02-200x139_4ba74e3b-ed9b-402c-b6aa-85ddf9c8c798.jpg?v=1689599203","/media/catalogue/07bfe5924c5c6867.webp","processed original","0"
"8681318187331","Quebec Wave Edge Nest of Tables - WH","8","https://cdn.shopify.com/s/files/1/0567/1377/3243/files/QUEBEC-WAVE-EDGE-NEST-OF-TABLES-MEDIUM-OAK-EFFECT-2020-05-300-303-033-200x152.jpg?v=1689599202","/media/catalogue/ac471efa81d2ada7.webp","processed original","7942"
"8681318187331","Quebec Wave Edge Nest of Tables - WH","9","https://cdn.shopify.com/s/files/1/0567/1377/3243/files/QUEBEC-WAVE-EDGE-NEST-OF-TABLES-MEDIUM-OAK-EFFECT-2020-04-300-303-033-200x124.jpg?v=1689599203","/media/catalogue/a546479bdc3a44da.webp","processed original","13583"
"8681318187331","Quebec Wave Edge Nest of Tables - WH","10","https://cdn.shopify.com/s/files/1/0567/1377/3243/files/QUEBEC-WAVE-EDGE-NEST-OF-TABLES-MEDIUM-OAK-EFFECT-2020-03-300-303-033-200x124.jpg?v=1689599202","/media/catalogue/06cc91af82d98f9b.webp","processed original","18094"
"8681318187331","Quebec Wave Edge Nest of Tables - WH","11","https://cdn.shopify.com/s/files/1/0567/1377/3243/files/QUEBEC-WAVE-EDGE-NEST-OF-TABLES-MEDIUM-OAK-EFFECT-2020-02-300-303-033-200x177.jpg?v=1689599203","/media/catalogue/8da27153ef5cdf1e.webp","processed original","20839"
"8681318187331","Quebec Wave Edge Nest of Tables - WH","12","https://cdn.shopify.com/s/files/1/0567/1377/3243/files/QUEBEC-WAVE-EDGE-NEST-OF-TABLES-MEDIUM-OAK-EFFECT-2020-01-300-303-033-200x184.jpg?v=1689599203","/media/catalogue/d35acf2248071960.webp","processed original","19328"
"8698292175171","Natural Sleep Nature's Touch Mattress","1","https://cdn.shopify.com/s/files/1/0567/1377/3243/files/NaturesTouch.png?v=1781269065","/media/catalogue/7b8493f1f8125848.webp","excluded: Supplier branding/watermark: Natural Sleep Co.-","0"
"8698308690243","Natural Sleep Nature's Finest Mattress","1","https://cdn.shopify.com/s/files/1/0567/1377/3243/files/naturesfinest.png?v=1781268974","/media/catalogue/184653e1ac5bbbe9.webp","excluded: Supplier branding/watermark: Natural Sleep CO.","0"
"8699017789763","Natural Sleep Origin Hibernate Mattress","1","https://cdn.shopify.com/s/files/1/0567/1377/3243/files/hibernate.png?v=1781280337","/media/catalogue/310965fa5e4e855f.webp","processed original","0"
"8699020738883","Natural Sleep Origin Restore Mattress","1","https://cdn.shopify.com/s/files/1/0567/1377/3243/files/restore.png?v=1781280646","/media/catalogue/1609a35c3ec1e2bf.webp","excluded: Supplier branding/watermark: • Natural | Sleep Co","0"
"8704020152643","Natural Sleep Platinum Comfort Mattress","1","https://cdn.shopify.com/s/files/1/0567/1377/3243/files/platinumlatex.png?v=1781280212","/media/catalogue/5553b27069b12c55.webp","excluded: Supplier branding/watermark: Natural Sleep CO.","0"
"8720619209027","Vienna Bed GI","1","https://cdn.shopify.com/s/files/1/0567/1377/3243/files/21787-6e843784-669e-4410-bb15-fcbf382f4989.jpg?v=1692185084","/media/catalogue/5b5c2974ac49d82f.webp","processed original","127558"
"8720619209027","Vienna Bed GI","2","https://cdn.shopify.com/s/files/1/0567/1377/3243/files/21787-04592a20-bbe2-497a-a34f-d03ef25006db.jpg?v=1692185084","/media/catalogue/fc0565645df2b63d.webp","processed original","25003"
"8720675930435","Vienna Locker - GI","1","https://cdn.shopify.com/s/files/1/0567/1377/3243/files/21789-5bcbd52f-4094-4ada-aca2-d43f82f954e8.jpg?v=1692186664","/media/catalogue/e3757f9f05cd60da.webp","processed original","28922"
"8720675930435","Vienna Locker - GI","2","https://cdn.shopify.com/s/files/1/0567/1377/3243/files/21789-f0df43d5-9064-45a6-94ce-a1d172af3617.jpg?v=1692186665","/media/catalogue/5553fee27c4bc10e.webp","processed original","29245"
"8720705519939","Vienna 5 Drawer Chest - GI","1","https://cdn.shopify.com/s/files/1/0567/1377/3243/files/21788-0666209d-fc6e-48cc-b516-76936f302180.jpg?v=1692187308","/media/catalogue/b96ebca08ae90ee7.webp","processed original","1468011"
"8720705519939","Vienna 5 Drawer Chest - GI","2","https://cdn.shopify.com/s/files/1/0567/1377/3243/files/21788-43001d7f-1e28-49c8-9c62-8c8556ebf527.jpg?v=1692187308","/media/catalogue/9e2925cf5a95554d.webp","processed original","1491287"
"8720721051971","Vienna Dressing Table GI","1","https://cdn.shopify.com/s/files/1/0567/1377/3243/files/21790-5237c988-9eec-41f4-9a5f-ebb8450fa2d0.jpg?v=1692187644","/media/catalogue/201d0619174e6b76.webp","processed original","1525373"
"8720721051971","Vienna Dressing Table GI","2","https://cdn.shopify.com/s/files/1/0567/1377/3243/files/21790-cdd391d2-c2d7-49c9-aac4-52b396b59f89.jpg?v=1692187644","/media/catalogue/3fa0194e655ab4ee.webp","processed original","1540490"
"8720782262595","Charlotte Bed - GI","1","https://cdn.shopify.com/s/files/1/0567/1377/3243/files/21791-4d2c14ec-116e-4408-87d7-3182a84c3c9f.jpg?v=1692189019","/media/catalogue/6033dd43e9b8abae.webp","processed original","342075"
"8720782262595","Charlotte Bed - GI","2","https://cdn.shopify.com/s/files/1/0567/1377/3243/files/21791-71ef5bd9-f8af-4a2c-8f6a-b217f27ab7bf.jpg?v=1692189019","/media/catalogue/86ff130407117cde.webp","processed original","338615"
"8720782262595","Charlotte Bed - GI","3","https://cdn.shopify.com/s/files/1/0567/1377/3243/files/21791-677ab4f9-8188-4c33-8c68-9aca5e6d7217.jpg?v=1692189020","/media/catalogue/fbb0ab5d7baea15a.webp","processed original","132963"
"8720894656835","Ashley Sky Blue Bed  - GI","1","https://cdn.shopify.com/s/files/1/0567/1377/3243/files/21783-781d07fc-7988-4db1-90f6-0cb94f9026a7.jpg?v=1692191733","/media/catalogue/245cae502b4d71b2.webp","processed original","0"
"8720894656835","Ashley Sky Blue Bed  - GI","2","https://cdn.shopify.com/s/files/1/0567/1377/3243/files/21783-c5c1aa28-6691-46a9-b700-a98bf4cbc81c.jpg?v=1692191733","/media/catalogue/3ff5e31cf301000a.webp","processed original","256376"
"8720894656835","Ashley Sky Blue Bed  - GI","3","https://cdn.shopify.com/s/files/1/0567/1377/3243/files/21783-d6abfdac-2790-4d0f-b267-7d23415da890.jpg?v=1692191732","/media/catalogue/51a9872bac14e00c.webp","processed original","724460"
"8720894656835","Ashley Sky Blue Bed  - GI","4","https://cdn.shopify.com/s/files/1/0567/1377/3243/files/21783-e1dcf15a-449d-420a-b8b1-20118db21399.jpg?v=1692191732","/media/catalogue/3fea14713b0cdee7.webp","processed original","0"
"8720894656835","Ashley Sky Blue Bed  - GI","5","https://cdn.shopify.com/s/files/1/0567/1377/3243/files/21783-f20ba981-1a4f-4834-8b8a-49789e33ec6c.jpg?v=1692191733","/media/catalogue/18c67ed59724f66a.webp","processed original","0"
"8720949739843","Grace Gas-Lift Headboard - GI","1","https://cdn.shopify.com/s/files/1/0567/1377/3243/files/grace.jpg?v=1715261693","/media/catalogue/c2706a39be4bdac5.webp","processed original","0"
"8720949739843","Grace Gas-Lift Headboard - GI","2","https://cdn.shopify.com/s/files/1/0567/1377/3243/files/grace2.jpg?v=1715261693","/media/catalogue/64b8591b22e3fda5.webp","processed original","407574"
"8756453867843","Aspen Coffee Table White Oak/Stone Effect - WH","1","https://cdn.shopify.com/s/files/1/0567/1377/3243/files/ASPEN-COFFEE-TABLE-WHITE-OAKSTONE-EFFECT-2023-300-301-071-01-scaled.jpg?v=1694173639","/media/catalogue/a5352badb502f8aa.webp","processed original","329042"
"8756453867843","Aspen Coffee Table White Oak/Stone Effect - WH","2","https://cdn.shopify.com/s/files/1/0567/1377/3243/files/ASPEN-COFFEE-TABLE-WHITE-OAKSTONE-EFFECT-2023-300-301-071-02-scaled.jpg?v=1694173640","/media/catalogue/6f2be0dcb8363fec.webp","processed original","200974"
"8756453867843","Aspen Coffee Table White Oak/Stone Effect - WH","3","https://cdn.shopify.com/s/files/1/0567/1377/3243/files/ASPEN-COFFEE-TABLE-WHITE-OAKSTONE-EFFECT-2023-300-301-071-03.jpg?v=1694173639","/media/catalogue/ebb82e8be2615e30.webp","processed original","369052"
"8756453867843","Aspen Coffee Table White Oak/Stone Effect - WH","4","https://cdn.shopify.com/s/files/1/0567/1377/3243/files/ASPEN-COFFEE-TABLE-WHITE-OAKSTONE-EFFECT-2023-300-301-071-04.jpg?v=1694173640","/media/catalogue/4d315c7c91afacb0.webp","processed original","0"
"8756453867843","Aspen Coffee Table White Oak/Stone Effect - WH","5","https://cdn.shopify.com/s/files/1/0567/1377/3243/files/ASPEN-COFFEE-TABLE-WHITE-OAKSTONE-EFFECT-2023-300-301-071-05-scaled.jpg?v=1694173640","/media/catalogue/36a31c594b24f7ee.webp","processed original","0"
"8756510196035","Athens Oval Coffee Table Concrete Effect/Black - WH","1","https://cdn.shopify.com/s/files/1/0567/1377/3243/files/ATHENS-OVAL-COFFEE-TABLE-CONCRETE-EFFECT-2020-01-300-301-050-scaled.jpg?v=1694175512","/media/catalogue/1422b6a64fd50790.webp","processed original","993238"
"8756510196035","Athens Oval Coffee Table Concrete Effect/Black - WH","2","https://cdn.shopify.com/s/files/1/0567/1377/3243/files/ATHENS-OVAL-COFFEE-TABLE-CONCRETE-EFFECT-2020-02-300-301-050-400x195.jpg?v=1694175512","/media/catalogue/b5263552e5870c36.webp","processed original","63903"
"8756510196035","Athens Oval Coffee Table Concrete Effect/Black - WH","3","https://cdn.shopify.com/s/files/1/0567/1377/3243/files/ATHENS-OVAL-COFFEE-TABLE-CONCRETE-EFFECT-2020-03-300-301-050-400x335.jpg?v=1694175512","/media/catalogue/3568e693acea3037.webp","processed original","88868"
"8756510196035","Athens Oval Coffee Table Concrete Effect/Black - WH","4","https://cdn.shopify.com/s/files/1/0567/1377/3243/files/ATHENS-OVAL-COFFEE-TABLE-CONCRETE-EFFECT-2020-04-300-301-050-400x285.jpg?v=1694175512","/media/catalogue/ababa185caadc29d.webp","processed original","0"
"8756510196035","Athens Oval Coffee Table Concrete Effect/Black - WH","5","https://cdn.shopify.com/s/files/1/0567/1377/3243/files/ATHENS-OVAL-COFFEE-TABLE-CONCRETE-EFFECT-2020-05-300-301-050-400x400.jpg?v=1694175512","/media/catalogue/fe8592042fe216b0.webp","processed original","0"
"8756517241155","Athens Rectangular Coffee Table Concrete Effect/Black - WH","1","https://cdn.shopify.com/s/files/1/0567/1377/3243/files/LRG_ATHENS_COFFEE_TABLE_CONCRETE_EFFECT_01_300-301-040-scaled.jpg?v=1694175697","/media/catalogue/25d1ffbb8adb53d9.webp","processed original","191471"
"8756524417347","Athens Round Coffee Table Set Concrete Effect/Black - WH","1","https://cdn.shopify.com/s/files/1/0567/1377/3243/files/ATHENS-ROUND-COFFEE-TABLE-SET-CONCRETE-EFFECT-2022-300-301-054-01-400x224.jpg?v=1694175916","/media/catalogue/55587b134a59837e.webp","processed original","13945"
"8756524417347","Athens Round Coffee Table Set Concrete Effect/Black - WH","2","https://cdn.shopify.com/s/files/1/0567/1377/3243/files/ATHENS-ROUND-COFFEE-TABLE-SET-CONCRETE-EFFECT-2022-300-301-054-02-400x304.jpg?v=1695850873","/media/catalogue/9b33be6fbd354277.webp","processed original","24337"
"8756524417347","Athens Round Coffee Table Set Concrete Effect/Black - WH","3","https://cdn.shopify.com/s/files/1/0567/1377/3243/files/ATHENS-ROUND-COFFEE-TABLE-SET-CONCRETE-EFFECT-2022-300-301-054-03-400x169.jpg?v=1695850873","/media/catalogue/e7c73b597fd6edf4.webp","processed original","17366"
"8756524417347","Athens Round Coffee Table Set Concrete Effect/Black - WH","4","https://cdn.shopify.com/s/files/1/0567/1377/3243/files/ATHENS-ROUND-COFFEE-TABLE-SET-CONCRETE-EFFECT-2022-300-301-054-04-400x128.jpg?v=1695850873","/media/catalogue/a0e348c0d7ffae3d.webp","processed original","12917"
"8756524417347","Athens Round Coffee Table Set Concrete Effect/Black - WH","5","https://cdn.shopify.com/s/files/1/0567/1377/3243/files/ATHENS-ROUND-COFFEE-TABLE-SET-CONCRETE-EFFECT-2022-300-301-054-07-400x400.jpg?v=1695850873","/media/catalogue/41052a23db53ed6c.webp","processed original","0"
"8756654178627","Durham Coffee Table - WH","1","https://cdn.shopify.com/s/files/1/0567/1377/3243/files/DURHAM-COFFEE-TABLE-_-LIGHT-OAK-EFFECT-2023-300-301-073-01-400x219.jpg?v=1694179473","/media/catalogue/e4325d884f7c17a5.webp","processed original","25339"
"8756654178627","Durham Coffee Table - WH","2","https://cdn.shopify.com/s/files/1/0567/1377/3243/files/DURHAM-COFFEE-TABLE-_-LIGHT-OAK-EFFECT-2023-300-301-073-02-400x181.jpg?v=1694179472","/media/catalogue/ea5957d32dd9829e.webp","processed original","16650"
"8756654178627","Durham Coffee Table - WH","3","https://cdn.shopify.com/s/files/1/0567/1377/3243/files/DURHAM-COFFEE-TABLE-_-LIGHT-OAK-EFFECT-2023-300-301-073-03-400x361.jpg?v=1694179473","/media/catalogue/6fb0e805f1dbfa90.webp","processed original","6295"
"8756654178627","Durham Coffee Table - WH","4","https://cdn.shopify.com/s/files/1/0567/1377/3243/files/DURHAM-COFFEE-TABLE-_-LIGHT-OAK-EFFECT-2023-300-301-073-04-400x400.jpg?v=1694179474","/media/catalogue/c334eb27abde2d19.webp","processed original","0"
"8756654178627","Durham Coffee Table - WH","5","https://cdn.shopify.com/s/files/1/0567/1377/3243/files/DURHAM-COFFEE-TABLE-_-LIGHT-OAK-EFFECT-2023-300-301-073-05-400x400.jpg?v=1694179474","/media/catalogue/aeea74c93e4341d7.webp","processed original","0"
"8756666794307","EDDIE COFFEE TABLE Grey/Sonoma Effect - WH","1","https://cdn.shopify.com/s/files/1/0567/1377/3243/files/EDDIE-COFFEE-TABLE-GREYSONOMA-EFFECT-2023-300-301-070-01-400x198.jpg?v=1694179672","/media/catalogue/2c28b0290036f080.webp","processed original","24034"
"8756666794307","EDDIE COFFEE TABLE Grey/Sonoma Effect - WH","2","https://cdn.shopify.com/s/files/1/0567/1377/3243/files/EDDIE-COFFEE-TABLE-GREYSONOMA-EFFECT-2023-300-301-070-02-400x162.jpg?v=1694179673","/media/catalogue/9c675b53e1f6e787.webp","processed original","15320"
"8756666794307","EDDIE COFFEE TABLE Grey/Sonoma Effect - WH","3","https://cdn.shopify.com/s/files/1/0567/1377/3243/files/EDDIE-COFFEE-TABLE-GREYSONOMA-EFFECT-2023-300-301-070-03-400x325.jpg?v=1694179673","/media/catalogue/1d0fd553c595a0bc.webp","processed original","28437"
"8756666794307","EDDIE COFFEE TABLE Grey/Sonoma Effect - WH","4","https://cdn.shopify.com/s/files/1/0567/1377/3243/files/EDDIE-COFFEE-TABLE-GREYSONOMA-EFFECT-2023-300-301-070-04-400x400.jpg?v=1694179681","/media/catalogue/23380a0dd84e47c2.webp","processed original","0"
"8756666794307","EDDIE COFFEE TABLE Grey/Sonoma Effect - WH","5","https://cdn.shopify.com/s/files/1/0567/1377/3243/files/EDDIE-COFFEE-TABLE-GREYSONOMA-EFFECT-2023-300-301-070-05-400x400.jpg?v=1694179682","/media/catalogue/f547e68676dd6f24.webp","processed original","0"
"8756809990467","Ottawa 1 Drawer Coffee Table Medium Oak Effect/Black - WH","1","https://cdn.shopify.com/s/files/1/0567/1377/3243/files/OTTAWA-1-DRAWER-COFFEE-TABLE-MEDIUM-OAK-EFFECT-2020-01-300-301-049-400x182.jpg?v=1694184131","/media/catalogue/9b684cf64807e392.webp","processed original","37932"
"8756809990467","Ottawa 1 Drawer Coffee Table Medium Oak Effect/Black - WH","2","https://cdn.shopify.com/s/files/1/0567/1377/3243/files/OTTAWA-1-DRAWER-COFFEE-TABLE-MEDIUM-OAK-EFFECT-2020-02-300-301-049-400x185.jpg?v=1694184131","/media/catalogue/bf5be32f0c2a1494.webp","processed original","38354"
"8756809990467","Ottawa 1 Drawer Coffee Table Medium Oak Effect/Black - WH","3","https://cdn.shopify.com/s/files/1/0567/1377/3243/files/OTTAWA-1-DRAWER-COFFEE-TABLE-MEDIUM-OAK-EFFECT-2020-03-300-301-049-400x150.jpg?v=1695850535","/media/catalogue/0f59ba5a024d354e.webp","processed original","32174"
"8756809990467","Ottawa 1 Drawer Coffee Table Medium Oak Effect/Black - WH","4","https://cdn.shopify.com/s/files/1/0567/1377/3243/files/OTTAWA-1-DRAWER-COFFEE-TABLE-MEDIUM-OAK-EFFECT-2020-04-300-301-049-400x299.jpg?v=1695850535","/media/catalogue/bcdd44cb1f74b955.webp","processed original","58354"
"8756809990467","Ottawa 1 Drawer Coffee Table Medium Oak Effect/Black - WH","5","https://cdn.shopify.com/s/files/1/0567/1377/3243/files/OTTAWA-OCCASIONAL-2020-300-305-042-400-405-031-300-304-019-300-301-049-1-400x265.jpg?v=1695850535","/media/catalogue/936d0c3bc5407938.webp","processed original","0"
"8756820345155","Quebec Round Coffee Table Set Medium Oak Effect/Black - WH","1","https://cdn.shopify.com/s/files/1/0567/1377/3243/files/QUEBEC-ROUND-COFFEE-TABLE-SET-MEDIUM-OAK-EFFECT-2022-300-301-048-06-400x400.jpg?v=1694184428","/media/catalogue/f408ce3cf4129abf.webp","processed original","0"
"8756820345155","Quebec Round Coffee Table Set Medium Oak Effect/Black - WH","2","https://cdn.shopify.com/s/files/1/0567/1377/3243/files/QUEBEC-ROUND-COFFEE-TABLE-SET-MEDIUM-OAK-EFFECT-2022-300-301-048-07-400x400.jpg?v=1694184428","/media/catalogue/e5345ea55158ea39.webp","processed original","0"
"8756820345155","Quebec Round Coffee Table Set Medium Oak Effect/Black - WH","3","https://cdn.shopify.com/s/files/1/0567/1377/3243/files/QUEBEC-ROUND-COFFEE-TABLE-SET-MEDIUM-OAK-EFFECT-2022-300-301-048-01-400x233.jpg?v=1694184437","/media/catalogue/af1c5be46a2cb2a7.webp","processed original","13166"
"8756820345155","Quebec Round Coffee Table Set Medium Oak Effect/Black - WH","4","https://cdn.shopify.com/s/files/1/0567/1377/3243/files/QUEBEC-ROUND-COFFEE-TABLE-SET-MEDIUM-OAK-EFFECT-2022-300-301-048-03-400x174.jpg?v=1694184439","/media/catalogue/e56bdb195e9e72cf.webp","processed original","18482"
"8756820345155","Quebec Round Coffee Table Set Medium Oak Effect/Black - WH","5","https://cdn.shopify.com/s/files/1/0567/1377/3243/files/QUEBEC-ROUND-COFFEE-TABLE-SET-MEDIUM-OAK-EFFECT-2022-300-301-048-04-400x125.jpg?v=1694184438","/media/catalogue/c5dc634c5581618c.webp","processed original","13796"
"8756826865987","Quebec Wave Edge Coffee Table Medium Oak Effect/Black - WH","1","https://cdn.shopify.com/s/files/1/0567/1377/3243/files/QUEBEC-WAVE-EDGE-COFFEE-TABLE-MEDIUM-OAK-EFFECT-2020-01-300-301-052-1-400x182.jpg?v=1694184629","/media/catalogue/a47dad9308db406d.webp","processed original","51443"
"8756826865987","Quebec Wave Edge Coffee Table Medium Oak Effect/Black - WH","2","https://cdn.shopify.com/s/files/1/0567/1377/3243/files/QUEBEC-WAVE-EDGE-COFFEE-TABLE-MEDIUM-OAK-EFFECT-2020-02-300-301-052-400x151.jpg?v=1694184628","/media/catalogue/f9dcb4d7f3fe1ac4.webp","processed original","45693"
"8756826865987","Quebec Wave Edge Coffee Table Medium Oak Effect/Black - WH","3","https://cdn.shopify.com/s/files/1/0567/1377/3243/files/QUEBEC-WAVE-EDGE-COFFEE-TABLE-MEDIUM-OAK-EFFECT-2020-03-300-301-052-400x307.jpg?v=1694184629","/media/catalogue/b1a003afeae28a3c.webp","processed original","80556"
"8756826865987","Quebec Wave Edge Coffee Table Medium Oak Effect/Black - WH","4","https://cdn.shopify.com/s/files/1/0567/1377/3243/files/QUEBEC-WAVE-EDGE-COFFEE-TABLE-MEDIUM-OAK-EFFECT-2020-04-300-301-052-400x272.jpg?v=1694184629","/media/catalogue/252e3f8a921134fa.webp","processed original","60356"
"8756826865987","Quebec Wave Edge Coffee Table Medium Oak Effect/Black - WH","5","https://cdn.shopify.com/s/files/1/0567/1377/3243/files/QUEBEC-WAVE-EDGE-NEST-COFFEE-CONSOLE-2020-300-303-033-300-301-052-300-304-021-02-400x277.jpg?v=1694184629","/media/catalogue/15b1a36ebd506850.webp","processed original","0"
"8765182542147","Kendra Accent Chair Grey Fabric - WS","1","https://cdn.shopify.com/s/files/1/0567/1377/3243/files/KENDRA-ACCENT-CHAIR-GREY-FABRIC-2023-300-309-030-02-315x400.jpg?v=1694682999","/media/catalogue/5a24961a5d4ba3f7.webp","processed original","41939"
"8765182542147","Kendra Accent Chair Grey Fabric - WS","2","https://cdn.shopify.com/s/files/1/0567/1377/3243/files/KENDRA-ACCENT-CHAIR-GREY-FABRIC-2023-300-309-030-03-380x400.jpg?v=1694682998","/media/catalogue/6244b6af24fc10a8.webp","processed original","66172"
"8765182542147","Kendra Accent Chair Grey Fabric - WS","3","https://cdn.shopify.com/s/files/1/0567/1377/3243/files/KENDRA-ACCENT-CHAIR-GREY-FABRIC-2023-300-309-030-05-400x373.jpg?v=1694682999","/media/catalogue/d62e65624510c573.webp","processed original","80920"
"8765182542147","Kendra Accent Chair Grey Fabric - WS","4","https://cdn.shopify.com/s/files/1/0567/1377/3243/files/KENDRA-ACCENT-CHAIR-GREY-FABRIC-2023-300-309-030-06-342x400.jpg?v=1694682999","/media/catalogue/1d51699b14d32bfb.webp","processed original","51825"
"8765182542147","Kendra Accent Chair Grey Fabric - WS","5","https://cdn.shopify.com/s/files/1/0567/1377/3243/files/KENDRA-ACCENT-CHAIR-GREY-FABRIC-2023-300-309-030-08-scaled.jpg?v=1694683000","/media/catalogue/37e43b82705ea69f.webp","processed original","0"
"8765182542147","Kendra Accent Chair Grey Fabric - WS","6","https://cdn.shopify.com/s/files/1/0567/1377/3243/files/KENDRA-ACCENT-CHAIR-GREY-FABRIC-2023-300-309-030-01-361x400.jpg?v=1694683009","/media/catalogue/2561af630146c967.webp","processed original","58112"
"8765186343235","Kendra Rocking Chair Grey Fabric - WH","1","https://cdn.shopify.com/s/files/1/0567/1377/3243/files/KENDRA-ROCKING-CHAIR-GREY-FABRIC-2023-300-309-031-01-400x388.jpg?v=1694683366","/media/catalogue/df76161f9769e511.webp","processed original","49488"
"8765186343235","Kendra Rocking Chair Grey Fabric - WH","2","https://cdn.shopify.com/s/files/1/0567/1377/3243/files/KENDRA-ROCKING-CHAIR-GREY-FABRIC-2023-300-309-031-02-351x400.jpg?v=1694683367","/media/catalogue/d8f7ed0d99bee068.webp","processed original","44313"
"8765186343235","Kendra Rocking Chair Grey Fabric - WH","3","https://cdn.shopify.com/s/files/1/0567/1377/3243/files/KENDRA-ROCKING-CHAIR-GREY-FABRIC-2023-300-309-031-03-400x352.jpg?v=1694683367","/media/catalogue/a1f20e024caa38b0.webp","processed original","47450"
"8765186343235","Kendra Rocking Chair Grey Fabric - WH","4","https://cdn.shopify.com/s/files/1/0567/1377/3243/files/KENDRA-ROCKING-CHAIR-GREY-FABRIC-2023-300-309-031-04-400x377.jpg?v=1694683367","/media/catalogue/5e7b868251d98cba.webp","processed original","52960"
"8765186343235","Kendra Rocking Chair Grey Fabric - WH","5","https://cdn.shopify.com/s/files/1/0567/1377/3243/files/KENDRA-ROCKING-CHAIR-GREY-FABRIC-2023-300-309-031-08-scaled.jpg?v=1694683368","/media/catalogue/1b7385b3ff55bce6.webp","processed original","0"
"8765487055171","Nevada 3 Drawer Bedside White Gloss - WH","1","https://cdn.shopify.com/s/files/1/0567/1377/3243/files/NEVADA-3-DRAWER-BEDSIDE-WHITE-GLOSS-2019-01-100-103-059-302x400.jpg?v=1694689974","/media/catalogue/2c8df806c2e8d9e9.webp","processed original","104631"
"8765487055171","Nevada 3 Drawer Bedside White Gloss - WH","2","https://cdn.shopify.com/s/files/1/0567/1377/3243/files/NEVADA-3-DRAWER-BEDSIDE-WHITE-GLOSS-2019-02-100-103-059-339x400.jpg?v=1696366790","/media/catalogue/e5c59dc41e68c4a9.webp","processed original","82079"
"8765487055171","Nevada 3 Drawer Bedside White Gloss - WH","3","https://cdn.shopify.com/s/files/1/0567/1377/3243/files/NEVADA-3-DRAWER-BEDSIDE-WHITE-GLOSS-2019-03-100-103-059-263x400.jpg?v=1696366790","/media/catalogue/9325fce83c43cdf9.webp","processed original","95533"
"8765487055171","Nevada 3 Drawer Bedside White Gloss - WH","4","https://cdn.shopify.com/s/files/1/0567/1377/3243/files/NEVADA-3-DRAWER-BEDSIDE-WHITE-GLOSS-2019-06-100-103-059-304x400.jpg?v=1696366790","/media/catalogue/198004130e85f53a.webp","processed original","0"
"8765487055171","Nevada 3 Drawer Bedside White Gloss - WH","5","https://cdn.shopify.com/s/files/1/0567/1377/3243/files/NEVADA-BEDROOM-WHITE-100-101-089-100-102-108-100-102-106-100-101-088-100-105-017-100-103-059-100-103-058-400x265.jpg?v=1696366790","/media/catalogue/e550eb3244b14e28.webp","processed original","0"
"8765502914883","Nevada 2 Drawer Bedside Grey Gloss/Light Oak Effect Veneer - WH","1","https://cdn.shopify.com/s/files/1/0567/1377/3243/files/NEVADA-2-DRAWER-BEDSIDE-GREY-GLOSSLIGHT-OAK-EFFECT-VENEER-2019-01-100-103-053-290x400.jpg?v=1695302151","/media/catalogue/fb44e71a64fe299b.webp","processed original","13113"
"8765502914883","Nevada 2 Drawer Bedside Grey Gloss/Light Oak Effect Veneer - WH","2","https://cdn.shopify.com/s/files/1/0567/1377/3243/files/NEVADA-2-DRAWER-BEDSIDE-GREY-GLOSSLIGHT-OAK-EFFECT-VENEER-2019-03-100-103-053-267x400.jpg?v=1695302151","/media/catalogue/66c42ba767a83dbf.webp","processed original","9915"
"8765502914883","Nevada 2 Drawer Bedside Grey Gloss/Light Oak Effect Veneer - WH","3","https://cdn.shopify.com/s/files/1/0567/1377/3243/files/AMELIA-OTTOMAN-PLUS-BED-DARK-GREY-FABRIC-2021-200-203-080-100-104-006-01-400x266.jpg?v=1695302151","/media/catalogue/865f8b5df12b4013.webp","processed original","0"
"8765502914883","Nevada 2 Drawer Bedside Grey Gloss/Light Oak Effect Veneer - WH","4","https://cdn.shopify.com/s/files/1/0567/1377/3243/files/NEVADA-2-DRAWER-BEDSIDE-GREY-GLOSSLIGHT-OAK-EFFECT-VENEER-2019-02-100-103-053-342x400.jpg?v=1695302149","/media/catalogue/f80ad3952f3e6a5b.webp","processed original","22844"
"8765502914883","Nevada 2 Drawer Bedside Grey Gloss/Light Oak Effect Veneer - WH","5","https://cdn.shopify.com/s/files/1/0567/1377/3243/files/NEVADA-2-DRAWER-BEDSIDE-GREY-GLOSSLIGHT-OAK-EFFECT-VENEER-2019-06-100-103-053-400x400.jpg?v=1694690832","/media/catalogue/349be9211db5a3e5.webp","processed original","0"
"8765516120387","Nevada 2 Drawer Bedside White Gloss - WH","1","https://cdn.shopify.com/s/files/1/0567/1377/3243/files/NEVADA-2-DRAWER-BEDSIDE-WHITE-GLOSS-2019-01-100-103-058-301x400.jpg?v=1694691052","/media/catalogue/dd96f7e39d85c907.webp","processed original","88172"
"8765516120387","Nevada 2 Drawer Bedside White Gloss - WH","2","https://cdn.shopify.com/s/files/1/0567/1377/3243/files/NEVADA-2-DRAWER-BEDSIDE-WHITE-GLOSS-2019-02-100-103-058-349x400.jpg?v=1694691052","/media/catalogue/d1273943132c27de.webp","processed original","83138"
"8765516120387","Nevada 2 Drawer Bedside White Gloss - WH","3","https://cdn.shopify.com/s/files/1/0567/1377/3243/files/NEVADA-2-DRAWER-BEDSIDE-WHITE-GLOSS-2019-03-100-103-058-264x400.jpg?v=1694691052","/media/catalogue/192af76998fa8ff8.webp","processed original","51246"
"8765516120387","Nevada 2 Drawer Bedside White Gloss - WH","4","https://cdn.shopify.com/s/files/1/0567/1377/3243/files/NEVADA-2-DRAWER-BEDSIDE-WHITE-GLOSS-2019-04-100-103-058-265x400.jpg?v=1694691053","/media/catalogue/a1d3d56393234797.webp","processed original","101900"
"8765516120387","Nevada 2 Drawer Bedside White Gloss - WH","5","https://cdn.shopify.com/s/files/1/0567/1377/3243/files/NEVADA-2-DRAWER-BEDSIDE-WHITE-GLOSS-2019-06-100-103-058-283x400.jpg?v=1694691051","/media/catalogue/41911b49b8abf3a8.webp","processed original","0"
"8776731984195","Function Plus Corner Desk - White/Oak DE","1","https://cdn.shopify.com/s/files/1/0567/1377/3243/files/FPD-80118-WO_01.jpg?v=1695307917","/media/catalogue/26ab0c307d95c2f7.webp","processed original","1902663"
"8776731984195","Function Plus Corner Desk - White/Oak DE","2","https://cdn.shopify.com/s/files/1/0567/1377/3243/files/FPD-80118-WO_02.jpg?v=1695307918","/media/catalogue/6efe68b4afbcaaea.webp","processed original","1297240"
"8776731984195","Function Plus Corner Desk - White/Oak DE","3","https://cdn.shopify.com/s/files/1/0567/1377/3243/files/FPD-80118-WO_03.jpg?v=1695307917","/media/catalogue/6f58a2b0033c6c2b.webp","processed original","2060700"
"8776731984195","Function Plus Corner Desk - White/Oak DE","4","https://cdn.shopify.com/s/files/1/0567/1377/3243/files/FPD-80118-WO.jpg?v=1695307917","/media/catalogue/10151466e41130ea.webp","processed original","1854147"
"8776739062083","Function Plus Desk- White DE","1","https://cdn.shopify.com/s/files/1/0567/1377/3243/files/FPD-80134-W_01.jpg?v=1695308198","/media/catalogue/ca9ba6727528c0a4.webp","processed original","2098853"
"8776739062083","Function Plus Desk- White DE","2","https://cdn.shopify.com/s/files/1/0567/1377/3243/files/FPD-80134-W_03.jpg?v=1695308199","/media/catalogue/4f9ab2ecace69024.webp","processed original","0"
"8776739062083","Function Plus Desk- White DE","3","https://cdn.shopify.com/s/files/1/0567/1377/3243/files/FPD-80134-W_04.jpg?v=1695308200","/media/catalogue/d8075dea444c7fee.webp","processed original","0"
"8776739062083","Function Plus Desk- White DE","4","https://cdn.shopify.com/s/files/1/0567/1377/3243/files/FPD-80134-W_05.jpg?v=1695308199","/media/catalogue/e5aa11f1115c7c62.webp","processed original","1667633"
"8776739062083","Function Plus Desk- White DE","5","https://cdn.shopify.com/s/files/1/0567/1377/3243/files/FPD-80134-W_06.jpg?v=1695308199","/media/catalogue/3eef6343350666e6.webp","processed original","1763069"
"8776739062083","Function Plus Desk- White DE","6","https://cdn.shopify.com/s/files/1/0567/1377/3243/files/FPD-80134-W.jpg?v=1695308198","/media/catalogue/beb89bfc2130e831.webp","processed original","2067417"
"8776788214083","Argyle Bed DE","1","https://cdn.shopify.com/s/files/1/0567/1377/3243/products/ARG-40-L-RP.jpg?v=1695310635","/media/catalogue/e0824fe2b97d05bc.webp","processed original","935471"
"8776788214083","Argyle Bed DE","2","https://cdn.shopify.com/s/files/1/0567/1377/3243/products/ARG-30-L-RP.jpg?v=1695310755","/media/catalogue/eafa9ea0a60dea20.webp","processed original","1129664"
"8777497674051","Nelly 2 Door Mirrored Wardrobe (105cm) - Graphite Lamela Artisan DE","1","https://cdn.shopify.com/s/files/1/0567/1377/3243/files/NEL-2DR-G_01.jpg?v=1695333033","/media/catalogue/6df665f9258de646.webp","processed original","1081957"
"8777497674051","Nelly 2 Door Mirrored Wardrobe (105cm) - Graphite Lamela Artisan DE","2","https://cdn.shopify.com/s/files/1/0567/1377/3243/files/NEL-2DR-G_02.jpg?v=1695333033","/media/catalogue/ffd490e97ae08bc5.webp","processed original","941904"
"8777512780099","Nova 3 Drawer Chest - Oak DE","1","https://cdn.shopify.com/s/files/1/0567/1377/3243/files/NOV-3DC-O_01.jpg?v=1695333531","/media/catalogue/c2012ceb2f82f126.webp","processed original","1702750"
"8777512780099","Nova 3 Drawer Chest - Oak DE","2","https://cdn.shopify.com/s/files/1/0567/1377/3243/files/NOV-3DC-O_03.jpg?v=1695333530","/media/catalogue/8e3a0ed9c075c9d8.webp","processed original","0"
"8777512780099","Nova 3 Drawer Chest - Oak DE","3","https://cdn.shopify.com/s/files/1/0567/1377/3243/files/NOV-3DC-O_04.jpg?v=1695333531","/media/catalogue/06e34833d412c9df.webp","processed original","0"
"8777512780099","Nova 3 Drawer Chest - Oak DE","4","https://cdn.shopify.com/s/files/1/0567/1377/3243/files/NOV-3DC-O.jpg?v=1695333531","/media/catalogue/0569ee942860aa27.webp","processed original","1734441"
"8777523724611","Nova 3 Drawer Chest - White DE","1","https://cdn.shopify.com/s/files/1/0567/1377/3243/files/NOV-3DC-W_01.jpg?v=1695333831","/media/catalogue/e4c6e94ed0f296d6.webp","processed original","2005073"
"8777523724611","Nova 3 Drawer Chest - White DE","2","https://cdn.shopify.com/s/files/1/0567/1377/3243/files/NOV-3DC-W_02.jpg?v=1695333832","/media/catalogue/6274be25465ea9c1.webp","processed original","0"
"8777523724611","Nova 3 Drawer Chest - White DE","3","https://cdn.shopify.com/s/files/1/0567/1377/3243/files/NOV-3DC-W_03.jpg?v=1695333831","/media/catalogue/131ffe30251f5af1.webp","processed original","0"
"8777523724611","Nova 3 Drawer Chest - White DE","4","https://cdn.shopify.com/s/files/1/0567/1377/3243/files/NOV-3DC-W.jpg?v=1695333832","/media/catalogue/cbe583de5f55e9bd.webp","processed original","2074614"
"8777529753923","Nova 5 Drawer Narrow Chest - Oak DE","1","https://cdn.shopify.com/s/files/1/0567/1377/3243/files/NOV-5DN-O_01.jpg?v=1695334108","/media/catalogue/c9b5d06d7cd756aa.webp","processed original","1815509"
"8777529753923","Nova 5 Drawer Narrow Chest - Oak DE","2","https://cdn.shopify.com/s/files/1/0567/1377/3243/files/NOV-5DN-O_02.jpg?v=1695334108","/media/catalogue/f26ac5387b7d43d4.webp","processed original","0"
"8777529753923","Nova 5 Drawer Narrow Chest - Oak DE","3","https://cdn.shopify.com/s/files/1/0567/1377/3243/files/NOV-5DN-O.jpg?v=1695334108","/media/catalogue/1ded295be908848e.webp","processed original","0"
"8777539060035","Nova 5 Drawer Wide Chest - Oak DE","1","https://cdn.shopify.com/s/files/1/0567/1377/3243/files/NOV-5DC-O_01.jpg?v=1695334413","/media/catalogue/3ed5b77d13378c04.webp","processed original","1554625"
"8777539060035","Nova 5 Drawer Wide Chest - Oak DE","2","https://cdn.shopify.com/s/files/1/0567/1377/3243/files/NOV-5DC-O_02.jpg?v=1695334413","/media/catalogue/90a00227be6996d6.webp","processed original","1440387"
"8777539060035","Nova 5 Drawer Wide Chest - Oak DE","3","https://cdn.shopify.com/s/files/1/0567/1377/3243/files/NOV-5DC-O.jpg?v=1695334414","/media/catalogue/1ad6acd3d4701c13.webp","processed original","0"
"8777542009155","Nova 5 Drawer Wide Chest - White DE","1","https://cdn.shopify.com/s/files/1/0567/1377/3243/files/NOV-5DC-W_01.jpg?v=1695334538","/media/catalogue/bd60568fe59737b9.webp","processed original","2035138"
"8777542009155","Nova 5 Drawer Wide Chest - White DE","2","https://cdn.shopify.com/s/files/1/0567/1377/3243/files/NOV-5DC-W_02.jpg?v=1695334538","/media/catalogue/adf86684b9fa7a32.webp","processed original","1928887"
"8777542009155","Nova 5 Drawer Wide Chest - White DE","3","https://cdn.shopify.com/s/files/1/0567/1377/3243/files/NOV-5DC-W_03.jpg?v=1695334538","/media/catalogue/b6d3d58ad6523891.webp","processed original","1310962"
"8777542009155","Nova 5 Drawer Wide Chest - White DE","4","https://cdn.shopify.com/s/files/1/0567/1377/3243/files/NOV-5DC-W.jpg?v=1695334539","/media/catalogue/3818d5489dd31f23.webp","processed original","0"
"8777545777475","Nova 6 Drawer Chest - Oak DE","1","https://cdn.shopify.com/s/files/1/0567/1377/3243/files/NOV-6DC-O_02.jpg?v=1695334696","/media/catalogue/4ae7565350e3f688.webp","processed original","1508858"
"8777545777475","Nova 6 Drawer Chest - Oak DE","2","https://cdn.shopify.com/s/files/1/0567/1377/3243/files/NOV-6DC-O.jpg?v=1695334705","/media/catalogue/7b94cac62a066bd9.webp","processed original","1583761"
"8777558032707","Denmark Large Sliderobe 1.5m DE","1","https://cdn.shopify.com/s/files/1/0567/1377/3243/files/DEN-15-G.jpg?v=1695335246","/media/catalogue/1ac24c3a6b038eb3.webp","processed original","0"
"8777558032707","Denmark Large Sliderobe 1.5m DE","2","https://cdn.shopify.com/s/files/1/0567/1377/3243/files/DEN-15-G_01.jpg?v=1695335246","/media/catalogue/0e6f354dc579051e.webp","processed original","15236"
"8777580380483","Argyle Bunk Bed - Light Antique DE","1","https://cdn.shopify.com/s/files/1/0567/1377/3243/files/ARG-BB-LA.jpg?v=1695335884","/media/catalogue/28742a89796dbcbc.webp","processed original","30990"
"8777586868547","Argyle Triple Sleeper - Rustic Pine (4' Base) DE","1","https://cdn.shopify.com/s/files/1/0567/1377/3243/files/ARG-TS-RP.jpg?v=1695336203","/media/catalogue/5a6b155974c15415.webp","processed original","736974"
"8782126448963","Treviso Dining Table WH","1","https://cdn.shopify.com/s/files/1/0567/1377/3243/files/treviso.jpg?v=1727449166","/media/catalogue/ab7429ec664bc753.webp","processed original","955056"
"8782132805955","Quebec Dining Chairs - WH","1","https://cdn.shopify.com/s/files/1/0567/1377/3243/files/IMG_0778_1.jpg?v=1695751910","/media/catalogue/f46a4887a1fbfb3a.webp","processed original","0"
"8782132805955","Quebec Dining Chairs - WH","2","https://cdn.shopify.com/s/files/1/0567/1377/3243/files/20230124_173534.jpg?v=1707134443","/media/catalogue/de01b0e2bf6a30a7.webp","processed original","0"
"8782132805955","Quebec Dining Chairs - WH","3","https://cdn.shopify.com/s/files/1/0567/1377/3243/files/30707884.webp?v=1707134443","/media/catalogue/5028522c56c10f69.webp","processed original","1518292"
"8782132805955","Quebec Dining Chairs - WH","4","https://cdn.shopify.com/s/files/1/0567/1377/3243/files/1000169720_alt01.webp?v=1707134443","/media/catalogue/a205f0483b974e38.webp","processed original","275013"
"8782132805955","Quebec Dining Chairs - WH","5","https://cdn.shopify.com/s/files/1/0567/1377/3243/files/1000169720_alt02.webp?v=1707134443","/media/catalogue/31a619fec906a70d.webp","processed original","312508"
"8782132805955","Quebec Dining Chairs - WH","6","https://cdn.shopify.com/s/files/1/0567/1377/3243/files/1000169720_alt03.webp?v=1707134443","/media/catalogue/8d148959ba33e88d.webp","processed original","279894"
"8782132805955","Quebec Dining Chairs - WH","7","https://cdn.shopify.com/s/files/1/0567/1377/3243/files/1000169720_alt05.webp?v=1707134443","/media/catalogue/0b8febe98bd3b396.webp","processed original","0"
"8782132805955","Quebec Dining Chairs - WH","8","https://cdn.shopify.com/s/files/1/0567/1377/3243/files/QUEBEC_DINING_CHAIR-GREY_1.jpg?v=1707134443","/media/catalogue/3d3816eda7a3c96e.webp","processed original","563167"
"8782132805955","Quebec Dining Chairs - WH","9","https://cdn.shopify.com/s/files/1/0567/1377/3243/files/QUEBEC_DINING_CHAIR-GREY_01.jpg?v=1707134443","/media/catalogue/921f8c6e302aa130.webp","processed original","423178"
"8782132805955","Quebec Dining Chairs - WH","10","https://cdn.shopify.com/s/files/1/0567/1377/3243/files/QUEBEC_DINING_CHAIR-GREY_03.jpg?v=1707134407","/media/catalogue/0f1dbf7331bae1d9.webp","processed original","0"
"8782132805955","Quebec Dining Chairs - WH","11","https://cdn.shopify.com/s/files/1/0567/1377/3243/files/QUEBEC_DINING_CHAIR-GREY.jpg?v=1707134405","/media/catalogue/c8269ca629b2973f.webp","processed original","563167"
"8794596344131","Jay-Be Revolution Folding Bed with Rebound e-Fibre Mattress - Single- DE","1","https://cdn.shopify.com/s/files/1/0567/1377/3243/files/108801_01.jpg?v=1696236888","/media/catalogue/b978e12fa6f12a08.webp","processed original","0"
"8794596344131","Jay-Be Revolution Folding Bed with Rebound e-Fibre Mattress - Single- DE","2","https://cdn.shopify.com/s/files/1/0567/1377/3243/files/108801_02.jpg?v=1696236888","/media/catalogue/1cb6091e28547cd8.webp","processed original","0"
"8794596344131","Jay-Be Revolution Folding Bed with Rebound e-Fibre Mattress - Single- DE","3","https://cdn.shopify.com/s/files/1/0567/1377/3243/files/108801_03.jpg?v=1696236887","/media/catalogue/8486c7ce98595951.webp","processed original","0"
"8794596344131","Jay-Be Revolution Folding Bed with Rebound e-Fibre Mattress - Single- DE","4","https://cdn.shopify.com/s/files/1/0567/1377/3243/files/108801.jpg?v=1696236887","/media/catalogue/248f63e7e704fdc3.webp","processed original","0"
"8794723549507","Horizontal Wall Beds AL","1","https://cdn.shopify.com/s/files/1/0567/1377/3243/files/CONCEPTHORI120GREYMATT_2.jpg?v=1696242242","/media/catalogue/5afc329597e7f990.webp","processed original","595646"
"8794723549507","Horizontal Wall Beds AL","2","https://cdn.shopify.com/s/files/1/0567/1377/3243/files/CONCEPTHORI120GREYMATT_3.jpg?v=1696242243","/media/catalogue/2f1865ee5adf87ef.webp","processed original","531528"
"8794723549507","Horizontal Wall Beds AL","3","https://cdn.shopify.com/s/files/1/0567/1377/3243/files/CONCEPTHORI120GREYMATT.jpg?v=1696242242","/media/catalogue/902029174d65794e.webp","processed original","593744"
"8794723549507","Horizontal Wall Beds AL","4","https://cdn.shopify.com/s/files/1/0567/1377/3243/files/CONCEPTHORI120OAKARTISAN.jpg?v=1696242243","/media/catalogue/a4367c30e903eba4.webp","processed original","587688"
"8794723549507","Horizontal Wall Beds AL","5","https://cdn.shopify.com/s/files/1/0567/1377/3243/files/CONCEPTHORI120WHITEMATT.jpg?v=1696242242","/media/catalogue/348dd65e08f298ec.webp","processed original","599332"
"8798938235203","Vertical Wall Beds AL","1","https://cdn.shopify.com/s/files/1/0567/1377/3243/files/Screenshot2023-10-04at5.29.02PM.png?v=1696422824","/media/catalogue/c3babfac58f7f726.webp","processed original","0"
"8798938235203","Vertical Wall Beds AL","2","https://cdn.shopify.com/s/files/1/0567/1377/3243/files/Screenshot2023-10-04at5.34.00PM.png?v=1696422884","/media/catalogue/4e27e4f2aacd0e58.webp","processed original","224240"
"8798938235203","Vertical Wall Beds AL","3","https://cdn.shopify.com/s/files/1/0567/1377/3243/files/Screenshot2023-10-04at5.34.27PM.png?v=1696422890","/media/catalogue/4c7a38688fa4f3d6.webp","processed original","0"
"8802447688003","Quebec Wave Edge Console Table  - WH","1","https://cdn.shopify.com/s/files/1/0567/1377/3243/files/QUEBEC-WAVE-EDGE-CONSOLE-TABLE-MEDIUM-OAK-EFFECT-2020-04-300-304-021-308x400.jpg?v=1696599293","/media/catalogue/786220fc2f65cf2c.webp","processed original","85900"
"8802447688003","Quebec Wave Edge Console Table  - WH","2","https://cdn.shopify.com/s/files/1/0567/1377/3243/files/QUEBEC-WAVE-EDGE-CONSOLE-TABLE-MEDIUM-OAK-EFFECT-2020-05-300-304-021-400x279.jpg?v=1696599293","/media/catalogue/5dac4618f9abf967.webp","processed original","58753"
"8802447688003","Quebec Wave Edge Console Table  - WH","3","https://cdn.shopify.com/s/files/1/0567/1377/3243/files/QUEBEC-DINING-TABLE-WAVE-EDGE-DINING-CHAIR-2020-400-403-048-400-402-103-01-400x294.jpg?v=1696599293","/media/catalogue/8f669ad5899168fd.webp","processed original","0"
"8802447688003","Quebec Wave Edge Console Table  - WH","4","https://cdn.shopify.com/s/files/1/0567/1377/3243/files/QUEBEC-WAVE-EDGE-CONSOLE-TABLE-MEDIUM-OAK-EFFECT-2020-03-300-304-021-182x400.jpg?v=1696599293","/media/catalogue/8e853c443ecfa9b2.webp","processed original","42766"
"8802447688003","Quebec Wave Edge Console Table  - WH","5","https://cdn.shopify.com/s/files/1/0567/1377/3243/files/QUEBEC-WAVE-EDGE-CONSOLE-TABLE-CONCRETE-EFFECT-2021-300-304-028-02-1-400x257.jpg?v=1696599371","/media/catalogue/9bc02a3b78fab050.webp","processed original","86369"
"8802447688003","Quebec Wave Edge Console Table  - WH","6","https://cdn.shopify.com/s/files/1/0567/1377/3243/files/QUEBEC-WAVE-EDGE-CONSOLE-TABLE-CONCRETE-EFFECT-2021-300-304-028-03-1-179x400.jpg?v=1696599371","/media/catalogue/89664fc4016dd409.webp","processed original","41451"
"8802447688003","Quebec Wave Edge Console Table  - WH","7","https://cdn.shopify.com/s/files/1/0567/1377/3243/files/QUEBEC-WAVE-EDGE-CONSOLE-TABLE-CONCRETE-EFFECT-2021-300-304-028-05-1-400x267.jpg?v=1696599371","/media/catalogue/ae7f2fb32a293468.webp","processed original","0"
"8821630533955","Colton 3' Bed HJ","1","https://cdn.shopify.com/s/files/1/0567/1377/3243/files/Colton3_Bed.jpg?v=1697709073","/media/catalogue/d630d223f010adb5.webp","processed original","0"
"8821639512387","Holly Bed HJ","1","https://cdn.shopify.com/s/files/1/0567/1377/3243/files/Holly3_bedwhite.jpg?v=1697709508","/media/catalogue/5d17acdaab7e9e89.webp","processed original","0"
"8821639512387","Holly Bed HJ","2","https://cdn.shopify.com/s/files/1/0567/1377/3243/files/Holly3_GreyBed.jpg?v=1697709508","/media/catalogue/5e8111efdbc74899.webp","processed original","0"
"8821639512387","Holly Bed HJ","3","https://cdn.shopify.com/s/files/1/0567/1377/3243/files/Holly4_6Grey.jpg?v=1697709508","/media/catalogue/b30d2feb9d79c848.webp","processed original","0"
"8821639512387","Holly Bed HJ","4","https://cdn.shopify.com/s/files/1/0567/1377/3243/files/E1bNSRBe.jpg?v=1697709540","/media/catalogue/383df4de8260d06b.webp","processed original","0"
"8821639512387","Holly Bed HJ","5","https://cdn.shopify.com/s/files/1/0567/1377/3243/files/Holly4_6White.jpg?v=1697709591","/media/catalogue/7b9403a3381309c0.webp","processed original","0"
"8821721956675","Como folding bed  - HJ","1","https://cdn.shopify.com/s/files/1/0567/1377/3243/files/Comoclosed_1.jpg?v=1697714724","/media/catalogue/bfa976c2f9420fca.webp","processed original","695464"
"8821721956675","Como folding bed  - HJ","2","https://cdn.shopify.com/s/files/1/0567/1377/3243/files/Comoopen.jpg?v=1697714725","/media/catalogue/8e8ad19a411d9f01.webp","processed original","546525"
"8821733622083","Colton Bunk Bed HJ","1","https://cdn.shopify.com/s/files/1/0567/1377/3243/files/Coltonbunk.jpg?v=1697715677","/media/catalogue/050d4ddc55d8c6c1.webp","processed original","0"
"8821734244675","Ohio Bunk Bed HJ","1","https://cdn.shopify.com/s/files/1/0567/1377/3243/files/OhioBunk.jpg?v=1697715746","/media/catalogue/d3b0fe211f531a2f.webp","processed original","0"
"8821735129411","Solteira Bunk Bed - HJ","1","https://cdn.shopify.com/s/files/1/0567/1377/3243/files/SolteiraWhite.jpg?v=1697715878","/media/catalogue/87e2ea302d6fa784.webp","processed original","0"
"8821735129411","Solteira Bunk Bed - HJ","2","https://cdn.shopify.com/s/files/1/0567/1377/3243/files/SoltieraGrey.jpg?v=1697715877","/media/catalogue/528c97ad63e78b4f.webp","processed original","0"
"8821752365379","Edel Console Table - HJ","1","https://cdn.shopify.com/s/files/1/0567/1377/3243/files/EdelConsoleTable_1.jpg?v=1697717186","/media/catalogue/f5ff4aeb10a0ec0c.webp","processed original","0"
"8821759639875","Beverly Set - HJ","1","https://cdn.shopify.com/s/files/1/0567/1377/3243/files/BeverlySet.jpg?v=1697717595","/media/catalogue/f0173e0139a97265.webp","processed original","0"
"8821771108675","Napoli Dining Set HJ","1","https://cdn.shopify.com/s/files/1/0567/1377/3243/files/NapoliDiningSet_1.jpg?v=1697718242","/media/catalogue/1143ee1a2843e349.webp","processed original","0"
"8821772812611","Roma Dining Set HJ","1","https://cdn.shopify.com/s/files/1/0567/1377/3243/files/RomaDiningSet.jpg?v=1697718294","/media/catalogue/56ee6741345aef60.webp","processed original","0"
"8821774221635","Verona Dining Set HJ","1","https://cdn.shopify.com/s/files/1/0567/1377/3243/files/VeronaDiningSet_1.jpg?v=1697718427","/media/catalogue/27ba946e31941369.webp","processed original","0"
"8909343523139","Silvia Bar Stool with Black Legs GA","1","https://cdn.shopify.com/s/files/1/0567/1377/3243/files/Screenshot2023-12-05at1.19.29PM.png?v=1701764380","/media/catalogue/bd16e378189cfd17.webp","processed original","701264"
"8909343523139","Silvia Bar Stool with Black Legs GA","2","https://cdn.shopify.com/s/files/1/0567/1377/3243/files/Screenshot2023-12-05at1.20.16PM.png?v=1701764425","/media/catalogue/ed523a4aa648924d.webp","processed original","733632"
"8909343523139","Silvia Bar Stool with Black Legs GA","3","https://cdn.shopify.com/s/files/1/0567/1377/3243/files/Screenshot2023-12-05at1.20.30PM.png?v=1701764439","/media/catalogue/864589ff27310b8d.webp","processed original","740279"
"8909343523139","Silvia Bar Stool with Black Legs GA","4","https://cdn.shopify.com/s/files/1/0567/1377/3243/files/Screenshot2023-12-05at1.20.48PM.png?v=1701764457","/media/catalogue/d10ed3fc3556b7de.webp","processed original","673341"
"8909343523139","Silvia Bar Stool with Black Legs GA","5","https://cdn.shopify.com/s/files/1/0567/1377/3243/files/Screenshot2023-12-05at1.20.57PM.png?v=1701764466","/media/catalogue/10da2afa30b33334.webp","processed original","680141"
"8909369311555","Silvia Bar Stool with Chrome Legs GA","1","https://cdn.shopify.com/s/files/1/0567/1377/3243/files/Screenshot2023-12-05at1.29.04PM.png?v=1701764954","/media/catalogue/fb1b0b329d088366.webp","processed original","627405"
"8909369311555","Silvia Bar Stool with Chrome Legs GA","2","https://cdn.shopify.com/s/files/1/0567/1377/3243/files/Screenshot2023-12-05at1.29.19PM.png?v=1701764969","/media/catalogue/6f18d9bed0f3d515.webp","processed original","629034"
"8909369311555","Silvia Bar Stool with Chrome Legs GA","3","https://cdn.shopify.com/s/files/1/0567/1377/3243/files/Screenshot2023-12-05at1.29.32PM.png?v=1701764981","/media/catalogue/16f84c4d844b6c65.webp","processed original","637522"
"8909369311555","Silvia Bar Stool with Chrome Legs GA","4","https://cdn.shopify.com/s/files/1/0567/1377/3243/files/Screenshot2023-12-05at1.29.47PM.png?v=1701764997","/media/catalogue/94645524c78e5c5d.webp","processed original","618646"
"8909369311555","Silvia Bar Stool with Chrome Legs GA","5","https://cdn.shopify.com/s/files/1/0567/1377/3243/files/Screenshot2023-12-05at1.29.59PM.png?v=1701765009","/media/catalogue/7f4fc9e44534b3ce.webp","processed original","628393"
"8910964719939","Arizona Triple Sleeper – White (4' Base) DE","1","https://cdn.shopify.com/s/files/1/0567/1377/3243/files/Screenshot2023-12-06at11.50.22PM.png?v=1701888632","/media/catalogue/8715eb0c328da8e0.webp","processed original","1325461"
"8945330848067","Chantelle Console Table HJ","1","https://cdn.shopify.com/s/files/1/0567/1377/3243/files/Chantelle-Coffee-Table.jpg?v=1704204816","/media/catalogue/824b64751afbaed5.webp","processed original","0"
"8945330848067","Chantelle Console Table HJ","2","https://cdn.shopify.com/s/files/1/0567/1377/3243/files/Chantelle-Console-Table.jpg?v=1704204816","/media/catalogue/ad5dfced6fef6634.webp","processed original","0"
"8945344348483","Columbia Console Table HJ","1","https://cdn.shopify.com/s/files/1/0567/1377/3243/files/Columbia-Charcoal-Occasional-set_424d0b1b-9e49-42d0-bd52-9f1ee3f53235.jpg?v=1704205282","/media/catalogue/9e158151f6cb691b.webp","processed original","0"
"8945344348483","Columbia Console Table HJ","2","https://cdn.shopify.com/s/files/1/0567/1377/3243/files/Columbia-Navy-Occasional-set_df2b3b07-54d7-45b1-88ee-0d9b3e8881eb.jpg?v=1704205414","/media/catalogue/ce4c8efbfc87da7d.webp","processed original","0"
"8945344348483","Columbia Console Table HJ","3","https://cdn.shopify.com/s/files/1/0567/1377/3243/files/Columbia-Navy-Occasional-set_ec741010-6566-4223-afc2-975edfd3d807.jpg?v=1704205481","/media/catalogue/b7e8a43b7205bae7.webp","processed original","0"
"8945405264195","Melissa Nest Table HJ","1","https://cdn.shopify.com/s/files/1/0567/1377/3243/files/Melissa-Grey-Oak-Nest.jpg?v=1704208419","/media/catalogue/1205ac53c600ae3e.webp","processed original","0"
"8945405264195","Melissa Nest Table HJ","2","https://cdn.shopify.com/s/files/1/0567/1377/3243/files/Melissa-Nest.jpg?v=1704208433","/media/catalogue/5d89a0a351ce0b2f.webp","processed original","1107022"
"8945405264195","Melissa Nest Table HJ","3","https://cdn.shopify.com/s/files/1/0567/1377/3243/files/MelissaGreyNest.jpg?v=1706370925","/media/catalogue/90b8dfbe3c189062.webp","processed original","1265997"
"8978658099523","Rebecca Leather Dining Chair GA","1","https://cdn.shopify.com/s/files/1/0567/1377/3243/files/RebeccaDiningChairBasilGreenLeather.jpg?v=1706104844","/media/catalogue/96dd96a7fa3c5109.webp","processed original","778519"
"8978658099523","Rebecca Leather Dining Chair GA","2","https://cdn.shopify.com/s/files/1/0567/1377/3243/files/largeback-rebecca-dining-chair-basil-green.jpg?v=1706104846","/media/catalogue/643f7ced85c1d952.webp","processed original","0"
"8978658099523","Rebecca Leather Dining Chair GA","3","https://cdn.shopify.com/s/files/1/0567/1377/3243/files/largebottom-rebecca-dining-chair-basil-green.jpg?v=1706104845","/media/catalogue/a08d6de47b0d5442.webp","processed original","0"
"8978658099523","Rebecca Leather Dining Chair GA","4","https://cdn.shopify.com/s/files/1/0567/1377/3243/files/largeside-rebecca-dining-chair-basil-green.jpg?v=1706104844","/media/catalogue/de393ef2c310d61e.webp","processed original","0"
"8978658099523","Rebecca Leather Dining Chair GA","5","https://cdn.shopify.com/s/files/1/0567/1377/3243/files/RebeccaDiningChairCognacLeather.jpg?v=1706104845","/media/catalogue/c5ac4582ba90a49a.webp","processed original","777584"
"8978658099523","Rebecca Leather Dining Chair GA","6","https://cdn.shopify.com/s/files/1/0567/1377/3243/files/largebottom-rebecca-dining-chair-cogniac.jpg?v=1706104845","/media/catalogue/1fbc76ad7071cc8d.webp","processed original","0"
"8978658099523","Rebecca Leather Dining Chair GA","7","https://cdn.shopify.com/s/files/1/0567/1377/3243/files/2RebeccaDiningChairCognacLeather.jpg?v=1706104846","/media/catalogue/279b3e6b499c2db7.webp","processed original","0"
"8978658099523","Rebecca Leather Dining Chair GA","8","https://cdn.shopify.com/s/files/1/0567/1377/3243/files/largeside-rebecca-dining-chair-cogniac.jpg?v=1706104843","/media/catalogue/b663166a7d818f24.webp","processed original","0"
"8978658099523","Rebecca Leather Dining Chair GA","9","https://cdn.shopify.com/s/files/1/0567/1377/3243/files/rebecca-dining-chair-grey-leather-p12481-40477_image.jpg?v=1706104843","/media/catalogue/450a5e382bcbac05.webp","processed original","782863"
"8978658099523","Rebecca Leather Dining Chair GA","10","https://cdn.shopify.com/s/files/1/0567/1377/3243/files/largeside-rebecca-dining-chair-grey.jpg?v=1706104845","/media/catalogue/db78b2fa3c7f7fac.webp","processed original","0"
"8978658099523","Rebecca Leather Dining Chair GA","11","https://cdn.shopify.com/s/files/1/0567/1377/3243/files/largebottom-rebecca-dining-chair-grey.jpg?v=1706104842","/media/catalogue/b45e4c7f519866dd.webp","processed original","0"
"8978658099523","Rebecca Leather Dining Chair GA","12","https://cdn.shopify.com/s/files/1/0567/1377/3243/files/rebecca-dining-chair-lagoon-blue-leather-p12483-40479_image.jpg?v=1706104844","/media/catalogue/72674ddfafaaa2b7.webp","processed original","661234"
"8978658099523","Rebecca Leather Dining Chair GA","13","https://cdn.shopify.com/s/files/1/0567/1377/3243/files/largeback-rebecca-dining-chair-grey.jpg?v=1706104845","/media/catalogue/c382b72b66b5c845.webp","processed original","0"
"8978658099523","Rebecca Leather Dining Chair GA","14","https://cdn.shopify.com/s/files/1/0567/1377/3243/files/largeback-rebecca-dining-chair-lagoon-blue2.jpg?v=1706104843","/media/catalogue/109a1f9bccdb494c.webp","processed original","0"
"8978658099523","Rebecca Leather Dining Chair GA","15","https://cdn.shopify.com/s/files/1/0567/1377/3243/files/largebottom-rebecca-dining-chair-lagoon-blue2.jpg?v=1706104843","/media/catalogue/08bd68481e8a3e6a.webp","processed original","0"
"8978658099523","Rebecca Leather Dining Chair GA","16","https://cdn.shopify.com/s/files/1/0567/1377/3243/files/largeside-rebecca-dining-chair-lagoon-blue2.jpg?v=1706104847","/media/catalogue/5c70a09b939b51c2.webp","processed original","0"
"8978708726083","Fredrik Bar Stools PU GA","1","https://cdn.shopify.com/s/files/1/0567/1377/3243/files/fredrikbarstool-02.jpg?v=1706106465","/media/catalogue/9118ae35037f7207.webp","processed original","462407"
"8978708726083","Fredrik Bar Stools PU GA","2","https://cdn.shopify.com/s/files/1/0567/1377/3243/files/fredrikbarstool-03.jpg?v=1706106466","/media/catalogue/6cb3dea86b44dfb7.webp","processed original","413547"
"8978708726083","Fredrik Bar Stools PU GA","3","https://cdn.shopify.com/s/files/1/0567/1377/3243/files/fredrikbarstool-04.jpg?v=1706106466","/media/catalogue/51427d2e5366f4de.webp","processed original","303275"
"8978708726083","Fredrik Bar Stools PU GA","4","https://cdn.shopify.com/s/files/1/0567/1377/3243/files/fredrikbarstool-05.jpg?v=1706106466","/media/catalogue/a0fa31ee249aa2b5.webp","processed original","394165"
"8978708726083","Fredrik Bar Stools PU GA","5","https://cdn.shopify.com/s/files/1/0567/1377/3243/files/fredrikbarstool-06.jpg?v=1706106466","/media/catalogue/5d3b69e3f378c22a.webp","processed original","338874"
"8978737234243","Fredrik 1800 Table X Leg GA","1","https://cdn.shopify.com/s/files/1/0567/1377/3243/files/FREDRIKOak1800TABLEX-LEG-02.jpg?v=1706107357","/media/catalogue/0c8b51d7d54b204a.webp","processed original","386358"
"8978737234243","Fredrik 1800 Table X Leg GA","2","https://cdn.shopify.com/s/files/1/0567/1377/3243/files/176_1676.jpg?v=1706107773","/media/catalogue/fe64f9bc7c9d2e3d.webp","processed original","703649"
"8978737234243","Fredrik 1800 Table X Leg GA","3","https://cdn.shopify.com/s/files/1/0567/1377/3243/files/176_1677.jpg?v=1706107773","/media/catalogue/d3683d87ae3ecf08.webp","processed original","624341"
"8978737234243","Fredrik 1800 Table X Leg GA","4","https://cdn.shopify.com/s/files/1/0567/1377/3243/files/FredrikWalnutXlegTable-02.jpg?v=1706108127","/media/catalogue/e6bb3055ca7a8e39.webp","processed original","356530"
"8978737234243","Fredrik 1800 Table X Leg GA","5","https://cdn.shopify.com/s/files/1/0567/1377/3243/files/FredrikWalnutXlegTableside.webp?v=1706108279","/media/catalogue/ca3002c850c4df7f.webp","processed original","1260141"
"8978737234243","Fredrik 1800 Table X Leg GA","6","https://cdn.shopify.com/s/files/1/0567/1377/3243/files/FredrikWalnutXlegTable.webp?v=1706108279","/media/catalogue/991a784005cc07d0.webp","processed original","1164220"
"8978759778627","Fredrik Bench GA","1","https://cdn.shopify.com/s/files/1/0567/1377/3243/files/FredrikBench-03.jpg?v=1706108938","/media/catalogue/60882ae44a506eb2.webp","processed original","711919"
"8978759778627","Fredrik Bench GA","2","https://cdn.shopify.com/s/files/1/0567/1377/3243/files/FredrikBench-04.jpg?v=1706108938","/media/catalogue/6263e341d9e2c0e2.webp","processed original","778863"
"8985555861827","Katie Armchair GI","1","https://cdn.shopify.com/s/files/1/0567/1377/3243/files/KatieArmchairMink.jpg?v=1706362906","/media/catalogue/d6e3a5bddd8fec84.webp","processed original","0"
"8985555861827","Katie Armchair GI","2","https://cdn.shopify.com/s/files/1/0567/1377/3243/files/KatieArmchairSilver.jpg?v=1706363158","/media/catalogue/1a5d32209c3f7090.webp","processed original","387198"
"8985555861827","Katie Armchair GI","3","https://cdn.shopify.com/s/files/1/0567/1377/3243/files/21784-2033a2c1-0165-40c1-a929-e23f393ccfe1.jpg?v=1706363158","/media/catalogue/30505d89bdd84df2.webp","processed original","784549"
"8985625526595","Rukas 0024A Rug","1","https://cdn.shopify.com/s/files/1/0567/1377/3243/files/Rukas0024ARug2.jpg?v=1706365609","/media/catalogue/289ce57a182ccb66.webp","processed original","0"
"8985625526595","Rukas 0024A Rug","2","https://cdn.shopify.com/s/files/1/0567/1377/3243/files/Rukas0024ARug3.jpg?v=1706365608","/media/catalogue/e571b8ac71342c95.webp","processed original","0"
"8985625526595","Rukas 0024A Rug","3","https://cdn.shopify.com/s/files/1/0567/1377/3243/files/Rukas0024ARug4.jpg?v=1706365609","/media/catalogue/92c08ed30c5dc01d.webp","processed original","0"
"8985625526595","Rukas 0024A Rug","4","https://cdn.shopify.com/s/files/1/0567/1377/3243/files/Rukas0024ARug5.jpg?v=1706365608","/media/catalogue/5d84099fcf157ea6.webp","processed original","0"
"8985625526595","Rukas 0024A Rug","5","https://cdn.shopify.com/s/files/1/0567/1377/3243/files/Rukas0024ARug6.jpg?v=1706365608","/media/catalogue/b57620e7e2d5d9c5.webp","processed original","0"
"8985625526595","Rukas 0024A Rug","6","https://cdn.shopify.com/s/files/1/0567/1377/3243/files/Rukas0024ARug.jpg?v=1706365608","/media/catalogue/309a89b4e7212104.webp","processed original","0"
"8985625526595","Rukas 0024A Rug","7","https://cdn.shopify.com/s/files/1/0567/1377/3243/files/Rukas0024ARug1.jpg?v=1706365608","/media/catalogue/5171ddc4f8a88019.webp","processed original","753017"
"8985711083843","Colton 4’6 White Bed HJ","1","https://cdn.shopify.com/s/files/1/0567/1377/3243/files/Colton4_6WhiteBed.jpg?v=1706368817","/media/catalogue/e00d6f1606b8c87e.webp","processed original","0"
"8985752502595","Harriet Tilt & Rise Chair HJ","1","https://cdn.shopify.com/s/files/1/0567/1377/3243/files/HarrietDarkGrey.jpg?v=1706369460","/media/catalogue/cf549f4d94010b78.webp","processed original","0"
"8985752502595","Harriet Tilt & Rise Chair HJ","2","https://cdn.shopify.com/s/files/1/0567/1377/3243/files/HarrietLightGrey.jpg?v=1706369460","/media/catalogue/07476977fdddffa5.webp","processed original","0"
"8985817579843","Newark Dining Set HJ","1","https://cdn.shopify.com/s/files/1/0567/1377/3243/files/NewarkDiningSetGrey.jpg?v=1706371475","/media/catalogue/94e9e5de538f8603.webp","processed original","0"
"8985860407619","Writing Desk Grey HJ","1","https://cdn.shopify.com/s/files/1/0567/1377/3243/files/Writing-Desk-Grey.jpg?v=1706373211","/media/catalogue/3944b326f5360a28.webp","processed original","0"
"9061030265155","Farrell Locker HJ","1","https://cdn.shopify.com/s/files/1/0567/1377/3243/files/Farrell-Locker.jpg?v=1709637706","/media/catalogue/f1550f057a9f893b.webp","processed original","0"
"9061064966467","Quebec Dining Table WH","1","https://cdn.shopify.com/s/files/1/0567/1377/3243/files/QUEBEC-DINING-TABLE-STRAIGHT-EDGE-MEDIUM-OAK-EFFECT-400-403-049-scaled_3643ea50-1f78-434b-8423-1c56ab0c04d4.jpg?v=1709638941","/media/catalogue/a49921d89bf1b60b.webp","processed original","1092583"
"9061064966467","Quebec Dining Table WH","2","https://cdn.shopify.com/s/files/1/0567/1377/3243/files/QUEBEC-DINING-TABLE-STRAIGHT-EDGE-MEDIUM-OAK-EFFECT-400-403-049-scaled_b218c1d2-b3b4-475c-b9aa-924695bd0acd.jpg?v=1709638954","/media/catalogue/12c3bf1ae8519106.webp","processed original","1092583"
"9061375017283","Farrell Chests HJ","1","https://cdn.shopify.com/s/files/1/0567/1377/3243/files/Farrell-4-Drawer-Chest_5b935ffb-b440-42fb-87b6-3de6ed6c6383.jpg?v=1709650064","/media/catalogue/6626d3824ef5e720.webp","processed original","0"
"9061375017283","Farrell Chests HJ","2","https://cdn.shopify.com/s/files/1/0567/1377/3243/files/Farrell-3-drawer-Chest_187149b6-aa0d-4b90-8fcf-7bacff2f82df.jpg?v=1709650064","/media/catalogue/7e60b0c9acb9936c.webp","processed original","0"
"9061375017283","Farrell Chests HJ","3","https://cdn.shopify.com/s/files/1/0567/1377/3243/files/Farrell-3-drawer-Chest.jpg?v=1709638199","/media/catalogue/0044af2e42a1716e.webp","processed original","0"
"9061375017283","Farrell Chests HJ","4","https://cdn.shopify.com/s/files/1/0567/1377/3243/files/Farrell-4-Drawer-Chest.jpg?v=1709638198","/media/catalogue/7b5d96e28f1d4a04.webp","processed original","0"
"9061451006275","Chrissie Stool HJ","1","https://cdn.shopify.com/s/files/1/0567/1377/3243/files/Chrissie-Stool.jpg?v=1709652048","/media/catalogue/2a1dec63b635bd17.webp","processed original","0"
"9061472338243","Kimberley Robe HJ","1","https://cdn.shopify.com/s/files/1/0567/1377/3243/files/Kimberly-Robe-1-2_e590db77-e7fb-4f8d-94eb-7bfc6915f529.jpg?v=1709653905","/media/catalogue/85b1482c44386373.webp","processed original","0"
"9061472338243","Kimberley Robe HJ","2","https://cdn.shopify.com/s/files/1/0567/1377/3243/files/Kimberly-Robe-3_6b00e373-8e37-4694-9962-36eae2d9914d.jpg?v=1709653905","/media/catalogue/b0b0e3a8c10074c2.webp","processed original","0"
"9061472338243","Kimberley Robe HJ","3","https://cdn.shopify.com/s/files/1/0567/1377/3243/files/Kimberly-Robe-1-2.jpg?v=1709653869","/media/catalogue/bb2cb19988e83995.webp","processed original","0"
"9061472338243","Kimberley Robe HJ","4","https://cdn.shopify.com/s/files/1/0567/1377/3243/files/Kimberly-Robe-3.jpg?v=1709653886","/media/catalogue/7f98155b67fd9f11.webp","processed original","0"
"9061482266947","Montreal Dining Set HJ","1","https://cdn.shopify.com/s/files/1/0567/1377/3243/files/Montreal-Set.jpg?v=1709654460","/media/catalogue/44412c422df22f4e.webp","processed original","0"
"9061486002499","Montreal Stool HJ","1","https://cdn.shopify.com/s/files/1/0567/1377/3243/files/Montreal-Stool.jpg?v=1709654780","/media/catalogue/126658eb3dd230d5.webp","processed original","0"
"9061613666627","Francesca Bed GA","1","https://cdn.shopify.com/s/files/1/0567/1377/3243/files/4.13.jpg?v=1709661775","/media/catalogue/3b445b19a126440d.webp","processed original","189615"
"9061617762627","Francesca Bedside Locker GA","1","https://cdn.shopify.com/s/files/1/0567/1377/3243/files/1.16.jpg?v=1709662052","/media/catalogue/d4499677f7aba963.webp","processed original","172337"
"9061619597635","Francesca Tall Chest GA","1","https://cdn.shopify.com/s/files/1/0567/1377/3243/files/2.16-1.jpg?v=1709662212","/media/catalogue/b7df38ad8ce0f392.webp","processed original","183739"
"9061622186307","Francesca Wide Chest GA","1","https://cdn.shopify.com/s/files/1/0567/1377/3243/files/3.14.jpg?v=1709662383","/media/catalogue/f2ee2160fce6cd3c.webp","processed original","176007"
"9061630968131","Blox Chest of Drawers GA","1","https://cdn.shopify.com/s/files/1/0567/1377/3243/files/2.15.jpg?v=1709663030","/media/catalogue/12f89cbbc1d64618.webp","processed original","171280"
"9061634015555","Blox Wide Chest GA","1","https://cdn.shopify.com/s/files/1/0567/1377/3243/files/4.12.jpg?v=1709663179","/media/catalogue/e46a0e1a2621e48a.webp","processed original","181111"
"9062516785475","Emma Gas-Lift Headboard GI","1","https://cdn.shopify.com/s/files/1/0567/1377/3243/files/21800-d9bd4c63-5744-42cc-8947-ef8e03cab095-_1.jpg?v=1709724976","/media/catalogue/54d00dfd6239633b.webp","processed original","0"
"9062516785475","Emma Gas-Lift Headboard GI","2","https://cdn.shopify.com/s/files/1/0567/1377/3243/files/21800-4516f889-5584-4ad8-b6fc-1ed71a88d8a0.jpg?v=1709724976","/media/catalogue/42231c9ee1c0afbd.webp","processed original","0"
"9062523601219","Canyon Lamp Table GA","1","https://cdn.shopify.com/s/files/1/0567/1377/3243/files/canyon-lamp-table-oak_d3e999e4-4cf1-41b5-8ae5-681d8f9ebfaa.jpg?v=1709725670","/media/catalogue/cc04c85e581618be.webp","processed original","902200"
"9062523601219","Canyon Lamp Table GA","2","https://cdn.shopify.com/s/files/1/0567/1377/3243/files/canyon-lamp-table-marble_9e90daae-155d-45e1-a3e4-3969f4423e50.jpg?v=1709725656","/media/catalogue/105ee49f4528392a.webp","processed original","715000"
"9062523601219","Canyon Lamp Table GA","3","https://cdn.shopify.com/s/files/1/0567/1377/3243/files/canyon-lamp-table-grey-oak-p12423-40423_image.jpg?v=1709725610","/media/catalogue/f7efe0af00411bb9.webp","processed original","338000"
"9062533824835","Canyon Coffee Table GA","1","https://cdn.shopify.com/s/files/1/0567/1377/3243/files/canyon-coffee-table-grey-oak-p12420-40420_image.jpg?v=1709726249","/media/catalogue/5edc78bddf61e7a3.webp","processed original","363542"
"9062533824835","Canyon Coffee Table GA","2","https://cdn.shopify.com/s/files/1/0567/1377/3243/files/canyon-coffee-table-marble-p12421-40422_image.jpg?v=1709726249","/media/catalogue/651af809c31810ab.webp","processed original","338000"
"9062533824835","Canyon Coffee Table GA","3","https://cdn.shopify.com/s/files/1/0567/1377/3243/files/canyon-coffee-table-oak-p12422-40421_image.jpg?v=1709726248","/media/catalogue/21baf421528291c6.webp","processed original","338000"
"9062537298243","Matrix Coffee Table Light Marble GA","1","https://cdn.shopify.com/s/files/1/0567/1377/3243/files/matrix-coffee-table-light-marble.jpg?v=1709726579","/media/catalogue/1672975d93ae586f.webp","processed original","757900"
"9062539788611","Matrix Lamp Table Marble GA","1","https://cdn.shopify.com/s/files/1/0567/1377/3243/files/matrix-lamp-table-marble.jpg?v=1709726819","/media/catalogue/41c6f1cb7b04f6d6.webp","processed original","763400"
"9062542541123","Isra Console Table Marble GA","1","https://cdn.shopify.com/s/files/1/0567/1377/3243/files/isra-console-table-marble.jpg?v=1709727135","/media/catalogue/5d09a01d8eecf596.webp","processed original","763400"
"9062545621315","Isra Lamp Table Marble GA","1","https://cdn.shopify.com/s/files/1/0567/1377/3243/files/isra-lamp-table-marble.jpg?v=1709727263","/media/catalogue/5bb4b26c9459d054.webp","processed original","763400"
"9068664258883","Felicia Swivel Chair IM","1","https://cdn.shopify.com/s/files/1/0567/1377/3243/files/FeliciaSwivelChairMY-9514BadlandsCharcoalJS1103DE-066_1.webp?v=1715107155","/media/catalogue/c60846cb2862f98c.webp","processed original","0"
"9068664258883","Felicia Swivel Chair IM","2","https://cdn.shopify.com/s/files/1/0567/1377/3243/files/FeliciaSwivelChairMY-9514BadlandsCharcoalJS1103DE-066_2.webp?v=1715107154","/media/catalogue/a956c51f5010ebb4.webp","processed original","0"
"9068664258883","Felicia Swivel Chair IM","3","https://cdn.shopify.com/s/files/1/0567/1377/3243/files/FeliciaSwivelChairMY-9514BadlandsCharcoalJS1103DE-066_3.webp?v=1715107154","/media/catalogue/c91afbeb1d0d4545.webp","processed original","0"
"9068664258883","Felicia Swivel Chair IM","4","https://cdn.shopify.com/s/files/1/0567/1377/3243/files/FeliciaSwivelChairMY-E001JS1103DE-075badlandssaddle1.webp?v=1715107156","/media/catalogue/f1ac562beac74e09.webp","processed original","0"
"9068664258883","Felicia Swivel Chair IM","5","https://cdn.shopify.com/s/files/1/0567/1377/3243/files/FeliciaSwivelChairMY-E001JS1103DE-075badlandssaddle2.webp?v=1715107153","/media/catalogue/f669bfa2903ea8f8.webp","processed original","0"
"9068664258883","Felicia Swivel Chair IM","6","https://cdn.shopify.com/s/files/1/0567/1377/3243/files/FeliciaSwivelChairMY-E001JS1103DE-075badlandssaddle3.webp?v=1715107155","/media/catalogue/fc1067b19b461b80.webp","processed original","0"
"9072406397251","George Coffee Table GA","1","https://cdn.shopify.com/s/files/1/0567/1377/3243/files/George-Grey-Oak-Coffee-Table.jpg?v=1710154666","/media/catalogue/be9f3eab9b5b627f.webp","processed original","208479"
"9072406397251","George Coffee Table GA","2","https://cdn.shopify.com/s/files/1/0567/1377/3243/files/George-Marble-Grey-Coffee-Table.jpg?v=1710154666","/media/catalogue/9cbf209c4dbf6dad.webp","processed original","208717"
"9072406397251","George Coffee Table GA","3","https://cdn.shopify.com/s/files/1/0567/1377/3243/files/George-Oak-Coffee-Table.jpg?v=1710154666","/media/catalogue/2a8d59e5e968f9e8.webp","processed original","198516"
"9072419340611","George Lamp Table GA","1","https://cdn.shopify.com/s/files/1/0567/1377/3243/files/George-Grey-Oak-Lamp-Table.jpg?v=1710155487","/media/catalogue/5be3718ddc930c2f.webp","processed original","162690"
"9072419340611","George Lamp Table GA","2","https://cdn.shopify.com/s/files/1/0567/1377/3243/files/George-Marble-Grey-Lamp-Table.jpg?v=1710155487","/media/catalogue/9a8b069a18e303da.webp","processed original","164886"
"9072419340611","George Lamp Table GA","3","https://cdn.shopify.com/s/files/1/0567/1377/3243/files/George-Oak-Lamp-Table.jpg?v=1710155488","/media/catalogue/005fbdb2a5c7d8bb.webp","processed original","166455"
"9072426713411","Vetro Coffee Table GA","1","https://cdn.shopify.com/s/files/1/0567/1377/3243/files/Vetro-Grey-Coffee-Table.jpg?v=1710155988","/media/catalogue/e3fdffbc70771db7.webp","processed original","195577"
"9072426713411","Vetro Coffee Table GA","2","https://cdn.shopify.com/s/files/1/0567/1377/3243/files/Vetro-Oak-Coffee-Table.jpg?v=1710155987","/media/catalogue/38c31a8eb9650f38.webp","processed original","206422"
"9072426713411","Vetro Coffee Table GA","3","https://cdn.shopify.com/s/files/1/0567/1377/3243/files/Vetro-Walnut-Coffee-Table.jpg?v=1710155987","/media/catalogue/b749f72d8a472e67.webp","processed original","181349"
"9072432087363","Vetro Lamp Table GA","1","https://cdn.shopify.com/s/files/1/0567/1377/3243/files/Vetro-Grey-Lamp-Table.jpg?v=1710156290","/media/catalogue/2140237c8db7e8e9.webp","processed original","233683"
"9072432087363","Vetro Lamp Table GA","2","https://cdn.shopify.com/s/files/1/0567/1377/3243/files/Vetro-Walnut-Lamp-Table.jpg?v=1710156290","/media/catalogue/b977b09ccfbf3469.webp","processed original","228473"
"9072432087363","Vetro Lamp Table GA","3","https://cdn.shopify.com/s/files/1/0567/1377/3243/files/Vetro-Oak-Lamp-Table.jpg?v=1710156290","/media/catalogue/f02f82c82047c277.webp","processed original","231442"
"9072435396931","Vetro Console Table GA","1","https://cdn.shopify.com/s/files/1/0567/1377/3243/files/Vetro-Walnut-Console-Table.jpg?v=1710156538","/media/catalogue/aab5842b7a16c154.webp","processed original","275771"
"9072435396931","Vetro Console Table GA","2","https://cdn.shopify.com/s/files/1/0567/1377/3243/files/Vetro-Oak-Console-Table.jpg?v=1710156539","/media/catalogue/15d10f9c686ed88c.webp","processed original","277920"
"9072435396931","Vetro Console Table GA","3","https://cdn.shopify.com/s/files/1/0567/1377/3243/files/Vetro-Grey-Console-Table.jpg?v=1710156538","/media/catalogue/7cbf910e8ee9d7ab.webp","processed original","281291"
"9072438968643","Tapas Square Table GA","1","https://cdn.shopify.com/s/files/1/0567/1377/3243/files/Tapas-Square-Grey-Table.jpg?v=1710156815","/media/catalogue/7b6587cf0df435ef.webp","processed original","0"
"9072438968643","Tapas Square Table GA","2","https://cdn.shopify.com/s/files/1/0567/1377/3243/files/Tapas-Square-Walnut-Table.jpg?v=1710156816","/media/catalogue/6be8ac9912f8ffa2.webp","processed original","0"
"9072438968643","Tapas Square Table GA","3","https://cdn.shopify.com/s/files/1/0567/1377/3243/files/Tapas-Square-Oak-Table.jpg?v=1710156816","/media/catalogue/7fb9d60212437637.webp","processed original","0"
"9072457679171","Tapas Round Table GA","1","https://cdn.shopify.com/s/files/1/0567/1377/3243/files/Tapas-Round-Grey-Table.jpg?v=1710157895","/media/catalogue/82f9a93bea8e86ab.webp","processed original","0"
"9072457679171","Tapas Round Table GA","2","https://cdn.shopify.com/s/files/1/0567/1377/3243/files/Tapas-Round-Oak-Table.jpg?v=1710157895","/media/catalogue/dc1eba8ccebb37a2.webp","processed original","0"
"9072457679171","Tapas Round Table GA","3","https://cdn.shopify.com/s/files/1/0567/1377/3243/files/Tapas-Round-Walnut-Table.jpg?v=1710157894","/media/catalogue/5de1f4147d6d0aec.webp","processed original","0"
"9072464757059","Erik Table 1.6 Metre GA","1","https://cdn.shopify.com/s/files/1/0567/1377/3243/files/Erik-1.6m-Grey-Table.jpg?v=1710158251","/media/catalogue/0b40e79c17436b1c.webp","processed original","0"
"9072464757059","Erik Table 1.6 Metre GA","2","https://cdn.shopify.com/s/files/1/0567/1377/3243/files/Erik-1.6m-Oak-Table.jpg?v=1710158251","/media/catalogue/309f7dffe445b2cd.webp","processed original","0"
"9072464757059","Erik Table 1.6 Metre GA","3","https://cdn.shopify.com/s/files/1/0567/1377/3243/files/Erik-1.6m-Walnut-Table.jpg?v=1710158250","/media/catalogue/3f025db00b43da61.webp","processed original","0"
"9072472883523","Doda Dining Table GA","1","https://cdn.shopify.com/s/files/1/0567/1377/3243/files/DodaDining.jpg?v=1710158831","/media/catalogue/38b07fe06f9ec2f5.webp","processed original","0"
"9072474587459","Doda Coffee Table GA","1","https://cdn.shopify.com/s/files/1/0567/1377/3243/files/DodaCoffee.jpg?v=1710158961","/media/catalogue/c3d5e639f243b417.webp","processed original","383175"
"9072477700419","Doda Tall Bookcase GA","1","https://cdn.shopify.com/s/files/1/0567/1377/3243/files/DodaTallBookcase.jpg?v=1710159145","/media/catalogue/4b8f464a17421313.webp","processed original","341938"
"9073975525699","Hugo 2.1 Metre Table with Pedestal Leg GA","1","https://cdn.shopify.com/s/files/1/0567/1377/3243/files/Hugo2.1MetreTableOakwithPedestalLeg.jpg?v=1710254666","/media/catalogue/f6b71f7673a5cda3.webp","processed original","0"
"9073975525699","Hugo 2.1 Metre Table with Pedestal Leg GA","2","https://cdn.shopify.com/s/files/1/0567/1377/3243/files/Hugo2.1MetreTableWalnutwithPedestalLeg.jpg?v=1710254667","/media/catalogue/9a2613e2fdc3caa0.webp","processed original","0"
"9073975525699","Hugo 2.1 Metre Table with Pedestal Leg GA","3","https://cdn.shopify.com/s/files/1/0567/1377/3243/files/Hugo2.1MetreTableGreywithPedestalLeg.jpg?v=1710254666","/media/catalogue/080edb80130a05af.webp","processed original","0"
"9087356010819","Fredrik 2 Drawer Console Table GA","1","https://cdn.shopify.com/s/files/1/0567/1377/3243/files/Fredrik-Grey-Console-Table-1.jpg?v=1711038773","/media/catalogue/19c4751f3931602b.webp","processed original","164019"
"9087356010819","Fredrik 2 Drawer Console Table GA","2","https://cdn.shopify.com/s/files/1/0567/1377/3243/files/Fredrik-Grey-Console-Table.jpg?v=1711038775","/media/catalogue/2968108515a435ce.webp","processed original","172521"
"9087356010819","Fredrik 2 Drawer Console Table GA","3","https://cdn.shopify.com/s/files/1/0567/1377/3243/files/Fredrik-Walnut-Console-Table.jpg?v=1711038774","/media/catalogue/fbb3fc67aeda3c19.webp","processed original","155732"
"9087359287619","Fredrik Tall Bookcase GA","1","https://cdn.shopify.com/s/files/1/0567/1377/3243/files/Fredrik-Grey-Bookcase-1.jpg?v=1711039216","/media/catalogue/93c956b54d4e7080.webp","processed original","123820"
"9087359287619","Fredrik Tall Bookcase GA","2","https://cdn.shopify.com/s/files/1/0567/1377/3243/files/Fredrik-Grey-Bookcase.jpg?v=1711039218","/media/catalogue/2a0b542392bdb8c2.webp","processed original","145670"
"9087359287619","Fredrik Tall Bookcase GA","3","https://cdn.shopify.com/s/files/1/0567/1377/3243/files/Fredrik-Walnut-Bookcase.jpg?v=1711039217","/media/catalogue/9fedbb827d1f09e8.webp","processed original","120134"
"9087401492803","Angela Dining Chair GA","1","https://cdn.shopify.com/s/files/1/0567/1377/3243/files/angchbl-angela-dining-chair-midnight-blue.webp?v=1711042565","/media/catalogue/95a8968eebbb7a2a.webp","processed original","1457284"
"9087401492803","Angela Dining Chair GA","2","https://cdn.shopify.com/s/files/1/0567/1377/3243/files/angchbl-angela-dining-chair-midnight-blue_1.webp?v=1711042565","/media/catalogue/57d478d93b4bd559.webp","processed original","1450259"
"9087401492803","Angela Dining Chair GA","3","https://cdn.shopify.com/s/files/1/0567/1377/3243/files/angchco-angela-dining-chair-salmon.webp?v=1711042837","/media/catalogue/cb2252f1c0788c40.webp","processed original","1460968"
"9087401492803","Angela Dining Chair GA","4","https://cdn.shopify.com/s/files/1/0567/1377/3243/files/angchgr-angela-dining-chair-grey.webp?v=1711042836","/media/catalogue/5f7d1cf59147feb9.webp","processed original","1486312"
"9087401492803","Angela Dining Chair GA","5","https://cdn.shopify.com/s/files/1/0567/1377/3243/files/angchgre-angela-dining-chair-sage-green.webp?v=1711043004","/media/catalogue/da9654d7a25ec86b.webp","processed original","1475950"
"9087401492803","Angela Dining Chair GA","6","https://cdn.shopify.com/s/files/1/0567/1377/3243/files/angchta-angela-dining-chair-taupe.webp?v=1711043361","/media/catalogue/4573a2c417041c8b.webp","processed original","1465736"
"9087415353667","Anya Dining Chair GA","1","https://cdn.shopify.com/s/files/1/0567/1377/3243/files/anyachbl-ariel-dining-chair-midnight-blue.webp?v=1711043841","/media/catalogue/ce8016471f4553ee.webp","processed original","1466650"
"9087415353667","Anya Dining Chair GA","2","https://cdn.shopify.com/s/files/1/0567/1377/3243/files/anyachco-ariel-dining-chair-salmon.jpg?v=1711043841","/media/catalogue/b7ca8165a5bb2045.webp","processed original","1464605"
"9087415353667","Anya Dining Chair GA","3","https://cdn.shopify.com/s/files/1/0567/1377/3243/files/anyachgr-ariel-dining-chair-grey.webp?v=1711043840","/media/catalogue/e389869fe2f42dbc.webp","processed original","1487571"
"9087415353667","Anya Dining Chair GA","4","https://cdn.shopify.com/s/files/1/0567/1377/3243/files/anyachgre-ariel-dining-chair-sage-green.webp?v=1711043840","/media/catalogue/29be68105da32d3f.webp","processed original","1464842"
"9087415353667","Anya Dining Chair GA","5","https://cdn.shopify.com/s/files/1/0567/1377/3243/files/anyachta-ariel-dining-chair-taupe.webp?v=1711043840","/media/catalogue/1f526bb3fee40869.webp","processed original","1490886"
"9087421317443","Opera Dining Chair GA","1","https://cdn.shopify.com/s/files/1/0567/1377/3243/files/operchar-rally-dining-chair-charcoal.webp?v=1711044215","/media/catalogue/031918574c529976.webp","processed original","1432112"
"9087421317443","Opera Dining Chair GA","2","https://cdn.shopify.com/s/files/1/0567/1377/3243/files/opertan-rally-dining-chair-tan.webp?v=1711044215","/media/catalogue/c5d0a443ef08709b.webp","processed original","1429388"
"9113152520515","Blaine Sectional 2R-C-2R IM","1","https://cdn.shopify.com/s/files/1/0567/1377/3243/files/Blaine-Corner-Recliner-Sofa.jpg?v=1712226142","/media/catalogue/b167b3c55fa62df2.webp","processed original","0"
"9113152520515","Blaine Sectional 2R-C-2R IM","2","https://cdn.shopify.com/s/files/1/0567/1377/3243/files/BlaineSectionalChestnut.webp?v=1712226141","/media/catalogue/12f490953a89548d.webp","processed original","0"
"9113253937475","Snug Milano Bean Chair Boucle IM","1","https://cdn.shopify.com/s/files/1/0567/1377/3243/files/0002438_snug-milano-bean-chair-boucle-navy_625.webp?v=1712231293","/media/catalogue/7a48975f81709f54.webp","processed original","306107"
"9113253937475","Snug Milano Bean Chair Boucle IM","2","https://cdn.shopify.com/s/files/1/0567/1377/3243/files/0002439_snug-milano-bean-chair-boucle-dark-green.webp?v=1712231293","/media/catalogue/28403dcca8300f80.webp","processed original","314558"
"9113253937475","Snug Milano Bean Chair Boucle IM","3","https://cdn.shopify.com/s/files/1/0567/1377/3243/files/0002440_snug-milano-bean-chair-boucle-rust_625.webp?v=1712231293","/media/catalogue/432c867b0fce92f2.webp","processed original","292401"
"9113274745155","Waterville Swivel & Glide Chair IM","1","https://cdn.shopify.com/s/files/1/0567/1377/3243/files/WatervilleSwivel_GlideChairUM2344A-1SW-PGreyPewterHC711-6IF2square.webp?v=1712232240","/media/catalogue/f858df559250bce5.webp","processed original","0"
"9113274745155","Waterville Swivel & Glide Chair IM","2","https://cdn.shopify.com/s/files/1/0567/1377/3243/files/WatervilleSwivel_GlideChairUM2344A-1SW-PGreyPewterHC711-6IF3.webp?v=1712232239","/media/catalogue/5c91454b30a99a7f.webp","processed original","0"
"9113274745155","Waterville Swivel & Glide Chair IM","3","https://cdn.shopify.com/s/files/1/0567/1377/3243/files/WatervilleSwivelChair_UM2344A_-ChestnutJS1453D-347square.webp?v=1712232239","/media/catalogue/0d68bf472b06d14a.webp","processed original","0"
"9131624038723","Aurora Italian Leather Sofa - Tan IM","1","https://cdn.shopify.com/s/files/1/0567/1377/3243/files/Aurora.webp?v=1712836626","/media/catalogue/9461eb2e7d460bcb.webp","processed original","0"
"9131624038723","Aurora Italian Leather Sofa - Tan IM","2","https://cdn.shopify.com/s/files/1/0567/1377/3243/files/Aurora-Sofa-Tan-Italian-4.jpg?v=1712836626","/media/catalogue/bd044a3758ba4482.webp","processed original","0"
"9131624038723","Aurora Italian Leather Sofa - Tan IM","3","https://cdn.shopify.com/s/files/1/0567/1377/3243/files/Aurora-Sofa-Tan-Italian-Leather-1.jpg?v=1712836626","/media/catalogue/ad3542356e189478.webp","processed original","0"
"9131624038723","Aurora Italian Leather Sofa - Tan IM","4","https://cdn.shopify.com/s/files/1/0567/1377/3243/files/Aurora-Sofa-Tan-Italian-Leather-2.jpg?v=1712836626","/media/catalogue/6c4d8efa508615cc.webp","processed original","0"
"9131624038723","Aurora Italian Leather Sofa - Tan IM","5","https://cdn.shopify.com/s/files/1/0567/1377/3243/files/Aurora-Sofa-Tan-Italian-Leather-3.jpg?v=1712836626","/media/catalogue/5b94a5e18ad644bc.webp","processed original","0"
"9131624038723","Aurora Italian Leather Sofa - Tan IM","6","https://cdn.shopify.com/s/files/1/0567/1377/3243/files/Aurora-Sofa-Tan-Italian-Leather-5.jpg?v=1712836626","/media/catalogue/0a469e8da5a0459f.webp","processed original","0"
"9132420792643","Casey Recliner IM","1","https://cdn.shopify.com/s/files/1/0567/1377/3243/files/casey-1-1-scaled_1024x1024_2x_69992328-b217-4dac-807f-aec41dfe0b60.webp?v=1712869959","/media/catalogue/535ee55951381753.webp","processed original","0"
"9132420792643","Casey Recliner IM","2","https://cdn.shopify.com/s/files/1/0567/1377/3243/files/casey-9-scaled_1024x1024_2x_a8625b57-cc67-4bc6-809b-2f866d891129.webp?v=1712870785","/media/catalogue/e0a78483a83b3494.webp","processed original","0"
"9132420792643","Casey Recliner IM","3","https://cdn.shopify.com/s/files/1/0567/1377/3243/files/casey-2-scaled_1024x1024_2x_86f29049-86fa-4b6d-8b27-673888b22a8e.webp?v=1712870785","/media/catalogue/63daa9697153318f.webp","processed original","0"
"9132420792643","Casey Recliner IM","4","https://cdn.shopify.com/s/files/1/0567/1377/3243/files/casey-3-scaled_1024x1024_2x_b9838ee4-6419-445e-9e76-217a250bd6a0.webp?v=1712870785","/media/catalogue/f2cf7334741886eb.webp","processed original","0"
"9132420792643","Casey Recliner IM","5","https://cdn.shopify.com/s/files/1/0567/1377/3243/files/casey-13-scaled_1024x1024_2x_32f19b1a-d5d4-484c-8995-ecbb96048378.webp?v=1712870785","/media/catalogue/b733709ed84cff96.webp","processed original","0"
"9132420792643","Casey Recliner IM","6","https://cdn.shopify.com/s/files/1/0567/1377/3243/files/Casey-2-Seater-Reclining-Sofa-in-Chestnut-Colour-Faux-Suede-at-Teds-Interiors-Newry_1024x1024_2x_cac4ade7-0974-4a03-8dd6-7d2d5c97adf8.webp?v=1712870785","/media/catalogue/9bf64bf931b6f76e.webp","processed original","0"
"9132420792643","Casey Recliner IM","7","https://cdn.shopify.com/s/files/1/0567/1377/3243/files/Casey-sofa-2-seater-chestnut-scaled_1024x1024_2x_0609c714-b062-48b5-a211-2090711cde75.webp?v=1712870785","/media/catalogue/5a8fc9f23cf01db4.webp","processed original","0"
"9132420792643","Casey Recliner IM","8","https://cdn.shopify.com/s/files/1/0567/1377/3243/files/casey-11-scaled_1024x1024_2x_e586d1ba-bf34-46ac-930f-f9d7761ac008.webp?v=1712870785","/media/catalogue/fc1881d36ad1da6c.webp","processed original","0"
"9132420792643","Casey Recliner IM","9","https://cdn.shopify.com/s/files/1/0567/1377/3243/files/casey-12-scaled_1024x1024_2x_068ceed3-56cd-4782-85d0-43c966961d2d.webp?v=1712870785","/media/catalogue/666499d218f262bd.webp","processed original","0"
"9132420792643","Casey Recliner IM","10","https://cdn.shopify.com/s/files/1/0567/1377/3243/files/casey-6-scaled_1024x1024_2x_d7abe6c8-97a3-4002-953c-40a9a3f6da17.webp?v=1712870785","/media/catalogue/f9094b61c9d50685.webp","processed original","0"
"9132420792643","Casey Recliner IM","11","https://cdn.shopify.com/s/files/1/0567/1377/3243/files/casey-7-scaled_1024x1024_2x_b10c45ab-d457-42c8-8dee-a52aac270193.webp?v=1712870785","/media/catalogue/d2f7e75c2e228925.webp","processed original","0"
"9132420792643","Casey Recliner IM","12","https://cdn.shopify.com/s/files/1/0567/1377/3243/files/casey-14-scaled_1024x1024_2x_1dfd52c8-8a9c-41f4-b0ce-3047924bb483.webp?v=1712870785","/media/catalogue/357656b66ba62697.webp","processed original","0"
"9132420792643","Casey Recliner IM","13","https://cdn.shopify.com/s/files/1/0567/1377/3243/files/casey-15-scaled_1024x1024_2x_5eeb82d0-3b85-4b10-b7c3-6aae2aeae9f1.webp?v=1712870785","/media/catalogue/32997ba8b5ceaa86.webp","processed original","0"
"9132420792643","Casey Recliner IM","14","https://cdn.shopify.com/s/files/1/0567/1377/3243/files/casey2seaterconsolechestnut_33556932-0ce4-46b7-a3db-69b6fdf44322.webp?v=1712870785","/media/catalogue/6faa56de1ad2797a.webp","processed original","0"
"9132420792643","Casey Recliner IM","15","https://cdn.shopify.com/s/files/1/0567/1377/3243/files/casey2seaterconsolechestnutside_a4e49599-77c5-4b8a-8a58-cf10686a86c4.webp?v=1712870785","/media/catalogue/6ad17fcd67bcdf06.webp","processed original","0"
"9132420792643","Casey Recliner IM","16","https://cdn.shopify.com/s/files/1/0567/1377/3243/files/casey2seaterconsoleshadow_61eb37a5-02bb-422c-9c9f-460d6fcb118c.webp?v=1712870785","/media/catalogue/307b4879325b912f.webp","processed original","0"
"9132420792643","Casey Recliner IM","17","https://cdn.shopify.com/s/files/1/0567/1377/3243/files/Casey-Corner-Sofa-Brown.jpg?v=1712870785","/media/catalogue/c772164f24301d55.webp","processed original","0"
"9132420792643","Casey Recliner IM","18","https://cdn.shopify.com/s/files/1/0567/1377/3243/files/Casey-Corner-Sofa-Grey.jpg?v=1712870785","/media/catalogue/d0942508a35c53cb.webp","processed original","0"
"9132445827395","Conrad Steel Blue Recliner IM","1","https://cdn.shopify.com/s/files/1/0567/1377/3243/files/Farah1P_821010_-SteelBlue27289manual_a04d974a-99ee-4cca-bd53-77ed486632e4.webp?v=1712871724","/media/catalogue/72b244a0868f61b2.webp","processed original","0"
"9132445827395","Conrad Steel Blue Recliner IM","2","https://cdn.shopify.com/s/files/1/0567/1377/3243/files/Farah1P_821010_-SteelBlue27289manual.webp?v=1712871723","/media/catalogue/fc919361c3d5db31.webp","processed original","0"
"9132445827395","Conrad Steel Blue Recliner IM","3","https://cdn.shopify.com/s/files/1/0567/1377/3243/files/Farah2SS_821010_-SteelBlue27289png.webp?v=1712871723","/media/catalogue/a8fe0000476e661a.webp","processed original","0"
"9132445827395","Conrad Steel Blue Recliner IM","4","https://cdn.shopify.com/s/files/1/0567/1377/3243/files/Farah3SS_2SS_1P-SteelBlue27289edit_5ea301ab-0f0b-40e4-821a-9131ed1a56f5.webp?v=1712871723","/media/catalogue/e422711ee535a2a7.webp","processed original","0"
"9132445827395","Conrad Steel Blue Recliner IM","5","https://cdn.shopify.com/s/files/1/0567/1377/3243/files/Farah3SS_821010_-SteelBlue27289png.webp?v=1712871723","/media/catalogue/f3c668a5e0984050.webp","processed original","0"
"9135415001411","Ebba Recliner Chair IM","1","https://cdn.shopify.com/s/files/1/0567/1377/3243/files/EbbaChairHS-60396C-PBY-1421-15Green1.webp?v=1712952738","/media/catalogue/d6bd17d265a98892.webp","processed original","0"
"9135415001411","Ebba Recliner Chair IM","2","https://cdn.shopify.com/s/files/1/0567/1377/3243/files/EbbaChairHS-60396C-PBY-1421-15Green2.webp?v=1712952739","/media/catalogue/204bf598a6790297.webp","processed original","0"
"9135415001411","Ebba Recliner Chair IM","3","https://cdn.shopify.com/s/files/1/0567/1377/3243/files/EbbaChairHS-60396C-PBY-1421-15Green3.webp?v=1712952738","/media/catalogue/5dd46a139b7bd189.webp","processed original","0"
"9135415001411","Ebba Recliner Chair IM","4","https://cdn.shopify.com/s/files/1/0567/1377/3243/files/EbbaChairHS-60396C-PBY-1421-15Green4.webp?v=1712952738","/media/catalogue/5681549655aa378b.webp","processed original","0"
"9135415001411","Ebba Recliner Chair IM","5","https://cdn.shopify.com/s/files/1/0567/1377/3243/files/EbbaChairHS-60396C-PSP0772A-23DarkGrey5_008dc595-d565-4fe6-b38c-fb69f17c0738.webp?v=1712952739","/media/catalogue/c8fc0200e3b44e7f.webp","processed original","0"
"9135415001411","Ebba Recliner Chair IM","6","https://cdn.shopify.com/s/files/1/0567/1377/3243/files/EbbaChairHS-60396C-PBY-1421-20Indigo1.webp?v=1712952886","/media/catalogue/1518f46e16629d1b.webp","processed original","0"
"9135415001411","Ebba Recliner Chair IM","7","https://cdn.shopify.com/s/files/1/0567/1377/3243/files/EbbaChairHS-60396C-PBY-1421-20Indigo4.webp?v=1712952886","/media/catalogue/90e06aacac50b4ae.webp","processed original","0"
"9135415001411","Ebba Recliner Chair IM","8","https://cdn.shopify.com/s/files/1/0567/1377/3243/files/EbbaChairHS-60396C-PBY-1421-20Indigo3.webp?v=1712952886","/media/catalogue/3e35875feb217885.webp","processed original","0"
"9135415001411","Ebba Recliner Chair IM","9","https://cdn.shopify.com/s/files/1/0567/1377/3243/files/EbbaChairHS-60396C-PBY-1421-20Indigo2.webp?v=1712952886","/media/catalogue/ad38546f766fe8b0.webp","processed original","0"
"9135415001411","Ebba Recliner Chair IM","10","https://cdn.shopify.com/s/files/1/0567/1377/3243/files/EbbaChairHS-60396C-PSP0772A-75LightGrey1.webp?v=1712952938","/media/catalogue/00a8a83923a5887d.webp","processed original","0"
"9135415001411","Ebba Recliner Chair IM","11","https://cdn.shopify.com/s/files/1/0567/1377/3243/files/EbbaChairHS-60396C-PSP0772A-75LightGrey2.webp?v=1712952938","/media/catalogue/a92a0defca62b27b.webp","processed original","0"
"9135415001411","Ebba Recliner Chair IM","12","https://cdn.shopify.com/s/files/1/0567/1377/3243/files/EbbaChairHS-60396C-PSP0772A-75LightGrey3.webp?v=1712952938","/media/catalogue/0ef0898bc92e2e72.webp","processed original","0"
"9135415001411","Ebba Recliner Chair IM","13","https://cdn.shopify.com/s/files/1/0567/1377/3243/files/EbbaChairHS-60396C-PSP0772A-75LightGrey4.webp?v=1712952938","/media/catalogue/21ddb4430c7b6d97.webp","processed original","0"
"9135415001411","Ebba Recliner Chair IM","14","https://cdn.shopify.com/s/files/1/0567/1377/3243/files/EbbaChairHS-60396C-PSP0772A-23DarkGrey1.webp?v=1712953005","/media/catalogue/c0849b80f87083ea.webp","processed original","0"
"9135415001411","Ebba Recliner Chair IM","15","https://cdn.shopify.com/s/files/1/0567/1377/3243/files/EbbaChairHS-60396C-PSP0772A-23DarkGrey2.webp?v=1712953004","/media/catalogue/b013fe05df4e6d95.webp","processed original","0"
"9135415001411","Ebba Recliner Chair IM","16","https://cdn.shopify.com/s/files/1/0567/1377/3243/files/EbbaChairHS-60396C-PSP0772A-23DarkGrey4.webp?v=1712953004","/media/catalogue/264ab3c1bd287847.webp","processed original","0"
"9135415001411","Ebba Recliner Chair IM","17","https://cdn.shopify.com/s/files/1/0567/1377/3243/files/EbbaChairHS-60396C-PSP0772A-23DarkGrey3.webp?v=1712953004","/media/catalogue/cc1a6ec1ab9e4858.webp","processed original","0"
"9135441609027","Giada Recliner Chair IM","1","https://cdn.shopify.com/s/files/1/0567/1377/3243/files/GiadaElectricReclinerChair_CH8027_-LightB-3586-65CowLeather.webp?v=1712954244","/media/catalogue/e1ea6f0b5bcbf539.webp","processed original","0"
"9135441609027","Giada Recliner Chair IM","2","https://cdn.shopify.com/s/files/1/0567/1377/3243/files/GiadaElectricReclinerChair_CH8027_-SapphireBlueB7028-65CowLeather.webp?v=1712954249","/media/catalogue/020fc4f99cd3d5b9.webp","processed original","0"
"9135441609027","Giada Recliner Chair IM","3","https://cdn.shopify.com/s/files/1/0567/1377/3243/files/GiadaElectricReclinerChair_CH8027_-LightB-3586-65CowLeathersquare.webp?v=1712954249","/media/catalogue/bed57c56b9b93ccc.webp","processed original","0"
"9135441609027","Giada Recliner Chair IM","4","https://cdn.shopify.com/s/files/1/0567/1377/3243/files/GiadaElectricReclinerChair_CH8027_-SapphireBlueB7028-65CowLeathersquare.webp?v=1712954249","/media/catalogue/3733d5ee68d7dfad.webp","processed original","0"
"9135448686915","Glenwood Electric Motion Sofa IM","1","https://cdn.shopify.com/s/files/1/0567/1377/3243/files/Glenwood3PP_2PPC_1PMNY-Chocolate27526_e8aa3b87-d16a-4518-abcf-d185ae2cc021.webp?v=1712954844","/media/catalogue/d2bcca6341d2ed6f.webp","processed original","0"
"9135448686915","Glenwood Electric Motion Sofa IM","2","https://cdn.shopify.com/s/files/1/0567/1377/3243/files/Glenwood1P_M0338_MNY-Chocolate27526.jpg?v=1712954844","/media/catalogue/70b17b967ecd8dde.webp","processed original","0"
"9135448686915","Glenwood Electric Motion Sofa IM","3","https://cdn.shopify.com/s/files/1/0567/1377/3243/files/Glenwood2PP_M0338_MNY-Chocolate27526.webp?v=1712954844","/media/catalogue/6b307d7f3cc842ef.webp","processed original","0"
"9135448686915","Glenwood Electric Motion Sofa IM","4","https://cdn.shopify.com/s/files/1/0567/1377/3243/files/Glenwood2PPC_M0338_MNY-Chocolate27526.webp?v=1712954844","/media/catalogue/5bd483e8669adeaa.webp","processed original","0"
"9135448686915","Glenwood Electric Motion Sofa IM","5","https://cdn.shopify.com/s/files/1/0567/1377/3243/files/Glenwood2PPCdetail_1.jpg?v=1712954844","/media/catalogue/47a6f41ad7a30f11.webp","processed original","0"
"9135448686915","Glenwood Electric Motion Sofa IM","6","https://cdn.shopify.com/s/files/1/0567/1377/3243/files/Glenwood2PPCdetail_2.jpg?v=1712954844","/media/catalogue/3c787c499f602ff1.webp","processed original","0"
"9135448686915","Glenwood Electric Motion Sofa IM","7","https://cdn.shopify.com/s/files/1/0567/1377/3243/files/Glenwood3PP_M0338_MNY-Chocolate27526.webp?v=1712954829","/media/catalogue/e5c9df4ef9bbcc5d.webp","processed original","0"
"9135460974915","Herbert Electric Motion Chair IM","1","https://cdn.shopify.com/s/files/1/0567/1377/3243/files/Herbert3PP_2PPC_1PDarkGreyFabricSP0772A-23_7f3f3368-a860-41a5-9e36-1f6730ba1ca9.webp?v=1712955599","/media/catalogue/9b20b32d4f57da0f.webp","processed original","0"
"9135460974915","Herbert Electric Motion Chair IM","2","https://cdn.shopify.com/s/files/1/0567/1377/3243/files/herbertsuite_e1225240-4e91-4fbd-a579-faa61eedd58b.webp?v=1712955599","/media/catalogue/a46b7f17616af892.webp","processed original","0"
"9135460974915","Herbert Electric Motion Chair IM","3","https://cdn.shopify.com/s/files/1/0567/1377/3243/files/Herbert1P_36350-1_DarkGreyFabricSP0772A-23.webp?v=1712955599","/media/catalogue/6b0d70341508bfad.webp","processed original","0"
"9135460974915","Herbert Electric Motion Chair IM","4","https://cdn.shopify.com/s/files/1/0567/1377/3243/files/herbertfrontviewarmchair.webp?v=1712955599","/media/catalogue/a476d79ca6966822.webp","processed original","0"
"9135460974915","Herbert Electric Motion Chair IM","5","https://cdn.shopify.com/s/files/1/0567/1377/3243/files/herbertsideviewarmchair.webp?v=1712955599","/media/catalogue/ddd2b7a5e6f7e72e.webp","processed original","0"
"9135460974915","Herbert Electric Motion Chair IM","6","https://cdn.shopify.com/s/files/1/0567/1377/3243/files/Herbert2PP_36350-2_DarkGreyFabricSP0772A-23.webp?v=1712955599","/media/catalogue/35882f2e189d48a2.webp","processed original","0"
"9135460974915","Herbert Electric Motion Chair IM","7","https://cdn.shopify.com/s/files/1/0567/1377/3243/files/herbert2seater.webp?v=1712955599","/media/catalogue/3064de3a31a6478c.webp","processed original","0"
"9135460974915","Herbert Electric Motion Chair IM","8","https://cdn.shopify.com/s/files/1/0567/1377/3243/files/Herbert2PPC_36350-2C_DarkGreyFabricSP0772A-23.webp?v=1712955599","/media/catalogue/f32d9962b73c8269.webp","processed original","0"
"9135460974915","Herbert Electric Motion Chair IM","9","https://cdn.shopify.com/s/files/1/0567/1377/3243/files/herbert2seaterwithconsole.webp?v=1712955599","/media/catalogue/e616c360e6acd5b3.webp","processed original","0"
"9135460974915","Herbert Electric Motion Chair IM","10","https://cdn.shopify.com/s/files/1/0567/1377/3243/files/Herbertsectional36350SPO772A-75lightgrey4.webp?v=1712955599","/media/catalogue/1b5d7046ad27e93a.webp","processed original","0"
"9135460974915","Herbert Electric Motion Chair IM","11","https://cdn.shopify.com/s/files/1/0567/1377/3243/files/Herbert3PP_36350-3_DarkGreyFabricSP0772A-23.webp?v=1712955599","/media/catalogue/ff66d2967d0a72d1.webp","processed original","0"
"9135460974915","Herbert Electric Motion Chair IM","12","https://cdn.shopify.com/s/files/1/0567/1377/3243/files/herbert3seater.webp?v=1712955599","/media/catalogue/6b3187538e3fba4a.webp","processed original","0"
"9135460974915","Herbert Electric Motion Chair IM","13","https://cdn.shopify.com/s/files/1/0567/1377/3243/files/HerbertSectionalDarkGreyFabricSP0772A-23_1.webp?v=1712955599","/media/catalogue/444355cb72624164.webp","processed original","0"
"9135460974915","Herbert Electric Motion Chair IM","14","https://cdn.shopify.com/s/files/1/0567/1377/3243/files/HerbertSectionalDarkGreyFabricSP0772A-23_4.webp?v=1712955599","/media/catalogue/d494f8eb670799b0.webp","processed original","0"
"9135514648899","Leroy Electric Recliner IM","1","https://cdn.shopify.com/s/files/1/0567/1377/3243/files/Leroy-Sofa-Suite.webp?v=1712958670","/media/catalogue/823c5b7b091a5d05.webp","processed original","0"
"9135514648899","Leroy Electric Recliner IM","2","https://cdn.shopify.com/s/files/1/0567/1377/3243/files/Leroy3PPT_2PP_1P-ChestnutJS1453D-347png_28f36331-07cf-4b00-878f-96f4d7f0767d.webp?v=1712958670","/media/catalogue/6bc585644a3bce44.webp","processed original","0"
"9135514648899","Leroy Electric Recliner IM","3","https://cdn.shopify.com/s/files/1/0567/1377/3243/files/30886730.webp?v=1712958670","/media/catalogue/912f6ce047013b13.webp","processed original","0"
"9135514648899","Leroy Electric Recliner IM","4","https://cdn.shopify.com/s/files/1/0567/1377/3243/files/Leroy1P_208953_-ChestnutJS1453D-347png_1024x1024_25f8587b-1ea1-4f5e-9443-094a1f9fee84.webp?v=1712958670","/media/catalogue/931766bdc4793fa7.webp","processed original","0"
"9135514648899","Leroy Electric Recliner IM","5","https://cdn.shopify.com/s/files/1/0567/1377/3243/files/30886729.webp?v=1712958670","/media/catalogue/ecc98fd28a8cfdf9.webp","processed original","0"
"9135514648899","Leroy Electric Recliner IM","6","https://cdn.shopify.com/s/files/1/0567/1377/3243/files/Leroy2PP_208953_-ChestnutJS1453D-347png.webp?v=1712958670","/media/catalogue/fca3f77287f947de.webp","processed original","0"
"9135514648899","Leroy Electric Recliner IM","7","https://cdn.shopify.com/s/files/1/0567/1377/3243/files/30886728.webp?v=1712958670","/media/catalogue/33fff1ea8313d83c.webp","processed original","0"
"9135514648899","Leroy Electric Recliner IM","8","https://cdn.shopify.com/s/files/1/0567/1377/3243/files/Leroy3PPT_208953_-ChestnutJS1453D-347png.webp?v=1712958589","/media/catalogue/2ad639e85d95ba0e.webp","processed original","0"
"9135514648899","Leroy Electric Recliner IM","9","https://cdn.shopify.com/s/files/1/0567/1377/3243/files/LeroySectional-208953HC711-4_1_png.webp?v=1712958587","/media/catalogue/f27971693bac72f9.webp","processed original","0"
"9135514648899","Leroy Electric Recliner IM","10","https://cdn.shopify.com/s/files/1/0567/1377/3243/files/LeroySectional-208953HC711-4png.webp?v=1712958588","/media/catalogue/73f43e0fd330c92d.webp","processed original","0"
"9135514648899","Leroy Electric Recliner IM","11","https://cdn.shopify.com/s/files/1/0567/1377/3243/files/leroychestnutorner-01.jpg?v=1712959347","/media/catalogue/53755d103306b7fd.webp","processed original","0"
"9135514648899","Leroy Electric Recliner IM","12","https://cdn.shopify.com/s/files/1/0567/1377/3243/files/LeroySectional-Armlesschairwithdropdowntablepng_b6cac57d-0098-4f7b-b524-03faa9e417d3.webp?v=1712959347","/media/catalogue/3f185525930572bd.webp","processed original","0"
"9135514648899","Leroy Electric Recliner IM","13","https://cdn.shopify.com/s/files/1/0567/1377/3243/files/Leroyswitchpng_8733cc00-840a-46fb-8cb3-2bf0645a352d.webp?v=1712959347","/media/catalogue/dea52324d31cf470.webp","processed original","0"
"9135514648899","Leroy Electric Recliner IM","14","https://cdn.shopify.com/s/files/1/0567/1377/3243/files/leroy_chestnut_orner-01.jpg?v=1712959305","/media/catalogue/14f472a6c4b2882a.webp","processed original","0"
"9135555969347","Perth Recliner IM","1","https://cdn.shopify.com/s/files/1/0567/1377/3243/files/Perth3_2_131600CharcoalS36227A-9_1.webp?v=1712959799","/media/catalogue/6ddee02dc4daa45d.webp","processed original","0"
"9135555969347","Perth Recliner IM","2","https://cdn.shopify.com/s/files/1/0567/1377/3243/files/Perth1seater31600-1CharcoalS36227A-9_2.webp?v=1712959799","/media/catalogue/94c025927cfc4190.webp","processed original","0"
"9135555969347","Perth Recliner IM","3","https://cdn.shopify.com/s/files/1/0567/1377/3243/files/Perth1seater31600-1CharcoalS36227A-9_3.webp?v=1712959799","/media/catalogue/5577032d764d8966.webp","processed original","0"
"9135555969347","Perth Recliner IM","4","https://cdn.shopify.com/s/files/1/0567/1377/3243/files/Perth1seater31600-1CharcoalS36227A-9_4.webp?v=1712959799","/media/catalogue/11be2689edf2e697.webp","processed original","0"
"9135555969347","Perth Recliner IM","5","https://cdn.shopify.com/s/files/1/0567/1377/3243/files/Perth2seater31600-2CharcoalS36227A-9_1.webp?v=1712959799","/media/catalogue/de8690787ef961c1.webp","processed original","0"
"9135555969347","Perth Recliner IM","6","https://cdn.shopify.com/s/files/1/0567/1377/3243/files/Perth2seater31600-2CharcoalS36227A-9_2.webp?v=1712959799","/media/catalogue/61a1ad7d8911fa3a.webp","processed original","0"
"9135555969347","Perth Recliner IM","7","https://cdn.shopify.com/s/files/1/0567/1377/3243/files/Perth3seater31600-3CharcoalS36227A-9_1.webp?v=1712959709","/media/catalogue/d515b61846003309.webp","processed original","0"
"9135555969347","Perth Recliner IM","8","https://cdn.shopify.com/s/files/1/0567/1377/3243/files/Perth3seater31600-3CharcoalS36227A-9_2.webp?v=1712959709","/media/catalogue/3d2c04305a1826d1.webp","processed original","0"
"9135555969347","Perth Recliner IM","9","https://cdn.shopify.com/s/files/1/0567/1377/3243/files/PerthSEC31600-SECCharcoalS36227A-9_1.webp?v=1712959710","/media/catalogue/c2b01d5640dd9a47.webp","processed original","0"
"9137613406531","Tandi Triple Sleeper Bunk Bed","1","https://cdn.shopify.com/s/files/1/0567/1377/3243/files/TANDI-TRIPLE-SLEEPER-BUNK-BED-BLACK-2022-200-205-014-07-870x580.jpg?v=1713017693","/media/catalogue/a655d29d73298f76.webp","processed original","0"
"9137613406531","Tandi Triple Sleeper Bunk Bed","2","https://cdn.shopify.com/s/files/1/0567/1377/3243/files/TANDI-TRIPLE-SLEEPER-BUNK-BED-SILVER-2022-200-205-015-07-870x580.jpg?v=1713017693","/media/catalogue/38f82d8e74af9510.webp","processed original","0"
"9137613406531","Tandi Triple Sleeper Bunk Bed","3","https://cdn.shopify.com/s/files/1/0567/1377/3243/files/TANDI-TRIPLE-SLEEPER-BUNK-BED-BLACK-2022-200-205-014-01-775x580.jpg?v=1713017693","/media/catalogue/8ff8156287f0bc70.webp","processed original","124123"
"9137613406531","Tandi Triple Sleeper Bunk Bed","4","https://cdn.shopify.com/s/files/1/0567/1377/3243/files/TANDI-TRIPLE-SLEEPER-BUNK-BED-BLACK-2022-200-205-014-03-788x580.jpg?v=1713017693","/media/catalogue/1ddfe8020a39b06f.webp","processed original","112097"
"9137613406531","Tandi Triple Sleeper Bunk Bed","5","https://cdn.shopify.com/s/files/1/0567/1377/3243/files/TANDI-TRIPLE-SLEEPER-BUNK-BED-BLACK-2022-200-205-014-04-544x580.jpg?v=1713017693","/media/catalogue/bc36c0c86dc0cddf.webp","processed original","108584"
"9137613406531","Tandi Triple Sleeper Bunk Bed","6","https://cdn.shopify.com/s/files/1/0567/1377/3243/files/TANDI-TRIPLE-SLEEPER-BUNK-BED-BLACK-2022-200-205-014-05-645x580.jpg?v=1713017693","/media/catalogue/42aeadbf270904d7.webp","processed original","146902"
"9137613406531","Tandi Triple Sleeper Bunk Bed","7","https://cdn.shopify.com/s/files/1/0567/1377/3243/files/TANDI-TRIPLE-SLEEPER-BUNK-BED-BLACK-2022-200-205-014-06-580x580.jpg?v=1713017693","/media/catalogue/ac7462c36402f09c.webp","processed original","200152"
"9137613406531","Tandi Triple Sleeper Bunk Bed","8","https://cdn.shopify.com/s/files/1/0567/1377/3243/files/TANDI-TRIPLE-SLEEPER-BUNK-BED-SILVER-2022-200-205-015-01-775x580.jpg?v=1713017693","/media/catalogue/1ba4d6de7d547d81.webp","processed original","124186"
"9137613406531","Tandi Triple Sleeper Bunk Bed","9","https://cdn.shopify.com/s/files/1/0567/1377/3243/files/TANDI-TRIPLE-SLEEPER-BUNK-BED-SILVER-2022-200-205-015-03-790x580.jpg?v=1713017693","/media/catalogue/a9a21880c3fb6c0f.webp","processed original","114103"
"9137613406531","Tandi Triple Sleeper Bunk Bed","10","https://cdn.shopify.com/s/files/1/0567/1377/3243/files/TANDI-TRIPLE-SLEEPER-BUNK-BED-SILVER-2022-200-205-015-04-543x580.jpg?v=1713017693","/media/catalogue/6e69ecb4dd52d70d.webp","processed original","108888"
"9137613406531","Tandi Triple Sleeper Bunk Bed","11","https://cdn.shopify.com/s/files/1/0567/1377/3243/files/TANDI-TRIPLE-SLEEPER-BUNK-BED-SILVER-2022-200-205-015-05-607x580.jpg?v=1713017693","/media/catalogue/219924bb650f22cd.webp","processed original","117332"
"9137613406531","Tandi Triple Sleeper Bunk Bed","12","https://cdn.shopify.com/s/files/1/0567/1377/3243/files/TANDI-TRIPLE-SLEEPER-BUNK-BED-SILVER-2022-200-205-015-06-580x580.jpg?v=1713017693","/media/catalogue/b69b8b7340510394.webp","processed original","196894"
"9175059661123","Whitney Double Warerobe - White GA","1","https://cdn.shopify.com/s/files/1/0567/1377/3243/files/whitrdouble-whitney-double-wardrobe-white.jpg?v=1714755979","/media/catalogue/51f2c66bb7339469.webp","processed original","1066492"
"9175124148547","James Dining Chair GA","1","https://cdn.shopify.com/s/files/1/0567/1377/3243/files/james-dining-chair-cognac-leather-199_1100x1422_3f55c269-bfc5-4bd6-80fe-6c497c7a8c17.webp?v=1714758306","/media/catalogue/1036d150729228f4.webp","processed original","1155484"
"9175124148547","James Dining Chair GA","2","https://cdn.shopify.com/s/files/1/0567/1377/3243/files/james-dining-chair-grey-leather_1100x1422_8ea221f9-4ca7-470e-ad5a-632e8bbceadc.webp?v=1714758306","/media/catalogue/9f593bfdc71bc28b.webp","processed original","1279060"
"9175155736899","Capri Dining Chair GA","1","https://cdn.shopify.com/s/files/1/0567/1377/3243/files/capri_dining_chair_midnight_blue.webp?v=1714759977","/media/catalogue/ab668da2bfec5ff1.webp","processed original","1340936"
"9175155736899","Capri Dining Chair GA","2","https://cdn.shopify.com/s/files/1/0567/1377/3243/files/capri_dining_chair_sage_green.webp?v=1714759977","/media/catalogue/9e3b345f10d065d2.webp","processed original","1370372"
"9175155736899","Capri Dining Chair GA","3","https://cdn.shopify.com/s/files/1/0567/1377/3243/files/capri_dining_chair_grey.webp?v=1714759977","/media/catalogue/ff039a245ccbd243.webp","processed original","1386862"
"9175155736899","Capri Dining Chair GA","4","https://cdn.shopify.com/s/files/1/0567/1377/3243/files/grey_front.webp?v=1734374766","/media/catalogue/9fae11230711936e.webp","processed original","258986"
"9175155736899","Capri Dining Chair GA","5","https://cdn.shopify.com/s/files/1/0567/1377/3243/files/back.webp?v=1734374766","/media/catalogue/ed914a7f28eb3ac7.webp","processed original","300243"
"9175155736899","Capri Dining Chair GA","6","https://cdn.shopify.com/s/files/1/0567/1377/3243/files/capri_dining_chair_salmon.webp?v=1714759977","/media/catalogue/503fee990e9c639e.webp","processed original","1307206"
"9175155736899","Capri Dining Chair GA","7","https://cdn.shopify.com/s/files/1/0567/1377/3243/files/capri_dining_chair_taupe.webp?v=1714759977","/media/catalogue/78d3d7b66864e6b2.webp","processed original","1346287"
"9175155736899","Capri Dining Chair GA","8","https://cdn.shopify.com/s/files/1/0567/1377/3243/files/dining_group_1.webp?v=1714759977","/media/catalogue/90e134370456b09c.webp","processed original","1248735"
"9175211508035","Gabriel Dining Chair GA","1","https://cdn.shopify.com/s/files/1/0567/1377/3243/files/gabriel_dining_chair_salmon_1__2.webp?v=1714759992","/media/catalogue/d844f257a759bd98.webp","processed original","1295298"
"9175211508035","Gabriel Dining Chair GA","2","https://cdn.shopify.com/s/files/1/0567/1377/3243/files/gabriel_dining_chair_grey_1.webp?v=1714759992","/media/catalogue/fe64fd9c5cff5ca8.webp","processed original","1312881"
"9175211508035","Gabriel Dining Chair GA","3","https://cdn.shopify.com/s/files/1/0567/1377/3243/files/gabriel_dining_chair_midnight_blue_1__2.webp?v=1714759992","/media/catalogue/8ff2d54169233d61.webp","processed original","1328708"
"9175211508035","Gabriel Dining Chair GA","4","https://cdn.shopify.com/s/files/1/0567/1377/3243/files/gabriel_dining_chair_sage_green_1.webp?v=1714759992","/media/catalogue/e98a0a829560e7c0.webp","processed original","1331111"
"9175211508035","Gabriel Dining Chair GA","5","https://cdn.shopify.com/s/files/1/0567/1377/3243/files/gabriel_dining_chair_taupe_1__1.webp?v=1714759992","/media/catalogue/c160449c7685e3ac.webp","processed original","1296289"
"9175211508035","Gabriel Dining Chair GA","6","https://cdn.shopify.com/s/files/1/0567/1377/3243/files/gabriell_set_4.webp?v=1714759992","/media/catalogue/858662b00c6a2876.webp","processed original","1165528"
"9176074715459","Ricardo Motion Sofa IM","1","https://cdn.shopify.com/s/files/1/0567/1377/3243/files/Ricardo3PP_2PP_1PLightGreyB-3586-65CowLeather.webp?v=1714819184","/media/catalogue/031de54b3369d4d8.webp","processed original","0"
"9176074715459","Ricardo Motion Sofa IM","2","https://cdn.shopify.com/s/files/1/0567/1377/3243/files/Ricardo3PP_2PP_1PSapphireBlueB7028-65CowLeather_4c9e5e77-6e1e-4145-ac81-c4e0f58a4b85.webp?v=1714819184","/media/catalogue/49412ac81d81d5d1.webp","processed original","0"
"9176074715459","Ricardo Motion Sofa IM","3","https://cdn.shopify.com/s/files/1/0567/1377/3243/files/Ricardo1P_3785-1_LightGreyB-3586-65CowLeathersquare.webp?v=1714819184","/media/catalogue/26c9e18145128040.webp","processed original","0"
"9176074715459","Ricardo Motion Sofa IM","4","https://cdn.shopify.com/s/files/1/0567/1377/3243/files/Ricardo1P_3785-1_SapphireBlueB7028-65CowLeathersquare.webp?v=1714819184","/media/catalogue/d08a08efa792be1f.webp","processed original","0"
"9176074715459","Ricardo Motion Sofa IM","5","https://cdn.shopify.com/s/files/1/0567/1377/3243/files/Ricardo2PP_3785-2_LightGreyB-3586-65CowLeathersquare.webp?v=1714819184","/media/catalogue/1f71ea99eac6aec2.webp","processed original","0"
"9176074715459","Ricardo Motion Sofa IM","6","https://cdn.shopify.com/s/files/1/0567/1377/3243/files/Ricardo2PP_3785-2_SapphireBlueB7028-65CowLeathersquare.webp?v=1714819184","/media/catalogue/3432138f8289e75c.webp","processed original","0"
"9176074715459","Ricardo Motion Sofa IM","7","https://cdn.shopify.com/s/files/1/0567/1377/3243/files/Ricardo3PP_3785-3_LightGreyB-3586-65CowLeathersquare.webp?v=1714819144","/media/catalogue/14e907ef8ae22d8e.webp","processed original","0"
"9176074715459","Ricardo Motion Sofa IM","8","https://cdn.shopify.com/s/files/1/0567/1377/3243/files/Ricardo3PP_3785-3_SapphireBlueB7028-65CowLeathersquare.webp?v=1714819144","/media/catalogue/2e98a53e53581bf1.webp","processed original","0"
"9176101323075","Anderson Sofa Bed IM","1","https://cdn.shopify.com/s/files/1/0567/1377/3243/files/Anderson3SS_2SS_1SS22199A-21Greypng.webp?v=1714822487","/media/catalogue/37d7d18cdc61f939.webp","processed original","0"
"9176101323075","Anderson Sofa Bed IM","2","https://cdn.shopify.com/s/files/1/0567/1377/3243/files/Anderson1S_3208_S22199A-21Greypng.webp?v=1714822485","/media/catalogue/2259061ea28df082.webp","processed original","0"
"9176101323075","Anderson Sofa Bed IM","3","https://cdn.shopify.com/s/files/1/0567/1377/3243/files/Anderson2SS_3208_S22199A-21Greypng.webp?v=1714822485","/media/catalogue/1bfd79e8267db65b.webp","processed original","0"
"9176101323075","Anderson Sofa Bed IM","4","https://cdn.shopify.com/s/files/1/0567/1377/3243/files/Anderson3SS_3208_S22199A-21Greypng.webp?v=1714822468","/media/catalogue/398155578081c32f.webp","processed original","0"
"9176101323075","Anderson Sofa Bed IM","5","https://cdn.shopify.com/s/files/1/0567/1377/3243/files/AndersonSofabed_3208_S22199A-21Grey_1_png.webp?v=1714822468","/media/catalogue/05c9c77460ce8601.webp","processed original","0"
"9176101323075","Anderson Sofa Bed IM","6","https://cdn.shopify.com/s/files/1/0567/1377/3243/files/Anderson-grey-Sofabed-2.webp?v=1714823209","/media/catalogue/421d58a7a53f01c7.webp","processed original","130157"
"9176125342019","Charlotte Armchair IM","1","https://cdn.shopify.com/s/files/1/0567/1377/3243/files/MeabhArmchairwithonepillow-3012BSIC-Vogue11WinterMoss1.webp?v=1714827193","/media/catalogue/088f9360867a3769.webp","processed original","0"
"9176125342019","Charlotte Armchair IM","2","https://cdn.shopify.com/s/files/1/0567/1377/3243/files/MeabhArmchairwithonepillow-3012BSIC-Vogue16Graphite1_33d41a0b-2d13-49c2-b9f1-6114b0bbb07e.webp?v=1714827193","/media/catalogue/11312e076aab102d.webp","processed original","0"
"9176125342019","Charlotte Armchair IM","3","https://cdn.shopify.com/s/files/1/0567/1377/3243/files/Meabh3_2_1-5096SIC-Vogue11WinterMoss_de72ae2d-d247-4247-b79a-009f944e30c8.webp?v=1714827193","/media/catalogue/41209e5b8fa37507.webp","processed original","0"
"9176125342019","Charlotte Armchair IM","4","https://cdn.shopify.com/s/files/1/0567/1377/3243/files/charlotte-graphite-3-2-1_eyk_16eb976d-4882-4593-a908-df1045be27ca.webp?v=1714827193","/media/catalogue/cee665d870cfee3d.webp","processed original","0"
"9176125342019","Charlotte Armchair IM","5","https://cdn.shopify.com/s/files/1/0567/1377/3243/files/MeabhArmchairwithonepillow-3012BSIC-Vogue11WinterMoss2.webp?v=1714827193","/media/catalogue/ce4f96de92371042.webp","processed original","0"
"9176125342019","Charlotte Armchair IM","6","https://cdn.shopify.com/s/files/1/0567/1377/3243/files/MeabhArmchairwithonepillow-3012BSIC-Vogue16Graphite2.webp?v=1714827193","/media/catalogue/5685c7070e3e1439.webp","processed original","0"
"9176125342019","Charlotte Armchair IM","7","https://cdn.shopify.com/s/files/1/0567/1377/3243/files/MeabhArmchairwithonepillow-3012BSIC-Vogue11WinterMoss3.webp?v=1714826599","/media/catalogue/81c4e3a9c0962f2c.webp","processed original","0"
"9176125342019","Charlotte Armchair IM","8","https://cdn.shopify.com/s/files/1/0567/1377/3243/files/MeabhArmchairwithonepillow-3012BSIC-Vogue16Graphite3.webp?v=1714826576","/media/catalogue/4da7b48f90ad7111.webp","processed original","0"
"9176145068355","Sophie Static Sofa IM","1","https://cdn.shopify.com/s/files/1/0567/1377/3243/files/Sophie.webp?v=1714832294","/media/catalogue/61b9be3a5a80f01a.webp","processed original","0"
"9176145068355","Sophie Static Sofa IM","2","https://cdn.shopify.com/s/files/1/0567/1377/3243/files/whatsapp_image_2023-09-05_at_12.09.30.jpg?v=1714832294","/media/catalogue/10e8d7491f8cd0d2.webp","processed original","0"
"9176145068355","Sophie Static Sofa IM","3","https://cdn.shopify.com/s/files/1/0567/1377/3243/files/Sophie_1_copy.jpg?v=1714832294","/media/catalogue/8b9f12d809bf10de.webp","processed original","0"
"9176145068355","Sophie Static Sofa IM","4","https://cdn.shopify.com/s/files/1/0567/1377/3243/files/121521130_3484386624933128_7521257795258530100_n.jpg?v=1714832286","/media/catalogue/f3dcdb8ee556688f.webp","processed original","0"
"9176145068355","Sophie Static Sofa IM","5","https://cdn.shopify.com/s/files/1/0567/1377/3243/files/204908281_4186835961354854_2503095225331377471_n.png?v=1714832286","/media/catalogue/85cdda47767530f2.webp","processed original","0"
"9176145068355","Sophie Static Sofa IM","6","https://cdn.shopify.com/s/files/1/0567/1377/3243/files/Sophie-Silver-detail-1_7a523999-72e8-483c-915a-2cfebd83d658.jpg?v=1714832286","/media/catalogue/a20dc24d1e7b55c1.webp","processed original","152034"
"9176145068355","Sophie Static Sofa IM","7","https://cdn.shopify.com/s/files/1/0567/1377/3243/files/Sophie-Silver-detail-2_c2380377-6a0d-4c7d-a680-18d1886ca7da.webp?v=1714832286","/media/catalogue/18d779acb3499d9c.webp","processed original","165255"
"9176145068355","Sophie Static Sofa IM","8","https://cdn.shopify.com/s/files/1/0567/1377/3243/files/Sophie-Silver2_d3928b6d-1000-411b-954c-17d35c8a2601.webp?v=1714832286","/media/catalogue/56f79636c67c22b5.webp","processed original","346923"
"9180391801155","T209027 Lamp","1","https://cdn.shopify.com/s/files/1/0567/1377/3243/files/21817-eba3ca0c-8e86-4c0a-9c7a-fec58e4f581a.jpg?v=1714989954","/media/catalogue/9ecf0a2fa75e9663.webp","processed original","1497895"
"9180391801155","T209027 Lamp","2","https://cdn.shopify.com/s/files/1/0567/1377/3243/files/21817-a2916f4e-74a8-45a3-8751-8d63c93b7717.jpg?v=1714989954","/media/catalogue/05c310d0294af7b2.webp","processed original","1075985"
"9180391801155","T209027 Lamp","3","https://cdn.shopify.com/s/files/1/0567/1377/3243/files/21817-af774396-3ceb-438a-b864-6103f0914566.jpg?v=1714989954","/media/catalogue/0814762eb093a3fa.webp","processed original","1483491"
"9180391801155","T209027 Lamp","4","https://cdn.shopify.com/s/files/1/0567/1377/3243/files/21817-0316e245-7baa-4d9b-ae6b-720b19b5bbce.jpg?v=1714989954","/media/catalogue/30859664f3b73c66.webp","processed original","0"
"9180391801155","T209027 Lamp","5","https://cdn.shopify.com/s/files/1/0567/1377/3243/files/21817-a74bfd00-5faf-4b47-ae65-8e1dd1040bd5.jpg?v=1714989954","/media/catalogue/e4380a421efbbd5c.webp","processed original","0"
"9180391801155","T209027 Lamp","6","https://cdn.shopify.com/s/files/1/0567/1377/3243/files/21817-f949f3c4-0546-46df-a8b2-8b8ef8f978d3.jpg?v=1714989954","/media/catalogue/d3b082984d56ad4c.webp","processed original","0"
"9180391801155","T209027 Lamp","7","https://cdn.shopify.com/s/files/1/0567/1377/3243/files/21817-48ee20b0-2be8-48ec-be6a-9e45de8f7d8b.jpg?v=1714989954","/media/catalogue/8b7babcc8b86bd26.webp","processed original","0"
"9180391801155","T209027 Lamp","8","https://cdn.shopify.com/s/files/1/0567/1377/3243/files/21817-f692ed30-bab5-45d9-997a-1b06ddd35a8c.jpg?v=1714989954","/media/catalogue/f82e1c5cdf072e22.webp","processed original","0"
"9180391801155","T209027 Lamp","9","https://cdn.shopify.com/s/files/1/0567/1377/3243/files/21817-a66244a9-ab30-46a9-af63-9b96718c9edc.jpg?v=1714989954","/media/catalogue/8cd7f6292f215e34.webp","processed original","1440170"
"9180391801155","T209027 Lamp","10","https://cdn.shopify.com/s/files/1/0567/1377/3243/files/21817-b256c403-d6e7-43df-ac89-64db77c545e3.jpg?v=1714989954","/media/catalogue/555a3c3bf00cbb7f.webp","processed original","0"
"9180409168195","T209026 Lamp","1","https://cdn.shopify.com/s/files/1/0567/1377/3243/files/21818-ee2a9ba9-3d55-4365-82e2-39f21d322989.jpg?v=1714991467","/media/catalogue/341a8c04ec8c4e3e.webp","processed original","1710229"
"9180409168195","T209026 Lamp","2","https://cdn.shopify.com/s/files/1/0567/1377/3243/files/21818-c4d25ce1-1ee2-4270-91b5-9f28015e0d00.jpg?v=1714991467","/media/catalogue/63ff943564faf6dd.webp","processed original","1302097"
"9180409168195","T209026 Lamp","3","https://cdn.shopify.com/s/files/1/0567/1377/3243/files/21818-48b07825-38ac-4220-b9cf-82945153bd75.jpg?v=1714991467","/media/catalogue/461d6dc1794106f8.webp","processed original","1601897"
"9180409168195","T209026 Lamp","4","https://cdn.shopify.com/s/files/1/0567/1377/3243/files/21818-d0adc632-60e4-439b-95c3-355708715f7a.jpg?v=1714991467","/media/catalogue/5b491d39e0c305af.webp","processed original","0"
"9180409168195","T209026 Lamp","5","https://cdn.shopify.com/s/files/1/0567/1377/3243/files/21818-38ffce97-8038-4afe-8241-292b0d5bd067.jpg?v=1714991467","/media/catalogue/e110d92885456c46.webp","processed original","0"
"9180409168195","T209026 Lamp","6","https://cdn.shopify.com/s/files/1/0567/1377/3243/files/21818-726ad104-c03a-460d-8126-feb4ef70ca44.jpg?v=1714991467","/media/catalogue/af437f731d76d5f7.webp","processed original","0"
"9180409168195","T209026 Lamp","7","https://cdn.shopify.com/s/files/1/0567/1377/3243/files/21818-2518a83a-dae4-4a84-a46e-17d4f9461363.jpg?v=1714991467","/media/catalogue/81fb92b8c03c62e1.webp","processed original","1808526"
"9180409168195","T209026 Lamp","8","https://cdn.shopify.com/s/files/1/0567/1377/3243/files/21818-5772db40-7928-4170-9231-42232a1b9068.jpg?v=1714991467","/media/catalogue/c20a55cfdad287c9.webp","processed original","0"
"9180409168195","T209026 Lamp","9","https://cdn.shopify.com/s/files/1/0567/1377/3243/files/21818-bdd8943d-db5f-4570-9bc5-c5996e442e7a.jpg?v=1714991467","/media/catalogue/6bc815f3b865800c.webp","processed original","0"
"9180413624643","T209024 Lamp","1","https://cdn.shopify.com/s/files/1/0567/1377/3243/files/21819-3cc97a48-56f6-47a9-ad18-f367e9eba0f8.jpg?v=1714991743","/media/catalogue/f0ee6d3a41906e6e.webp","processed original","1908293"
"9180413624643","T209024 Lamp","2","https://cdn.shopify.com/s/files/1/0567/1377/3243/files/21819-5eb40b39-e684-4ed2-a4c4-fff6ba51e2c1.jpg?v=1714991745","/media/catalogue/450f4518ee6e8c0d.webp","processed original","1588274"
"9180413624643","T209024 Lamp","3","https://cdn.shopify.com/s/files/1/0567/1377/3243/files/21819-6c0cb34e-b474-48d4-ad5b-a0f0ce7f3ee7.jpg?v=1714991744","/media/catalogue/122158c8d4614a98.webp","processed original","1283025"
"9180413624643","T209024 Lamp","4","https://cdn.shopify.com/s/files/1/0567/1377/3243/files/21819-35d5fe99-699f-4cf1-a653-d5845c3646a4.jpg?v=1714991743","/media/catalogue/5ef7eaba73d270bd.webp","processed original","0"
"9180413624643","T209024 Lamp","5","https://cdn.shopify.com/s/files/1/0567/1377/3243/files/21819-561c5be8-11a3-4faf-8c89-c7103bcb3db9.jpg?v=1714991744","/media/catalogue/1a47e697fa6f5c31.webp","processed original","0"
"9180413624643","T209024 Lamp","6","https://cdn.shopify.com/s/files/1/0567/1377/3243/files/21819-b1a53c63-9edd-432c-b5c3-27c231f9bbce.jpg?v=1714991745","/media/catalogue/15935950fafa5947.webp","processed original","0"
"9180413624643","T209024 Lamp","7","https://cdn.shopify.com/s/files/1/0567/1377/3243/files/21819-bdce0216-4b70-4fbc-a82b-93c04e667985.jpg?v=1714991744","/media/catalogue/f4d26f944e0da4ea.webp","processed original","0"
"9180413624643","T209024 Lamp","8","https://cdn.shopify.com/s/files/1/0567/1377/3243/files/21819-cb2506e6-6fc5-485c-9506-2d8a5091e645.jpg?v=1714991743","/media/catalogue/1734f1be181fd435.webp","processed original","1743664"
"9180413624643","T209024 Lamp","9","https://cdn.shopify.com/s/files/1/0567/1377/3243/files/21819-f5d410a8-fb5f-4970-982e-9e1d63faa543.jpg?v=1714991744","/media/catalogue/51f889afff4dd7b2.webp","processed original","0"
"9180413624643","T209024 Lamp","10","https://cdn.shopify.com/s/files/1/0567/1377/3243/files/21819-f8e4cfbd-c420-42d1-a7b0-ff194c194ff4.jpg?v=1714991744","/media/catalogue/11ae3686745a0fcd.webp","processed original","0"
"9180415099203","T209023 Lamp","1","https://cdn.shopify.com/s/files/1/0567/1377/3243/files/21820-de4ab4f4-4e0b-48e9-919d-64eb8044ed64.jpg?v=1714992047","/media/catalogue/ed9b55f1b67be114.webp","processed original","1610267"
"9180415099203","T209023 Lamp","2","https://cdn.shopify.com/s/files/1/0567/1377/3243/files/21820-2058cfd9-804a-4763-9f32-aa6779ac1ae5.jpg?v=1714992047","/media/catalogue/a0a4f446222c824c.webp","processed original","1251803"
"9180415099203","T209023 Lamp","3","https://cdn.shopify.com/s/files/1/0567/1377/3243/files/21820-d388beea-afa7-4e69-8253-189961f4ffaf.jpg?v=1714992047","/media/catalogue/303e3bf216bb2485.webp","processed original","1610898"
"9180415099203","T209023 Lamp","4","https://cdn.shopify.com/s/files/1/0567/1377/3243/files/21820-326b2a17-d1ce-4d8e-a2b9-eaddedfa6be4.jpg?v=1714992047","/media/catalogue/e5d20cd28a55a20a.webp","processed original","0"
"9180415099203","T209023 Lamp","5","https://cdn.shopify.com/s/files/1/0567/1377/3243/files/21820-e20d9588-f6be-42ff-804c-dd1b61d7e7cc.jpg?v=1714992047","/media/catalogue/94daecc46080d89a.webp","processed original","0"
"9180415099203","T209023 Lamp","6","https://cdn.shopify.com/s/files/1/0567/1377/3243/files/21820-1f1d6b0d-4f79-4ecd-a671-8d9fb9e531c8.jpg?v=1714992047","/media/catalogue/f5ee05a4833dd072.webp","processed original","0"
"9180415099203","T209023 Lamp","7","https://cdn.shopify.com/s/files/1/0567/1377/3243/files/21820-77f489a6-69c5-4021-9546-6e12dceedfe4.jpg?v=1714992047","/media/catalogue/5dc9461085d3c07d.webp","processed original","0"
"9180415099203","T209023 Lamp","8","https://cdn.shopify.com/s/files/1/0567/1377/3243/files/21820-a9168987-057c-48c6-abc7-61416ce93989.jpg?v=1714992047","/media/catalogue/92fb94a92e39e13a.webp","processed original","1770145"
"9180415099203","T209023 Lamp","9","https://cdn.shopify.com/s/files/1/0567/1377/3243/files/21820-b37424bb-cb3d-46cb-bec8-099b6484c355.jpg?v=1714992047","/media/catalogue/90ae9ca3a0aee045.webp","processed original","0"
"9180417687875","T209022 Lamp","1","https://cdn.shopify.com/s/files/1/0567/1377/3243/files/21821-7fdfa02e-9119-4f6f-bd3a-4117310603a8.jpg?v=1714992274","/media/catalogue/296019c70feed4d6.webp","processed original","1709218"
"9180417687875","T209022 Lamp","2","https://cdn.shopify.com/s/files/1/0567/1377/3243/files/21821-cb41763f-d4b5-4c9e-b9b3-80cd3357ee30.jpg?v=1714992274","/media/catalogue/d989b46c27ee941e.webp","processed original","1526183"
"9180417687875","T209022 Lamp","3","https://cdn.shopify.com/s/files/1/0567/1377/3243/files/21821-f4738d63-e060-4bcb-8951-20b589cb5b4c.jpg?v=1714992274","/media/catalogue/c2aef62393e81db4.webp","processed original","1235078"
"9180417687875","T209022 Lamp","4","https://cdn.shopify.com/s/files/1/0567/1377/3243/files/21821-494dc00b-e24f-479a-92bb-7f38c42a1a9d.jpg?v=1714992274","/media/catalogue/b3584f46597626cf.webp","processed original","0"
"9180417687875","T209022 Lamp","5","https://cdn.shopify.com/s/files/1/0567/1377/3243/files/21821-8d23e0bd-2fda-48c3-8c76-1e6a3881198a.jpg?v=1714992274","/media/catalogue/137c7f411a453299.webp","processed original","1565388"
"9180417687875","T209022 Lamp","6","https://cdn.shopify.com/s/files/1/0567/1377/3243/files/21821-f3ac09ca-a005-4ae2-9264-7b68fa3c8046.jpg?v=1714992274","/media/catalogue/8c85ff0e43780d58.webp","processed original","0"
"9180417687875","T209022 Lamp","7","https://cdn.shopify.com/s/files/1/0567/1377/3243/files/21821-4b39d431-9866-42dc-9c19-edaf8810afb1.jpg?v=1714992274","/media/catalogue/26e59dcea02e2e27.webp","processed original","0"
"9180417687875","T209022 Lamp","8","https://cdn.shopify.com/s/files/1/0567/1377/3243/files/21821-04ebe2e1-b80a-45ba-8313-787ae026dc08.jpg?v=1714992274","/media/catalogue/7261d7beeefad037.webp","processed original","0"
"9180417687875","T209022 Lamp","9","https://cdn.shopify.com/s/files/1/0567/1377/3243/files/21821-850bcdf9-670d-4840-9fa6-13dcbec002b0.jpg?v=1714992274","/media/catalogue/a012e5b2853dc3f2.webp","processed original","0"
"9180417687875","T209022 Lamp","10","https://cdn.shopify.com/s/files/1/0567/1377/3243/files/21821-40465769-5066-45ee-b57c-02668f26f447.jpg?v=1714992274","/media/catalogue/bb503e8c67069394.webp","processed original","0"
"9180418998595","T108020B Lamp","1","https://cdn.shopify.com/s/files/1/0567/1377/3243/files/21822-107a2eed-9b75-46c9-a642-8dcca06b82d5.jpg?v=1714992528","/media/catalogue/9a43a0448c6951a0.webp","processed original","1784527"
"9180418998595","T108020B Lamp","2","https://cdn.shopify.com/s/files/1/0567/1377/3243/files/21822-45409019-91ac-4a55-b599-cc10884261ea.jpg?v=1714992528","/media/catalogue/4a0246d33e964105.webp","processed original","1312319"
"9180418998595","T108020B Lamp","3","https://cdn.shopify.com/s/files/1/0567/1377/3243/files/21822-4a743dbf-0eb9-4a69-b8f3-fa19dcb24980.jpg?v=1714992528","/media/catalogue/8b8f2f4d4bb37960.webp","processed original","1600462"
"9180418998595","T108020B Lamp","4","https://cdn.shopify.com/s/files/1/0567/1377/3243/files/21822-a1d54779-fdf3-49dd-bc6f-c9d8c6cf3621.jpg?v=1714992528","/media/catalogue/937c7f430a7fefc0.webp","processed original","0"
"9180418998595","T108020B Lamp","5","https://cdn.shopify.com/s/files/1/0567/1377/3243/files/21822-7621b40d-bcb1-49f3-a8b4-e914104ca563.jpg?v=1714992528","/media/catalogue/ef5dc8fdaf583607.webp","processed original","0"
"9180418998595","T108020B Lamp","6","https://cdn.shopify.com/s/files/1/0567/1377/3243/files/21822-5ab4923c-cc47-466e-9235-40919405de90.jpg?v=1714992528","/media/catalogue/cf4663c60bbbaed6.webp","processed original","0"
"9180418998595","T108020B Lamp","7","https://cdn.shopify.com/s/files/1/0567/1377/3243/files/21822-5bdb961a-5949-4ce3-9695-5f8ef5f69e7d.jpg?v=1714992528","/media/catalogue/2d8d5d7c9503f26b.webp","processed original","0"
"9180418998595","T108020B Lamp","8","https://cdn.shopify.com/s/files/1/0567/1377/3243/files/21822-5c6bd602-0bc7-471d-88ce-6272723cccb4.jpg?v=1714992528","/media/catalogue/de029c4040795ac0.webp","processed original","0"
"9180418998595","T108020B Lamp","9","https://cdn.shopify.com/s/files/1/0567/1377/3243/files/21822-8c940b5f-571f-4958-8676-3868d10a9487.jpg?v=1714992528","/media/catalogue/9a6c20e27f832dac.webp","processed original","0"
"9180418998595","T108020B Lamp","10","https://cdn.shopify.com/s/files/1/0567/1377/3243/files/21822-6554dcfc-43b2-4780-8112-eed85f837a87.jpg?v=1714992528","/media/catalogue/c2141099bfbb7c1d.webp","processed original","1785187"
"9180420669763","T108040A Lamp","1","https://cdn.shopify.com/s/files/1/0567/1377/3243/files/21823-87699496-9f80-4a25-987c-d8111860d07f.jpg?v=1714992765","/media/catalogue/0542b0466219c2fc.webp","processed original","1694117"
"9180420669763","T108040A Lamp","2","https://cdn.shopify.com/s/files/1/0567/1377/3243/files/21823-5896f0c9-7ea5-4f2c-9e2c-b9bb3fd7cb7f.jpg?v=1714992765","/media/catalogue/e3bc7a3f19c70142.webp","processed original","1275956"
"9180420669763","T108040A Lamp","3","https://cdn.shopify.com/s/files/1/0567/1377/3243/files/21823-7f4a3fa5-eebf-47b7-8ce1-62a80a2f7928.jpg?v=1714992765","/media/catalogue/2cf255f8935b4880.webp","processed original","1638592"
"9180420669763","T108040A Lamp","4","https://cdn.shopify.com/s/files/1/0567/1377/3243/files/21823-20e1360f-8188-4241-b3ab-f9ffd51bad9d.jpg?v=1714992765","/media/catalogue/601fbf5a27c7739b.webp","processed original","0"
"9180420669763","T108040A Lamp","5","https://cdn.shopify.com/s/files/1/0567/1377/3243/files/21823-1395a0c1-1218-4210-9937-7aebc5493edf.jpg?v=1714992765","/media/catalogue/6fa18d047e361868.webp","processed original","0"
"9180420669763","T108040A Lamp","6","https://cdn.shopify.com/s/files/1/0567/1377/3243/files/21823-1e545986-7e50-47b2-867d-ac0180838933.jpg?v=1714992765","/media/catalogue/ece0be6e8ffc3f21.webp","processed original","0"
"9180420669763","T108040A Lamp","7","https://cdn.shopify.com/s/files/1/0567/1377/3243/files/21823-7e05c546-39b6-4d47-8481-2f7e287864c7.jpg?v=1714992765","/media/catalogue/580d32c58636fa94.webp","processed original","0"
"9180420669763","T108040A Lamp","8","https://cdn.shopify.com/s/files/1/0567/1377/3243/files/21823-142e1c74-2df8-4e26-a24e-57b0eda82f09.jpg?v=1714992765","/media/catalogue/3959b9f84e9f296c.webp","processed original","0"
"9180422799683","T108015B Lamp","1","https://cdn.shopify.com/s/files/1/0567/1377/3243/files/21824-a33f6743-d45d-4d32-b551-d953904b761a.jpg?v=1714993236","/media/catalogue/a0341783fea3e166.webp","processed original","1780246"
"9180422799683","T108015B Lamp","2","https://cdn.shopify.com/s/files/1/0567/1377/3243/files/21824-62b1ff83-64ef-49e2-ad2a-0768b0ade6c2.jpg?v=1714993236","/media/catalogue/b719c0a36ee5273b.webp","processed original","1585269"
"9180422799683","T108015B Lamp","3","https://cdn.shopify.com/s/files/1/0567/1377/3243/files/21824-a10c80f0-347f-4ca8-a4a0-39ad5a9d5339.jpg?v=1714993236","/media/catalogue/314e7c582b9504ef.webp","processed original","1273733"
"9180422799683","T108015B Lamp","4","https://cdn.shopify.com/s/files/1/0567/1377/3243/files/21824-d6632076-ce37-47b8-ac9a-50529f2270b8.jpg?v=1714993236","/media/catalogue/fa83bd02013259ff.webp","processed original","0"
"9180422799683","T108015B Lamp","5","https://cdn.shopify.com/s/files/1/0567/1377/3243/files/21824-0bc71dc1-2394-4473-b027-f52ee62b2c26.jpg?v=1714993236","/media/catalogue/06042027117e86fb.webp","processed original","0"
"9180422799683","T108015B Lamp","6","https://cdn.shopify.com/s/files/1/0567/1377/3243/files/21824-35ad7c4e-9d86-4cd1-85d2-9ced1cf4d2bd.jpg?v=1714993236","/media/catalogue/cd2f6d1fb9aa01d1.webp","processed original","0"
"9180422799683","T108015B Lamp","7","https://cdn.shopify.com/s/files/1/0567/1377/3243/files/21824-173b2937-5bb2-495d-982e-1764c93171ab.jpg?v=1714993236","/media/catalogue/15861252739b1626.webp","processed original","1700658"
"9180422799683","T108015B Lamp","8","https://cdn.shopify.com/s/files/1/0567/1377/3243/files/21824-ca019a73-ac54-42be-95f0-a996b1d653f6.jpg?v=1714993236","/media/catalogue/f34f0eb00c94841d.webp","processed original","0"
"9180422799683","T108015B Lamp","9","https://cdn.shopify.com/s/files/1/0567/1377/3243/files/21824-dc74deaa-726c-401f-9b10-b48bd74c335b-_1.jpg?v=1714993093","/media/catalogue/57c8ba54781e7fa5.webp","processed original","0"
"9180422799683","T108015B Lamp","10","https://cdn.shopify.com/s/files/1/0567/1377/3243/files/21824-dc74deaa-726c-401f-9b10-b48bd74c335b.jpg?v=1714993093","/media/catalogue/5c84cfc9f2af551a.webp","processed original","0"
"9180429156675","T209018W Lamp","1","https://cdn.shopify.com/s/files/1/0567/1377/3243/files/21825-e700487a-1e4d-4c4e-82c3-62652c58c5bb.jpg?v=1714994421","/media/catalogue/e42af4b4ac8f3fe8.webp","processed original","1660446"
"9180429156675","T209018W Lamp","2","https://cdn.shopify.com/s/files/1/0567/1377/3243/files/21825-89038565-5993-4a8c-930a-5f51306cfae5.jpg?v=1714994421","/media/catalogue/53149a0ed2c2ede0.webp","processed original","1270581"
"9180429156675","T209018W Lamp","3","https://cdn.shopify.com/s/files/1/0567/1377/3243/files/21825-e54b0734-cbff-423c-852c-225766033cd8.jpg?v=1714994421","/media/catalogue/16c6c3844b34c813.webp","processed original","1587312"
"9180429156675","T209018W Lamp","4","https://cdn.shopify.com/s/files/1/0567/1377/3243/files/21825-7b535eb7-8639-41f9-876a-b1d8a61cfe4e.jpg?v=1714994421","/media/catalogue/ccefc59e0981a510.webp","processed original","0"
"9180429156675","T209018W Lamp","5","https://cdn.shopify.com/s/files/1/0567/1377/3243/files/21825-e5bcd1d3-3893-43a4-a0e4-e75d9b92293a.jpg?v=1714994421","/media/catalogue/f108b921b01e879b.webp","processed original","0"
"9180429156675","T209018W Lamp","6","https://cdn.shopify.com/s/files/1/0567/1377/3243/files/21825-80918848-0d96-4fb2-ba48-83bd6a379371.jpg?v=1714994421","/media/catalogue/b92a9a5b6c94b7ed.webp","processed original","1791695"
"9180429156675","T209018W Lamp","7","https://cdn.shopify.com/s/files/1/0567/1377/3243/files/21825-ae90c9f6-4973-4bb2-99ea-0630f690acab.jpg?v=1714994421","/media/catalogue/f42c49b6fbf305d2.webp","processed original","0"
"9180429156675","T209018W Lamp","8","https://cdn.shopify.com/s/files/1/0567/1377/3243/files/21825-cac66a2e-e1fc-42f4-b4ea-0ab303c74c15.jpg?v=1714994421","/media/catalogue/e11ff13ba2487b4b.webp","processed original","0"
"9180429156675","T209018W Lamp","9","https://cdn.shopify.com/s/files/1/0567/1377/3243/files/21825-f038328f-d66c-465a-b344-3ad6bc7ecadb.jpg?v=1714994332","/media/catalogue/363c3c841fe48924.webp","processed original","0"
"9180429156675","T209018W Lamp","10","https://cdn.shopify.com/s/files/1/0567/1377/3243/files/21825-f6197935-c4bd-411d-8388-577a449f3bdf.jpg?v=1714994334","/media/catalogue/6ffa2cf978d3a128.webp","processed original","0"
"9180443214147","T108002 Lamp","1","https://cdn.shopify.com/s/files/1/0567/1377/3243/files/21826-0012e1c5-7a10-461c-ae56-51e73cfc76d1.jpg?v=1714995077","/media/catalogue/102d71d2522aa9c8.webp","processed original","1573681"
"9180443214147","T108002 Lamp","2","https://cdn.shopify.com/s/files/1/0567/1377/3243/files/21826-60c62bd5-0bde-45f5-823f-e3f1de8ec3a6.jpg?v=1714995077","/media/catalogue/2729647717210a68.webp","processed original","1159039"
"9180443214147","T108002 Lamp","3","https://cdn.shopify.com/s/files/1/0567/1377/3243/files/21826-ed88f176-5a4f-444b-ae20-e01653b48831.jpg?v=1714995120","/media/catalogue/13b08635b532c8b7.webp","processed original","1547047"
"9180443214147","T108002 Lamp","4","https://cdn.shopify.com/s/files/1/0567/1377/3243/files/21826-97ad6526-cbaa-4c2c-b401-247dc5532b4b.jpg?v=1714995120","/media/catalogue/bd9a7c9bf37dfd46.webp","processed original","0"
"9180443214147","T108002 Lamp","5","https://cdn.shopify.com/s/files/1/0567/1377/3243/files/21826-11048ab4-bf9d-4748-85fe-adb56118f91b.jpg?v=1714995120","/media/catalogue/583b0e3f91154820.webp","processed original","0"
"9180443214147","T108002 Lamp","6","https://cdn.shopify.com/s/files/1/0567/1377/3243/files/21826-a2edab6e-2911-46b3-b3de-40df6e632bb3.jpg?v=1714995120","/media/catalogue/51edb405dbaa67a1.webp","processed original","0"
"9180443214147","T108002 Lamp","7","https://cdn.shopify.com/s/files/1/0567/1377/3243/files/21826-ae3cbe6a-e0df-4761-a2b7-0486e63bac3a.jpg?v=1714995120","/media/catalogue/a951fc6354b3ffa5.webp","processed original","0"
"9180443214147","T108002 Lamp","8","https://cdn.shopify.com/s/files/1/0567/1377/3243/files/21826-c184ef77-ea2e-487b-abc2-4eb9dc6786d1.jpg?v=1714995120","/media/catalogue/50d9c813d1a5fd85.webp","processed original","1697826"
"9180443214147","T108002 Lamp","9","https://cdn.shopify.com/s/files/1/0567/1377/3243/files/21826-cd2479ad-6e3e-4565-9fe8-3c8f1d375482.jpg?v=1714995120","/media/catalogue/e3bcf9d778bf52d9.webp","processed original","0"
"9180443214147","T108002 Lamp","10","https://cdn.shopify.com/s/files/1/0567/1377/3243/files/21826-f2c15672-8860-4e92-8c65-39a0dab9bdca.jpg?v=1714995079","/media/catalogue/e74ac041bbfc65f3.webp","processed original","0"
"9180449702211","T108011 Lamp","1","https://cdn.shopify.com/s/files/1/0567/1377/3243/files/21827-e9a83a84-de21-4fd5-9c98-f1d537ba0b7c.jpg?v=1714996443","/media/catalogue/015833607ffa60cb.webp","processed original","1557236"
"9180449702211","T108011 Lamp","2","https://cdn.shopify.com/s/files/1/0567/1377/3243/files/21827-ae0b18cc-53e5-4fc6-9e5d-af07fbe13c8d.jpg?v=1714996443","/media/catalogue/7b77af335eeb7216.webp","processed original","1258314"
"9180449702211","T108011 Lamp","3","https://cdn.shopify.com/s/files/1/0567/1377/3243/files/21827-35e4318e-fb4a-474a-ab01-67000a835157.jpg?v=1714996443","/media/catalogue/6623e6e5011adb9f.webp","processed original","1545856"
"9180449702211","T108011 Lamp","4","https://cdn.shopify.com/s/files/1/0567/1377/3243/files/21827-97e4a3b6-2566-4ff8-8254-5ae28d7c05de.jpg?v=1714996443","/media/catalogue/3cd553f20f26deb9.webp","processed original","0"
"9180449702211","T108011 Lamp","5","https://cdn.shopify.com/s/files/1/0567/1377/3243/files/21827-2860c8b9-700e-493a-a582-f89d7008e3fb.jpg?v=1714996443","/media/catalogue/16b662a1c1e6f092.webp","processed original","0"
"9180449702211","T108011 Lamp","6","https://cdn.shopify.com/s/files/1/0567/1377/3243/files/21827-54e2c636-2fdf-4a88-a69a-dffdaa4c1db1.jpg?v=1714996443","/media/catalogue/aec809cac97aaf88.webp","processed original","0"
"9180449702211","T108011 Lamp","7","https://cdn.shopify.com/s/files/1/0567/1377/3243/files/21827-416c576d-fbae-46ad-bf46-c6cbb32a0391.jpg?v=1714996443","/media/catalogue/4944d01f1db45be8.webp","processed original","0"
"9180449702211","T108011 Lamp","8","https://cdn.shopify.com/s/files/1/0567/1377/3243/files/21827-9063e6c5-f2fc-4d1d-bdc5-018fafc5d0f1.jpg?v=1714996439","/media/catalogue/8ea000da68e713e9.webp","processed original","0"
"9180449702211","T108011 Lamp","9","https://cdn.shopify.com/s/files/1/0567/1377/3243/files/21827-e363d417-8b53-4593-b2b7-d53654ff84c9.jpg?v=1714996237","/media/catalogue/a61b733f9799f476.webp","processed original","0"
"9180449702211","T108011 Lamp","10","https://cdn.shopify.com/s/files/1/0567/1377/3243/files/21827-f6e783b3-3d9c-48a2-8402-7a3240ee9214.jpg?v=1714996236","/media/catalogue/eec638a270388c66.webp","processed original","0"
"9180449702211","T108011 Lamp","11","https://cdn.shopify.com/s/files/1/0567/1377/3243/files/21827-f3268b53-9508-49d6-b826-2ca8a9c5f0fc.jpg?v=1714996236","/media/catalogue/ffa3e04a0072e28d.webp","processed original","1624587"
"9180485648707","T2314 Lamp","1","https://cdn.shopify.com/s/files/1/0567/1377/3243/files/21828-789ba5de-29d6-40bc-9390-d6237288cf39.jpg?v=1714997135","/media/catalogue/7e63340be1cb0ebf.webp","processed original","1674790"
"9180485648707","T2314 Lamp","2","https://cdn.shopify.com/s/files/1/0567/1377/3243/files/21828-19db923a-0026-43ea-82b0-18a827fa01d1.jpg?v=1714997135","/media/catalogue/1ab920130ec80594.webp","processed original","1384132"
"9180485648707","T2314 Lamp","3","https://cdn.shopify.com/s/files/1/0567/1377/3243/files/21828-bb877fd7-c979-435c-96af-4832e9bc1ae8.jpg?v=1714997135","/media/catalogue/91c8ee9a68b4f205.webp","processed original","1567159"
"9180485648707","T2314 Lamp","4","https://cdn.shopify.com/s/files/1/0567/1377/3243/files/21828-f0d6a3df-92c7-4784-bdc2-ebe454eb22ea.jpg?v=1714997135","/media/catalogue/e0812b1f669833a7.webp","processed original","0"
"9180485648707","T2314 Lamp","5","https://cdn.shopify.com/s/files/1/0567/1377/3243/files/21828-b3c4abe4-98ed-4003-9597-10b5ee037262.jpg?v=1714997135","/media/catalogue/058c25ac2f61ddf1.webp","processed original","0"
"9180485648707","T2314 Lamp","6","https://cdn.shopify.com/s/files/1/0567/1377/3243/files/21828-6d50c5a1-cea1-47c9-b14e-d018b624a53a.jpg?v=1714997135","/media/catalogue/90cf0bf13c07d24d.webp","processed original","0"
"9180485648707","T2314 Lamp","7","https://cdn.shopify.com/s/files/1/0567/1377/3243/files/21828-16aa45df-5bc0-4d0f-8a24-2e8089bc5615.jpg?v=1714997135","/media/catalogue/9a9127f078e44e5d.webp","processed original","0"
"9180485648707","T2314 Lamp","8","https://cdn.shopify.com/s/files/1/0567/1377/3243/files/21828-72e2975d-887e-4831-93d4-1308bdac9622.jpg?v=1714997135","/media/catalogue/20a4c6fa631f0951.webp","processed original","0"
"9180485648707","T2314 Lamp","9","https://cdn.shopify.com/s/files/1/0567/1377/3243/files/21828-9975464d-463f-4c31-badb-2f186aef1482.jpg?v=1714997135","/media/catalogue/883b4ce496e4b1ce.webp","processed original","0"
"9180485648707","T2314 Lamp","10","https://cdn.shopify.com/s/files/1/0567/1377/3243/files/21828-a043bfb6-2cb4-479b-a64b-5100c3500fcd.jpg?v=1714997135","/media/catalogue/8638173f9f6d73b5.webp","processed original","1639589"
"9180485648707","T2314 Lamp","11","https://cdn.shopify.com/s/files/1/0567/1377/3243/files/21828-b6c8489f-c49d-4ae8-8846-bbeacd30f99f.jpg?v=1714997132","/media/catalogue/c0f18e5a21556f6c.webp","processed original","0"
"9180492497219","T2315 Lamp","1","https://cdn.shopify.com/s/files/1/0567/1377/3243/files/21829-88e4ee63-895c-4803-be76-d696ae53e6fc.jpg?v=1714997617","/media/catalogue/28933406069c82ec.webp","processed original","1817536"
"9180492497219","T2315 Lamp","2","https://cdn.shopify.com/s/files/1/0567/1377/3243/files/21829-6507f9f7-6957-4361-9104-3d0ca87604b9.jpg?v=1714997617","/media/catalogue/a5fba71ab4b2f4d9.webp","processed original","1399475"
"9180492497219","T2315 Lamp","3","https://cdn.shopify.com/s/files/1/0567/1377/3243/files/21829-6076f38f-fa8a-4d46-9202-5d6e0a43d45d.jpg?v=1714997617","/media/catalogue/ce7e045a7c9f45cb.webp","processed original","1581062"
"9180492497219","T2315 Lamp","4","https://cdn.shopify.com/s/files/1/0567/1377/3243/files/21829-d889b035-3019-4489-bac0-3d33dab62947.jpg?v=1714997617","/media/catalogue/d8738b3286601c75.webp","processed original","0"
"9180492497219","T2315 Lamp","5","https://cdn.shopify.com/s/files/1/0567/1377/3243/files/21829-4fd52b7f-a64a-4ce2-a5ed-72496c822edd.jpg?v=1714997617","/media/catalogue/32b654b58228e592.webp","processed original","0"
"9180492497219","T2315 Lamp","6","https://cdn.shopify.com/s/files/1/0567/1377/3243/files/21829-1bbd0325-37c6-455f-958e-9832957c6235.jpg?v=1714997617","/media/catalogue/43cb7077ac6f433f.webp","processed original","1676193"
"9180492497219","T2315 Lamp","7","https://cdn.shopify.com/s/files/1/0567/1377/3243/files/21829-7d644c0f-2660-41ad-af10-7e3a86aa2e1f.jpg?v=1714997617","/media/catalogue/82ded2877cdf9d2d.webp","processed original","0"
"9180492497219","T2315 Lamp","8","https://cdn.shopify.com/s/files/1/0567/1377/3243/files/21829-8cc4acdd-d65a-447a-a530-54bb0f90e1b4.jpg?v=1714997617","/media/catalogue/d1e14e13390cf420.webp","processed original","0"
"9180492497219","T2315 Lamp","9","https://cdn.shopify.com/s/files/1/0567/1377/3243/files/21829-8f5bfa50-92d1-49b9-b583-31eab73b76c1.jpg?v=1714997617","/media/catalogue/ab99e0952674ba62.webp","processed original","0"
"9180492497219","T2315 Lamp","10","https://cdn.shopify.com/s/files/1/0567/1377/3243/files/21829-16a14ada-a642-4ecc-af0b-0603a9f375d3.jpg?v=1714997617","/media/catalogue/dd07e414170b79a7.webp","processed original","0"
"9180492497219","T2315 Lamp","11","https://cdn.shopify.com/s/files/1/0567/1377/3243/files/21829-297822e0-167c-4f0f-b3c6-d82fb48dcb56.jpg?v=1714997617","/media/catalogue/1db0a85c1221180f.webp","processed original","0"
"9180495085891","T2313 Lamp","1","https://cdn.shopify.com/s/files/1/0567/1377/3243/files/21830-d214f125-663b-480c-b31a-8218a283da0b.jpg?v=1714997846","/media/catalogue/568553fd46947e0c.webp","processed original","1578463"
"9180495085891","T2313 Lamp","2","https://cdn.shopify.com/s/files/1/0567/1377/3243/files/21830-06ed29fd-5437-41b0-ad41-0ffd43ba1ecf.jpg?v=1714997846","/media/catalogue/5c83eb881dba9696.webp","processed original","1046097"
"9180495085891","T2313 Lamp","3","https://cdn.shopify.com/s/files/1/0567/1377/3243/files/21830-d4ae6b86-fd7c-47fd-950a-be1cb0db5b40.jpg?v=1714997846","/media/catalogue/67c7e31b638748a9.webp","processed original","1544092"
"9180495085891","T2313 Lamp","4","https://cdn.shopify.com/s/files/1/0567/1377/3243/files/21830-3ab1761c-4eab-4bde-b196-9a30b57404eb.jpg?v=1714997846","/media/catalogue/ba37a35c2d7e6371.webp","processed original","0"
"9180495085891","T2313 Lamp","5","https://cdn.shopify.com/s/files/1/0567/1377/3243/files/21830-31b2218e-fe20-4d64-9226-e7b588b464aa.jpg?v=1714997846","/media/catalogue/3282fed09b8e8921.webp","processed original","0"
"9180495085891","T2313 Lamp","6","https://cdn.shopify.com/s/files/1/0567/1377/3243/files/21830-6f86dfdc-a322-4599-8330-59df0f8ddc47.jpg?v=1714997846","/media/catalogue/57a025a2707434bd.webp","processed original","0"
"9180495085891","T2313 Lamp","7","https://cdn.shopify.com/s/files/1/0567/1377/3243/files/21830-9ee49c1a-a729-467b-9655-1a4fa71f8b0f.jpg?v=1714997846","/media/catalogue/0177641b21091ffe.webp","processed original","0"
"9180495085891","T2313 Lamp","8","https://cdn.shopify.com/s/files/1/0567/1377/3243/files/21830-9f516320-7f2b-43bc-ab0e-d0cb2c3f5801.jpg?v=1714997846","/media/catalogue/5e4e695c286b8927.webp","processed original","0"
"9180495085891","T2313 Lamp","9","https://cdn.shopify.com/s/files/1/0567/1377/3243/files/21830-229d6afa-7c06-4eb0-9503-77353be81373.jpg?v=1714997842","/media/catalogue/7dede9bc7e04d822.webp","processed original","1656516"
"9180495085891","T2313 Lamp","10","https://cdn.shopify.com/s/files/1/0567/1377/3243/files/21830-e611fb51-5830-4ecb-9d8f-447e11d47080.jpg?v=1714997799","/media/catalogue/ea2cba89cbc0383e.webp","processed original","0"
"9180495085891","T2313 Lamp","11","https://cdn.shopify.com/s/files/1/0567/1377/3243/files/21830-eae6b61f-8be7-4eee-a5b4-95691e1d67bd.jpg?v=1714997800","/media/catalogue/de70b340fec87975.webp","processed original","0"
"9180496986435","T2311 Lamp","1","https://cdn.shopify.com/s/files/1/0567/1377/3243/files/21831-1d3fb25f-f349-43f2-94df-7955ac894966.jpg?v=1714998039","/media/catalogue/c203cc22683d1b89.webp","processed original","0"
"9180496986435","T2311 Lamp","2","https://cdn.shopify.com/s/files/1/0567/1377/3243/files/21831-5cee28bb-54b5-4a79-9621-702dda8301a3.jpg?v=1714998039","/media/catalogue/3b260d40da2f77a1.webp","processed original","1648639"
"9180496986435","T2311 Lamp","3","https://cdn.shopify.com/s/files/1/0567/1377/3243/files/21831-9c1809f6-6f08-4ef3-b151-17a92fd401c8.jpg?v=1714998038","/media/catalogue/6e639dfdbeed9ff0.webp","processed original","0"
"9180496986435","T2311 Lamp","4","https://cdn.shopify.com/s/files/1/0567/1377/3243/files/21831-78e7d2a1-73b7-48a8-987c-6b8368849345.jpg?v=1714998038","/media/catalogue/350037cea053bd27.webp","processed original","0"
"9180496986435","T2311 Lamp","5","https://cdn.shopify.com/s/files/1/0567/1377/3243/files/21831-3151a729-e594-4439-8ca9-8614c87096c0.jpg?v=1714998038","/media/catalogue/dec26c6bb1fdd505.webp","processed original","1922255"
"9180496986435","T2311 Lamp","6","https://cdn.shopify.com/s/files/1/0567/1377/3243/files/21831-32718236-0ec8-48b9-becc-a006bfbb76d6.jpg?v=1714998040","/media/catalogue/5ea7842410618902.webp","processed original","0"
"9180496986435","T2311 Lamp","7","https://cdn.shopify.com/s/files/1/0567/1377/3243/files/21831-b171c44e-618c-4521-ac82-557a4b2d48af.jpg?v=1714998040","/media/catalogue/a2cbdcae18ddf755.webp","processed original","0"
"9180496986435","T2311 Lamp","8","https://cdn.shopify.com/s/files/1/0567/1377/3243/files/21831-b4793de6-8d02-4508-b0e9-6ba9cbf0f83f.jpg?v=1714998039","/media/catalogue/e4ad7a29fcb365b4.webp","processed original","1262510"
"9180496986435","T2311 Lamp","9","https://cdn.shopify.com/s/files/1/0567/1377/3243/files/21831-c813e741-c2c7-4311-8090-1b152cfec68b.jpg?v=1714998040","/media/catalogue/eed6357286f78912.webp","processed original","1797530"
"9180496986435","T2311 Lamp","10","https://cdn.shopify.com/s/files/1/0567/1377/3243/files/21831-d3c32c2c-3a4b-4f3a-a80b-2bb7c1f533de.jpg?v=1714998040","/media/catalogue/3a393ad3cbf3381e.webp","processed original","0"
"9180498395459","T2312 Lamp","1","https://cdn.shopify.com/s/files/1/0567/1377/3243/files/21832-6f0d3e4e-7d91-4596-81be-259bafa7cd55.jpg?v=1714998249","/media/catalogue/12502d01767b4e5b.webp","processed original","1690801"
"9180498395459","T2312 Lamp","2","https://cdn.shopify.com/s/files/1/0567/1377/3243/files/21832-54ab4b12-9a7a-439e-a5f6-674ea706ec00.jpg?v=1714998386","/media/catalogue/f5aa7e090736e87a.webp","processed original","1327017"
"9180498395459","T2312 Lamp","3","https://cdn.shopify.com/s/files/1/0567/1377/3243/files/21832-ac4e7cbd-df26-4ac4-afbd-64061c054f27.jpg?v=1714998386","/media/catalogue/03cbbcf7e411071c.webp","processed original","1556627"
"9180498395459","T2312 Lamp","4","https://cdn.shopify.com/s/files/1/0567/1377/3243/files/21832-24d4e841-d058-4063-8125-248fd88ddfc7.jpg?v=1714998386","/media/catalogue/6b34fe6334598595.webp","processed original","0"
"9180498395459","T2312 Lamp","5","https://cdn.shopify.com/s/files/1/0567/1377/3243/files/21832-a6aa6f46-c7cd-4bc2-8d43-7a9841f52494.jpg?v=1714998386","/media/catalogue/da379e79a00413f3.webp","processed original","0"
"9180498395459","T2312 Lamp","6","https://cdn.shopify.com/s/files/1/0567/1377/3243/files/21832-90c667bb-5123-4452-93e6-35227c166b59.jpg?v=1714998386","/media/catalogue/15f1d5b7fc4179a3.webp","processed original","0"
"9180498395459","T2312 Lamp","7","https://cdn.shopify.com/s/files/1/0567/1377/3243/files/21832-865c0854-a195-4706-abe8-2f3e5b7b9960.jpg?v=1714998386","/media/catalogue/f4f198739754e6a0.webp","processed original","0"
"9180498395459","T2312 Lamp","8","https://cdn.shopify.com/s/files/1/0567/1377/3243/files/21832-b6f10ee2-a2f1-4a78-bf63-3a6912d26889.jpg?v=1714998249","/media/catalogue/09deaf62df366747.webp","processed original","1808276"
"9180498395459","T2312 Lamp","9","https://cdn.shopify.com/s/files/1/0567/1377/3243/files/21832-d8c03fbc-7004-429e-aad0-1eb49b8bdb0b.jpg?v=1714998250","/media/catalogue/5682b5f1c0ee2ba4.webp","processed original","0"
"9180498395459","T2312 Lamp","10","https://cdn.shopify.com/s/files/1/0567/1377/3243/files/21832-d051c7b5-d742-4204-9186-2fb090d44634.jpg?v=1714998251","/media/catalogue/474a03bfd0482456.webp","processed original","0"
"9180499837251","F209029 Lamp","1","https://cdn.shopify.com/s/files/1/0567/1377/3243/files/21833-01ed9a76-0a90-4cc6-a34a-9a611ff3d330.jpg?v=1714998510","/media/catalogue/1649cd82842a2196.webp","processed original","0"
"9180499837251","F209029 Lamp","2","https://cdn.shopify.com/s/files/1/0567/1377/3243/files/21833-04c53316-82ba-42d6-b094-da92212b1094.jpg?v=1714998510","/media/catalogue/3dd618f5280cb904.webp","processed original","1498484"
"9180499837251","F209029 Lamp","3","https://cdn.shopify.com/s/files/1/0567/1377/3243/files/21833-4f327474-71ca-4030-9747-8e220fb49216.jpg?v=1714998509","/media/catalogue/525038d17a6a526b.webp","processed original","2162557"
"9180499837251","F209029 Lamp","4","https://cdn.shopify.com/s/files/1/0567/1377/3243/files/21833-5dd4a072-f2e8-41ea-87b1-1c5d307f883d.jpg?v=1714998511","/media/catalogue/73b735971e1c9cc2.webp","processed original","0"
"9180499837251","F209029 Lamp","5","https://cdn.shopify.com/s/files/1/0567/1377/3243/files/21833-06a38290-390f-4da5-8efe-f99b0c393be2.jpg?v=1714998511","/media/catalogue/40c06b93096c1201.webp","processed original","0"
"9180499837251","F209029 Lamp","6","https://cdn.shopify.com/s/files/1/0567/1377/3243/files/21833-63ec0117-b348-415e-83f2-86e52a6152d0.jpg?v=1714998509","/media/catalogue/e195d1af1f237743.webp","processed original","2179464"
"9180499837251","F209029 Lamp","7","https://cdn.shopify.com/s/files/1/0567/1377/3243/files/21833-63fd51d1-1159-4ac3-9cd5-3f316f9ad93a.jpg?v=1714998511","/media/catalogue/a7010575af60fa1d.webp","processed original","0"
"9180499837251","F209029 Lamp","8","https://cdn.shopify.com/s/files/1/0567/1377/3243/files/21833-0361a622-312e-447d-877f-0fe1e4e355bd.jpg?v=1714998511","/media/catalogue/6c9ed088d1a48248.webp","processed original","0"
"9180499837251","F209029 Lamp","9","https://cdn.shopify.com/s/files/1/0567/1377/3243/files/21833-367b5b47-a3ce-467d-a603-868ecf6bff78.jpg?v=1714998510","/media/catalogue/e559ef661f586e91.webp","processed original","1752047"
"9180499837251","F209029 Lamp","10","https://cdn.shopify.com/s/files/1/0567/1377/3243/files/21833-ac503249-9f0e-4fc0-a4ab-9931be6b409d.jpg?v=1714998510","/media/catalogue/74f8b9662c09c493.webp","processed original","0"
"9180501016899","F209028 Lamp","1","https://cdn.shopify.com/s/files/1/0567/1377/3243/files/21834-3e8e77c8-0ac4-4f1f-b940-f0f822755cac.jpg?v=1714998617","/media/catalogue/e85979927de9bfeb.webp","processed original","0"
"9180501016899","F209028 Lamp","2","https://cdn.shopify.com/s/files/1/0567/1377/3243/files/21834-5af3f310-f4f9-4da0-990a-4ef8627db7e2.jpg?v=1714998617","/media/catalogue/6b28425f92d8bacd.webp","processed original","1727481"
"9180501016899","F209028 Lamp","3","https://cdn.shopify.com/s/files/1/0567/1377/3243/files/21834-44bcbd52-ac1d-473f-84b5-21a5be369ab6.jpg?v=1714998617","/media/catalogue/6cb30ea751c89898.webp","processed original","1512022"
"9180501016899","F209028 Lamp","4","https://cdn.shopify.com/s/files/1/0567/1377/3243/files/21834-954f1555-2c9b-4eaa-a0ac-ec13fb7a842e.jpg?v=1714998618","/media/catalogue/18b3339c147d1b80.webp","processed original","0"
"9180501016899","F209028 Lamp","5","https://cdn.shopify.com/s/files/1/0567/1377/3243/files/21834-b79a7a0e-f057-4b44-a7c7-842632215948.jpg?v=1714998618","/media/catalogue/fa8669a15be9778c.webp","processed original","0"
"9180501016899","F209028 Lamp","6","https://cdn.shopify.com/s/files/1/0567/1377/3243/files/21834-c9ad6f6d-7f85-4793-bac8-02714882210e.jpg?v=1714998619","/media/catalogue/c505b28b72cb408a.webp","processed original","2142599"
"9180501016899","F209028 Lamp","7","https://cdn.shopify.com/s/files/1/0567/1377/3243/files/21834-d3cde44a-c195-4bd5-8e1b-39c41d611132.jpg?v=1714998618","/media/catalogue/686696bc22c1ce36.webp","processed original","0"
"9180501016899","F209028 Lamp","8","https://cdn.shopify.com/s/files/1/0567/1377/3243/files/21834-ef9a8361-a087-4f0c-948a-c1d1c5d3a9f1.jpg?v=1714998617","/media/catalogue/fa4f28c4d980699e.webp","processed original","0"
"9180502884675","T108019S Lamp","1","https://cdn.shopify.com/s/files/1/0567/1377/3243/files/21835-799610c5-fa85-46ce-9eb6-0aa32474c9bb.jpg?v=1714999110","/media/catalogue/3a9ce5fd7a530f25.webp","processed original","1750659"
"9180502884675","T108019S Lamp","2","https://cdn.shopify.com/s/files/1/0567/1377/3243/files/21835-30145c7e-aa49-460d-8db1-c891df400f91.jpg?v=1714999110","/media/catalogue/e8266482197edd76.webp","processed original","1305385"
"9180502884675","T108019S Lamp","3","https://cdn.shopify.com/s/files/1/0567/1377/3243/files/21835-35b9cc4e-d05f-4f8d-b771-4a3bd49391ce.jpg?v=1714999110","/media/catalogue/6b8ba2079632f95b.webp","processed original","1606976"
"9180502884675","T108019S Lamp","4","https://cdn.shopify.com/s/files/1/0567/1377/3243/files/21835-bdb3ae81-96f3-4cf1-a505-474114e4edc0.jpg?v=1714999110","/media/catalogue/462ff4398c77bc20.webp","processed original","0"
"9180502884675","T108019S Lamp","5","https://cdn.shopify.com/s/files/1/0567/1377/3243/files/21835-2ca71fdd-6937-4e39-b4ce-489bbe714a66.jpg?v=1714999110","/media/catalogue/7a52d1b1958641da.webp","processed original","0"
"9180502884675","T108019S Lamp","6","https://cdn.shopify.com/s/files/1/0567/1377/3243/files/21835-59a798ad-5816-4f32-bbef-9a153bc5b5d6.jpg?v=1714999110","/media/catalogue/ea27f35fd38b1024.webp","processed original","0"
"9180502884675","T108019S Lamp","7","https://cdn.shopify.com/s/files/1/0567/1377/3243/files/21835-309f3f04-74c0-4b11-a3fd-7958aed5e4ba.jpg?v=1714999110","/media/catalogue/24c3d4e32759cbda.webp","processed original","0"
"9180502884675","T108019S Lamp","8","https://cdn.shopify.com/s/files/1/0567/1377/3243/files/21835-aa788931-502b-4aba-a30d-a8a25a61826c.jpg?v=1714999110","/media/catalogue/b91f62bfd9e5c065.webp","processed original","0"
"9180502884675","T108019S Lamp","9","https://cdn.shopify.com/s/files/1/0567/1377/3243/files/21835-d229588f-abbe-4e15-8a0a-1b6d38b3fde8.jpg?v=1714999110","/media/catalogue/491cc1bed6d82183.webp","processed original","1750415"
"9180502884675","T108019S Lamp","10","https://cdn.shopify.com/s/files/1/0567/1377/3243/files/21835-1f844593-1b7f-42d9-940b-44b7ec0de629.jpg?v=1714999110","/media/catalogue/80bbbf1c6e871635.webp","processed original","0"
"9182265344323","Reese Accent Chair IM","1","https://cdn.shopify.com/s/files/1/0567/1377/3243/files/ReeseAccentChairMY-9513BY-1421-2LightGrey1.webp?v=1715112685","/media/catalogue/fac36251b2be2a47.webp","processed original","0"
"9182265344323","Reese Accent Chair IM","2","https://cdn.shopify.com/s/files/1/0567/1377/3243/files/ReeseAccentChairMY-9513BY-1421-2LightGrey2.webp?v=1715112686","/media/catalogue/c3519302e5724268.webp","processed original","0"
"9182265344323","Reese Accent Chair IM","3","https://cdn.shopify.com/s/files/1/0567/1377/3243/files/ReeseAccentChairMY-9513BY-1421-2LightGrey3.webp?v=1715112686","/media/catalogue/70a5a2f797a443ea.webp","processed original","0"
"9182265344323","Reese Accent Chair IM","4","https://cdn.shopify.com/s/files/1/0567/1377/3243/files/ReeseAccentChairMY-9513BY-1421-10Rust1.webp?v=1715112685","/media/catalogue/2b157d6e7ccb6699.webp","processed original","0"
"9182265344323","Reese Accent Chair IM","5","https://cdn.shopify.com/s/files/1/0567/1377/3243/files/ReeseAccentChairMY-9513BY-1421-10Rust2.webp?v=1715112686","/media/catalogue/324ba3f274259544.webp","processed original","0"
"9182265344323","Reese Accent Chair IM","6","https://cdn.shopify.com/s/files/1/0567/1377/3243/files/ReeseAccentChairMY-9513BY-1421-10Rust3.webp?v=1715112685","/media/catalogue/adbf65fcb64ae12b.webp","processed original","0"
"9182265344323","Reese Accent Chair IM","7","https://cdn.shopify.com/s/files/1/0567/1377/3243/files/ReeseAccentChairMY-9513BY-1421-15Green1.webp?v=1715112685","/media/catalogue/6cef78794f89b3fc.webp","processed original","0"
"9182265344323","Reese Accent Chair IM","8","https://cdn.shopify.com/s/files/1/0567/1377/3243/files/ReeseAccentChairMY-9513BY-1421-15Green2.webp?v=1715112686","/media/catalogue/be31b22740ee3616.webp","processed original","0"
"9182265344323","Reese Accent Chair IM","9","https://cdn.shopify.com/s/files/1/0567/1377/3243/files/ReeseAccentChairMY-9513BY-1421-15Green3.webp?v=1715112686","/media/catalogue/3297b843252517f7.webp","processed original","0"
"9182311481667","Wendy Boucle Chair IM","1","https://cdn.shopify.com/s/files/1/0567/1377/3243/files/WendyTubChairMY-6297CreamBouclePT1830-01_1.webp?v=1715113486","/media/catalogue/dd607df55043fe02.webp","processed original","0"
"9182311481667","Wendy Boucle Chair IM","2","https://cdn.shopify.com/s/files/1/0567/1377/3243/files/WendyTubChairMY-6297CreamBouclePT1830-01_2.webp?v=1715113486","/media/catalogue/69e699c346a17a05.webp","processed original","0"
"9182311481667","Wendy Boucle Chair IM","3","https://cdn.shopify.com/s/files/1/0567/1377/3243/files/WendyTubChairMY-6297CreamBouclePT1830-01_3.webp?v=1715113486","/media/catalogue/d3a34c2d1b0dc0ea.webp","processed original","0"
"9182311481667","Wendy Boucle Chair IM","4","https://cdn.shopify.com/s/files/1/0567/1377/3243/files/WendyTubChairMY-6297GreyBouclePT1830-05_1.webp?v=1715113486","/media/catalogue/7038b5dcd2b67ec3.webp","processed original","0"
"9182311481667","Wendy Boucle Chair IM","5","https://cdn.shopify.com/s/files/1/0567/1377/3243/files/WendyTubChairMY-6297GreyBouclePT1830-05_2.webp?v=1715113486","/media/catalogue/7e0b890d65ffd427.webp","processed original","0"
"9182311481667","Wendy Boucle Chair IM","6","https://cdn.shopify.com/s/files/1/0567/1377/3243/files/WendyTubChairMY-6297GreyBouclePT1830-05_3.webp?v=1715113486","/media/catalogue/d54c87e0c8948ef4.webp","processed original","0"
"9182345101635","Wendy Velvet Tub Chair IM","1","https://cdn.shopify.com/s/files/1/0567/1377/3243/files/WendyMY-6297DT9843-62Rose1.webp?v=1715113887","/media/catalogue/a02c37d611d10454.webp","processed original","0"
"9182345101635","Wendy Velvet Tub Chair IM","2","https://cdn.shopify.com/s/files/1/0567/1377/3243/files/WendyMY-6297DT9843-62Rose2.webp?v=1715113888","/media/catalogue/5ac94e2dc56a9d86.webp","processed original","0"
"9182345101635","Wendy Velvet Tub Chair IM","3","https://cdn.shopify.com/s/files/1/0567/1377/3243/files/WendyMY-6297DT9843-62Rose3.webp?v=1715113887","/media/catalogue/fcf002abdb941202.webp","processed original","0"
"9182345101635","Wendy Velvet Tub Chair IM","4","https://cdn.shopify.com/s/files/1/0567/1377/3243/files/WendyMY-6297DT9843-75GreenIvy1.webp?v=1715113887","/media/catalogue/794bebf3e5e48fd5.webp","processed original","0"
"9182345101635","Wendy Velvet Tub Chair IM","5","https://cdn.shopify.com/s/files/1/0567/1377/3243/files/WendyMY-6297DT9843-75GreenIvy2.webp?v=1715113887","/media/catalogue/eea9876dbead7855.webp","processed original","0"
"9182345101635","Wendy Velvet Tub Chair IM","6","https://cdn.shopify.com/s/files/1/0567/1377/3243/files/WendyMY-6297DT9843-75GreenIvy3.webp?v=1715113887","/media/catalogue/c6aa1df7fbb0107d.webp","processed original","0"
"9182453891395","Mattia Lift & Rise Chair IM","1","https://cdn.shopify.com/s/files/1/0567/1377/3243/files/MattiaL_R_CH569_-MidGreyB-2032-65CowLeather_Split.webp?v=1715115903","/media/catalogue/1e52993de4fe1ba7.webp","processed original","0"
"9182453891395","Mattia Lift & Rise Chair IM","2","https://cdn.shopify.com/s/files/1/0567/1377/3243/files/MattiaL_R_CH569_-TanB-7065CowLeather_Split.webp?v=1715115903","/media/catalogue/ed2eb6e66fee47f1.webp","processed original","0"
"9183595168067","Blaze Fireside Fabric Chair IM","1","https://cdn.shopify.com/s/files/1/0567/1377/3243/files/Blaze2_1HF-B0202SP0772A-75LightGrey_e96ec8d4-7136-4d6b-82bd-6a0e8609fdf7.webp?v=1715191137","/media/catalogue/57884f12557484a5.webp","processed original","0"
"9183595168067","Blaze Fireside Fabric Chair IM","2","https://cdn.shopify.com/s/files/1/0567/1377/3243/files/BlazeFiresideChairHF-B0202SP0772A-75LightGrey1.webp?v=1715191138","/media/catalogue/6b7ea3311629f542.webp","processed original","0"
"9183595168067","Blaze Fireside Fabric Chair IM","3","https://cdn.shopify.com/s/files/1/0567/1377/3243/files/BlazeFiresideChairHF-B0202SP0772A-75LightGrey2.webp?v=1715191138","/media/catalogue/0a2932169099a510.webp","processed original","0"
"9183595168067","Blaze Fireside Fabric Chair IM","4","https://cdn.shopify.com/s/files/1/0567/1377/3243/files/BlazeFiresideChairHF-B0202SP0772A-75LightGrey3.webp?v=1715191138","/media/catalogue/1a45b3b09f657534.webp","processed original","0"
"9183595168067","Blaze Fireside Fabric Chair IM","5","https://cdn.shopify.com/s/files/1/0567/1377/3243/files/BlazeFiresideloveseatHF-B0202-2SP0772A-75LightGrey1.webp?v=1715191137","/media/catalogue/fa8b75fca798b126.webp","processed original","0"
"9183595168067","Blaze Fireside Fabric Chair IM","6","https://cdn.shopify.com/s/files/1/0567/1377/3243/files/BlazeFiresideloveseatHF-B0202-2SP0772A-75LightGrey2.webp?v=1715191138","/media/catalogue/bf7e526c4f00b9dd.webp","processed original","0"
"9183609553219","Ember Fireside Fabric Chair IM","1","https://cdn.shopify.com/s/files/1/0567/1377/3243/files/Ember2_1HF-B0166SP0772A-78Oatmeal_d43f0649-6cb4-407f-a517-de56f08e3517.webp?v=1715191771","/media/catalogue/69c17b1c870b3f6c.webp","processed original","0"
"9183609553219","Ember Fireside Fabric Chair IM","2","https://cdn.shopify.com/s/files/1/0567/1377/3243/files/EmberFiresideChairHF-B0166-1SP0772A-78Oatmeal1_2e4b6546-1cef-477e-a24e-e7e3e7629eb1.webp?v=1715191771","/media/catalogue/cb499a30e4076b1c.webp","processed original","0"
"9183609553219","Ember Fireside Fabric Chair IM","3","https://cdn.shopify.com/s/files/1/0567/1377/3243/files/EmberFiresideChairHF-B0166-1SP0772A-78Oatmeal2_1_e50ec7bc-1802-4726-8540-7d6b7dbb72c0.webp?v=1715191770","/media/catalogue/33f4361a5b02b053.webp","processed original","0"
"9183609553219","Ember Fireside Fabric Chair IM","4","https://cdn.shopify.com/s/files/1/0567/1377/3243/files/EmberFiresideChairHF-B0166-1SP0772A-78Oatmeal3_43fc328b-35c7-4b98-8184-64a626428bd2.webp?v=1715191770","/media/catalogue/0c30c6b61a7b7959.webp","processed original","0"
"9183609553219","Ember Fireside Fabric Chair IM","5","https://cdn.shopify.com/s/files/1/0567/1377/3243/files/EmberFiresideloveseatHF-B0166SP0772A-78Oatmeal1_8c464f7f-94be-429e-80c7-4f823698cff3.webp?v=1715191770","/media/catalogue/9bf1d23098b36c24.webp","processed original","0"
"9183609553219","Ember Fireside Fabric Chair IM","6","https://cdn.shopify.com/s/files/1/0567/1377/3243/files/EmberFiresideloveseatHF-B0166SP0772A-78Oatmeal2_0aa3c01c-885d-46c0-8c0b-ad88814b9f02.webp?v=1715191771","/media/catalogue/3574babf7baf9e34.webp","processed original","0"
"9409434648899","Waterford Bed Green GIE","1","https://cdn.shopify.com/s/files/1/0567/1377/3243/files/21846-36554033-35f1-4933-9a86-a64e26a818d8.jpg?v=1719584954","/media/catalogue/d43407734122ffe7.webp","processed original","0"
"9409434648899","Waterford Bed Green GIE","2","https://cdn.shopify.com/s/files/1/0567/1377/3243/files/21846-5165cd48-fc54-41d6-b813-289ccc3eb364.jpg?v=1719584954","/media/catalogue/0999c6bb7fe50ec1.webp","processed original","0"
"9409455292739","Waterford Bed Grey GIE","1","https://cdn.shopify.com/s/files/1/0567/1377/3243/files/21853-9146c8ba-72d1-4506-84fc-78d5043d31ac.jpg?v=1719585565","/media/catalogue/287fe739867c896a.webp","processed original","0"
"9409455292739","Waterford Bed Grey GIE","2","https://cdn.shopify.com/s/files/1/0567/1377/3243/files/21853-1847da28-17aa-443c-9160-f19db31132bf.jpg?v=1719585565","/media/catalogue/39b3af79c82652f1.webp","processed original","0"
"9409484521795","Waterford Locker GIE","1","https://cdn.shopify.com/s/files/1/0567/1377/3243/files/21851-c6f13f6c-a75a-451d-8592-45d4c43fa9ca.jpg?v=1719586048","/media/catalogue/23fc49620eaae93f.webp","processed original","1459359"
"9409484521795","Waterford Locker GIE","2","https://cdn.shopify.com/s/files/1/0567/1377/3243/files/21851-e6008fd8-423e-4d30-b08f-e358166021b7.jpg?v=1719586047","/media/catalogue/2f4a9c7dee0d4386.webp","processed original","1371657"
"9409484521795","Waterford Locker GIE","3","https://cdn.shopify.com/s/files/1/0567/1377/3243/files/21851-986e4269-b25e-440c-a53b-f7e033d29805.jpg?v=1719586047","/media/catalogue/0d310f53201c784f.webp","processed original","1238266"
"9409484521795","Waterford Locker GIE","4","https://cdn.shopify.com/s/files/1/0567/1377/3243/files/21846-5165cd48-fc54-41d6-b813-289ccc3eb364_7351b026-8a48-4f83-b92a-e19e20ce72ed.jpg?v=1719586048","/media/catalogue/c18acc2b3a6431e6.webp","processed original","0"
"9409484521795","Waterford Locker GIE","5","https://cdn.shopify.com/s/files/1/0567/1377/3243/files/21846-36554033-35f1-4933-9a86-a64e26a818d8_3c516e71-b191-424a-96d7-c95245f2be89.jpg?v=1719586048","/media/catalogue/1774397fd96c6cb8.webp","processed original","0"
"9409484521795","Waterford Locker GIE","6","https://cdn.shopify.com/s/files/1/0567/1377/3243/files/21853-1847da28-17aa-443c-9160-f19db31132bf_4a5d027e-de6a-4c93-94ff-6cbe7b2fa1b8.jpg?v=1719586048","/media/catalogue/701b2a6ee906cf57.webp","processed original","0"
"9409484521795","Waterford Locker GIE","7","https://cdn.shopify.com/s/files/1/0567/1377/3243/files/21853-9146c8ba-72d1-4506-84fc-78d5043d31ac_e9715846-112a-4aca-a525-a442a4b006e5.jpg?v=1719586048","/media/catalogue/264a5fe8e3e14a69.webp","processed original","0"
"9409496842563","Waterford Blanket Box GIE","1","https://cdn.shopify.com/s/files/1/0567/1377/3243/files/21852-22c07221-28e6-4355-90f2-d4144fc722a6.jpg?v=1719586717","/media/catalogue/3af4535834a561c0.webp","processed original","1520341"
"9409496842563","Waterford Blanket Box GIE","2","https://cdn.shopify.com/s/files/1/0567/1377/3243/files/21852-c74d7e64-09d8-4be8-9c41-a6884641744b.jpg?v=1719586717","/media/catalogue/c6d2541a511b8158.webp","processed original","1401216"
"9409496842563","Waterford Blanket Box GIE","3","https://cdn.shopify.com/s/files/1/0567/1377/3243/files/21852-7c7cb91e-7539-4836-94e0-5f9f5abccc97.jpg?v=1719586717","/media/catalogue/d4a3814dbd16a792.webp","processed original","1449398"
"9409496842563","Waterford Blanket Box GIE","4","https://cdn.shopify.com/s/files/1/0567/1377/3243/files/21853-1847da28-17aa-443c-9160-f19db31132bf_c12b08c4-c293-4761-9c16-40499e15748f.jpg?v=1719586709","/media/catalogue/4380633f3ccc3695.webp","processed original","0"
"9409496842563","Waterford Blanket Box GIE","5","https://cdn.shopify.com/s/files/1/0567/1377/3243/files/21853-9146c8ba-72d1-4506-84fc-78d5043d31ac_ee0270fc-9827-4e6c-95f4-fb7f2fc54b9c.jpg?v=1719586709","/media/catalogue/890db4c3788e3c8d.webp","processed original","0"
"9409496842563","Waterford Blanket Box GIE","6","https://cdn.shopify.com/s/files/1/0567/1377/3243/files/21846-5165cd48-fc54-41d6-b813-289ccc3eb364_c9ba7390-b24f-4a4e-936a-8989c2b86840.jpg?v=1719586710","/media/catalogue/58f41e67cbfadfaf.webp","processed original","0"
"9409496842563","Waterford Blanket Box GIE","7","https://cdn.shopify.com/s/files/1/0567/1377/3243/files/21846-36554033-35f1-4933-9a86-a64e26a818d8_ba0f3273-2897-4931-a086-2da6ad1cb903.jpg?v=1719586710","/media/catalogue/9c038e9451962466.webp","processed original","0"
"9415226687811","Nevada 1 Door 1 Drawer Wardrobe (Grey Gloss/Light Oak Effect Veneer) WH","1","https://cdn.shopify.com/s/files/1/0567/1377/3243/files/NEVADA-1-DOOR-1-DRAWER-WARDROBE-GREY-GLOSSLIGHT-OAK-EFFECT-VENEER-2021-100-101-158-1-scaled.jpg?v=1719918354","/media/catalogue/07f032b91d980f92.webp","processed original","15625"
"9415226687811","Nevada 1 Door 1 Drawer Wardrobe (Grey Gloss/Light Oak Effect Veneer) WH","2","https://cdn.shopify.com/s/files/1/0567/1377/3243/files/NEVADA-1-DOOR-1-DRAWER-WARDROBE-GREY-GLOSSLIGHT-OAK-EFFECT-VENEER-2021-100-101-158-8.jpg?v=1719918354","/media/catalogue/5303fc429b6fb41b.webp","processed original","0"
"9415226687811","Nevada 1 Door 1 Drawer Wardrobe (Grey Gloss/Light Oak Effect Veneer) WH","3","https://cdn.shopify.com/s/files/1/0567/1377/3243/files/NEVADA-1-DOOR-1-DRAWER-WARDROBE-GREY-GLOSSLIGHT-OAK-EFFECT-VENEER-2021-100-101-158-2-scaled.jpg?v=1719918352","/media/catalogue/5900e25da6aeb218.webp","processed original","4985"
"9415226687811","Nevada 1 Door 1 Drawer Wardrobe (Grey Gloss/Light Oak Effect Veneer) WH","4","https://cdn.shopify.com/s/files/1/0567/1377/3243/files/NEVADA-1-DOOR-1-DRAWER-WARDROBE-GREY-GLOSSLIGHT-OAK-EFFECT-VENEER-2021-100-101-158-3-scaled.jpg?v=1719918352","/media/catalogue/b88bf76bc95c6648.webp","processed original","73664"
"9415226687811","Nevada 1 Door 1 Drawer Wardrobe (Grey Gloss/Light Oak Effect Veneer) WH","5","https://cdn.shopify.com/s/files/1/0567/1377/3243/files/NEVADA-1-DOOR-1-DRAWER-WARDROBE-GREY-GLOSSLIGHT-OAK-EFFECT-VENEER-2021-100-101-158-4-scaled.jpg?v=1719918352","/media/catalogue/9104792eba2390d6.webp","processed original","10888"
"9415226687811","Nevada 1 Door 1 Drawer Wardrobe (Grey Gloss/Light Oak Effect Veneer) WH","6","https://cdn.shopify.com/s/files/1/0567/1377/3243/files/NEVADA-1-DOOR-1-DRAWER-WARDROBE-GREY-GLOSSLIGHT-OAK-EFFECT-VENEER-2021-100-101-158-5-scaled.jpg?v=1719918352","/media/catalogue/1fcb479195de1a67.webp","processed original","0"
"9415226687811","Nevada 1 Door 1 Drawer Wardrobe (Grey Gloss/Light Oak Effect Veneer) WH","7","https://cdn.shopify.com/s/files/1/0567/1377/3243/files/NEVADA-1-DOOR-1-DRAWER-WARDROBE-GREY-GLOSSLIGHT-OAK-EFFECT-VENEER-2021-100-101-158-6-scaled.jpg?v=1719918352","/media/catalogue/705ff64f2fcd0e65.webp","processed original","72809"
"9415226687811","Nevada 1 Door 1 Drawer Wardrobe (Grey Gloss/Light Oak Effect Veneer) WH","8","https://cdn.shopify.com/s/files/1/0567/1377/3243/files/NEVADA-1-DOOR-1-DRAWER-WARDROBE-GREY-GLOSSLIGHT-OAK-EFFECT-VENEER-2021-100-101-158-7-scaled.jpg?v=1719918352","/media/catalogue/2de51c05577ce471.webp","processed original","0"
"9415274004803","Nevada 2 Door 1 Drawer Wardrobe (White Gloss) WH","1","https://cdn.shopify.com/s/files/1/0567/1377/3243/files/NEVADA-2-DOOR-1-DRAWER-WARDROBE-WHITE-GLOSS-2019-01-100-101-090.jpg?v=1719920480","/media/catalogue/04a168ae062c8757.webp","processed original","962949"
"9415274004803","Nevada 2 Door 1 Drawer Wardrobe (White Gloss) WH","2","https://cdn.shopify.com/s/files/1/0567/1377/3243/files/NEVADA-2-DOOR-1-DRAWER-WARDROBE-WHITE-GLOSS-2019-02-100-101-090.jpg?v=1719920480","/media/catalogue/ccc829f29079b3d0.webp","processed original","565698"
"9415274004803","Nevada 2 Door 1 Drawer Wardrobe (White Gloss) WH","3","https://cdn.shopify.com/s/files/1/0567/1377/3243/files/NEVADA-2-DOOR-1-DRAWER-WARDROBE-WHITE-GLOSS-2019-03-100-101-090-scaled.jpg?v=1719920480","/media/catalogue/1dbfbdfd05d95c53.webp","processed original","185673"
"9415274004803","Nevada 2 Door 1 Drawer Wardrobe (White Gloss) WH","4","https://cdn.shopify.com/s/files/1/0567/1377/3243/files/NEVADA-2-DOOR-1-DRAWER-WARDROBE-WHITE-GLOSS-2019-04-100-101-090.jpg?v=1719920480","/media/catalogue/9c111d6a00509b56.webp","processed original","645218"
"9415274004803","Nevada 2 Door 1 Drawer Wardrobe (White Gloss) WH","5","https://cdn.shopify.com/s/files/1/0567/1377/3243/files/NEVADA-2-DOOR-1-DRAWER-WARDROBE-WHITE-GLOSS-2019-05-100-101-090.jpg?v=1719920480","/media/catalogue/1a7817781b1371eb.webp","processed original","21896"
"9415274004803","Nevada 2 Door 1 Drawer Wardrobe (White Gloss) WH","6","https://cdn.shopify.com/s/files/1/0567/1377/3243/files/NEVADA-2-DOOR-1-DRAWER-WARDROBE-WHITE-GLOSS-2019-06-100-101-090.jpg?v=1719920480","/media/catalogue/012125a861db2528.webp","processed original","0"
"9415274004803","Nevada 2 Door 1 Drawer Wardrobe (White Gloss) WH","7","https://cdn.shopify.com/s/files/1/0567/1377/3243/files/NEVADA-2-DOOR-1-DRAWER-WARDROBE-WHITE-GLOSS-2019-07-100-101-090.jpg?v=1719920480","/media/catalogue/f6db948e2e49fcae.webp","processed original","278554"
"9415338459459","Nevada 2 Door All Hanging Wardrobe (Grey Gloss/Light Oak Effect Veneer) WH","1","https://cdn.shopify.com/s/files/1/0567/1377/3243/files/NEVADA-2-DOOR-ALL-HANGING-WARDROBE-GREY-GLOSSLIGHT-OAK-EFFECT-VENEER-2023-100-101-191-01-scaled.jpg?v=1719922145","/media/catalogue/cab6a3a5cf666303.webp","processed original","46359"
"9415338459459","Nevada 2 Door All Hanging Wardrobe (Grey Gloss/Light Oak Effect Veneer) WH","2","https://cdn.shopify.com/s/files/1/0567/1377/3243/files/NEVADA-2-DOOR-ALL-HANGING-WARDROBE-GREY-GLOSSLIGHT-OAK-EFFECT-VENEER-2023-100-101-191-02-scaled.jpg?v=1719922144","/media/catalogue/2b9d6d9386064a6a.webp","processed original","4443"
"9415338459459","Nevada 2 Door All Hanging Wardrobe (Grey Gloss/Light Oak Effect Veneer) WH","3","https://cdn.shopify.com/s/files/1/0567/1377/3243/files/NEVADA-2-DOOR-ALL-HANGING-WARDROBE-GREY-GLOSSLIGHT-OAK-EFFECT-VENEER-2023-100-101-191-03-scaled.jpg?v=1719922145","/media/catalogue/0ccffab385f809a3.webp","processed original","53117"
"9415338459459","Nevada 2 Door All Hanging Wardrobe (Grey Gloss/Light Oak Effect Veneer) WH","4","https://cdn.shopify.com/s/files/1/0567/1377/3243/files/NEVADA-2-DOOR-ALL-HANGING-WARDROBE-GREY-GLOSSLIGHT-OAK-EFFECT-VENEER-2023-100-101-191-04-scaled.jpg?v=1719922145","/media/catalogue/b0624a42a21a7567.webp","processed original","0"
"9415338459459","Nevada 2 Door All Hanging Wardrobe (Grey Gloss/Light Oak Effect Veneer) WH","5","https://cdn.shopify.com/s/files/1/0567/1377/3243/files/NEVADA-2-DOOR-ALL-HANGING-WARDROBE-GREY-GLOSSLIGHT-OAK-EFFECT-VENEER-2023-100-101-191-05-scaled.jpg?v=1719922145","/media/catalogue/9ce02453a383b730.webp","processed original","0"
"9415338459459","Nevada 2 Door All Hanging Wardrobe (Grey Gloss/Light Oak Effect Veneer) WH","6","https://cdn.shopify.com/s/files/1/0567/1377/3243/files/NEVADA-2-DOOR-ALL-HANGING-WARDROBE-GREY-GLOSSLIGHT-OAK-EFFECT-VENEER-2023-100-101-191-06-scaled.jpg?v=1719922145","/media/catalogue/34877b554fa92b61.webp","processed original","0"
"9415338459459","Nevada 2 Door All Hanging Wardrobe (Grey Gloss/Light Oak Effect Veneer) WH","7","https://cdn.shopify.com/s/files/1/0567/1377/3243/files/NEVADA-2-DOOR-ALL-HANGING-WARDROBE-GREY-GLOSSLIGHT-OAK-EFFECT-VENEER-2023-100-101-191-07-scaled.jpg?v=1719922145","/media/catalogue/f69f1c771ca32fb4.webp","processed original","0"
"9415407665475","Nevada 2 Door 1 Drawer Wardrobe Bedroom Set (Grey Gloss/Light Oak Effect Veneer) WH","1","https://cdn.shopify.com/s/files/1/0567/1377/3243/files/NEVADA-2-DOOR-1-DRAWER-WARDROBE-BEDROOM-SET-GREY-GLOSSLIGHT-OAK-EFFECT-VENEER-2021-100-108-024-01-scaled.jpg?v=1719923854","/media/catalogue/97ca4997fdc75fe5.webp","processed original","649389"
"9415407665475","Nevada 2 Door 1 Drawer Wardrobe Bedroom Set (Grey Gloss/Light Oak Effect Veneer) WH","2","https://cdn.shopify.com/s/files/1/0567/1377/3243/files/NEVADA-2-DOOR-1-DRAWER-WARDROBE-BEDROOM-SET-GREY-GLOSSLIGHT-OAK-EFFECT-VENEER-2021-100-108-024-02-scaled.jpg?v=1719923854","/media/catalogue/ecd030a038b8b234.webp","processed original","0"
"9417586868547","Nevada 2 Door Corner Wardrobe (White Gloss) WH","1","https://cdn.shopify.com/s/files/1/0567/1377/3243/files/NEVADA-2-DOOR-CORNER-WARDROBE-WHITE-GLOSS-2022-100-101-177-01-scaled.jpg?v=1719956922","/media/catalogue/b0e0ab8ed7bb7eb7.webp","processed original","1492070"
"9417586868547","Nevada 2 Door Corner Wardrobe (White Gloss) WH","2","https://cdn.shopify.com/s/files/1/0567/1377/3243/files/NEVADA-2-DOOR-CORNER-WARDROBE-WHITE-GLOSS-2022-100-101-177-02-scaled.jpg?v=1719956923","/media/catalogue/69c712250982dfc3.webp","processed original","1243886"
"9417586868547","Nevada 2 Door Corner Wardrobe (White Gloss) WH","3","https://cdn.shopify.com/s/files/1/0567/1377/3243/files/NEVADA-2-DOOR-CORNER-WARDROBE-WHITE-GLOSS-2022-100-101-177-03-scaled.jpg?v=1719956923","/media/catalogue/c7e47ae16196dda3.webp","processed original","749406"
"9417586868547","Nevada 2 Door Corner Wardrobe (White Gloss) WH","4","https://cdn.shopify.com/s/files/1/0567/1377/3243/files/NEVADA-2-DOOR-CORNER-WARDROBE-WHITE-GLOSS-2022-100-101-177-06-scaled.jpg?v=1719956923","/media/catalogue/7c9e168ae84fefcb.webp","processed original","92090"
"9417586868547","Nevada 2 Door Corner Wardrobe (White Gloss) WH","5","https://cdn.shopify.com/s/files/1/0567/1377/3243/files/NEVADA-2-DOOR-CORNER-WARDROBE-WHITE-GLOSS-2022-100-101-177-07.jpg?v=1719956923","/media/catalogue/9d03ec3070c022e5.webp","processed original","2141011"
"9417586868547","Nevada 2 Door Corner Wardrobe (White Gloss) WH","6","https://cdn.shopify.com/s/files/1/0567/1377/3243/files/NEVADA-2-DOOR-CORNER-WARDROBE-WHITE-GLOSS-2022-100-101-177-08-scaled.jpg?v=1719956923","/media/catalogue/8c2b88bb3206ec9f.webp","processed original","983974"
"9417586868547","Nevada 2 Door Corner Wardrobe (White Gloss) WH","7","https://cdn.shopify.com/s/files/1/0567/1377/3243/files/NEVADA-2-DOOR-CORNER-WARDROBE-WHITE-GLOSS-2022-100-101-177-05-scaled.jpg?v=1719956923","/media/catalogue/834e2582d00c8cb7.webp","processed original","527883"
"9417586868547","Nevada 2 Door Corner Wardrobe (White Gloss) WH","8","https://cdn.shopify.com/s/files/1/0567/1377/3243/files/NEVADA-2-DOOR-CORNER-WARDROBE-WHITE-GLOSS-2022-100-101-177-04-scaled.jpg?v=1719956922","/media/catalogue/38776b35ebee5605.webp","processed original","1198278"
"9417586868547","Nevada 2 Door Corner Wardrobe (White Gloss) WH","9","https://cdn.shopify.com/s/files/1/0567/1377/3243/files/NEVADA-2-DOOR-CORNER-WARDROBE-WHITE-GLOSS-2022-100-101-177-10-scaled.jpg?v=1719956923","/media/catalogue/b50f461fe472db53.webp","processed original","0"
"9417586868547","Nevada 2 Door Corner Wardrobe (White Gloss) WH","10","https://cdn.shopify.com/s/files/1/0567/1377/3243/files/NEVADA-2-DOOR-CORNER-WARDROBE-WHITE-GLOSS-2022-100-101-177-09-scaled.jpg?v=1719956923","/media/catalogue/585d2bc250223255.webp","processed original","0"
"9426322882883","Nevada 2 Door Corner Wardrobe (Grey Gloss/Light Oak Effect Veneer) WH","1","https://cdn.shopify.com/s/files/1/0567/1377/3243/files/NEVADA-2-DOOR-CORNER-WARDROBE-GREY-GLOSSLIGHT-OAK-EFFECT-VENEER-2023-100-101-178-02-scaled.jpg?v=1720183496","/media/catalogue/9e362a76d1acc71d.webp","processed original","33854"
"9426322882883","Nevada 2 Door Corner Wardrobe (Grey Gloss/Light Oak Effect Veneer) WH","2","https://cdn.shopify.com/s/files/1/0567/1377/3243/files/NEVADA-2-DOOR-CORNER-WARDROBE-GREY-GLOSSLIGHT-OAK-EFFECT-VENEER-2022-100-101-178-0-scaled.jpg?v=1720183496","/media/catalogue/221c9f6c2f0070b4.webp","processed original","120502"
"9426322882883","Nevada 2 Door Corner Wardrobe (Grey Gloss/Light Oak Effect Veneer) WH","3","https://cdn.shopify.com/s/files/1/0567/1377/3243/files/NEVADA-2-DOOR-CORNER-WARDROBE-GREY-GLOSSLIGHT-OAK-EFFECT-VENEER-2023-100-101-178-01-scaled.jpg?v=1720183496","/media/catalogue/c978c0a8dec90b8f.webp","processed original","48435"
"9426322882883","Nevada 2 Door Corner Wardrobe (Grey Gloss/Light Oak Effect Veneer) WH","4","https://cdn.shopify.com/s/files/1/0567/1377/3243/files/NEVADA-2-DOOR-CORNER-WARDROBE-GREY-GLOSSLIGHT-OAK-EFFECT-VENEER-2023-100-101-178-03-scaled.jpg?v=1720183488","/media/catalogue/def2745188d780da.webp","processed original","34948"
"9426322882883","Nevada 2 Door Corner Wardrobe (Grey Gloss/Light Oak Effect Veneer) WH","5","https://cdn.shopify.com/s/files/1/0567/1377/3243/files/NEVADA-2-DOOR-CORNER-WARDROBE-GREY-GLOSSLIGHT-OAK-EFFECT-VENEER-2023-100-101-178-04-scaled.jpg?v=1720183487","/media/catalogue/d51845452150695d.webp","processed original","28010"
"9426322882883","Nevada 2 Door Corner Wardrobe (Grey Gloss/Light Oak Effect Veneer) WH","6","https://cdn.shopify.com/s/files/1/0567/1377/3243/files/NEVADA-2-DOOR-CORNER-WARDROBE-GREY-GLOSSLIGHT-OAK-EFFECT-VENEER-2023-100-101-178-05-scaled.jpg?v=1720183488","/media/catalogue/e7b3ee1e0204bfdd.webp","processed original","72283"
"9426322882883","Nevada 2 Door Corner Wardrobe (Grey Gloss/Light Oak Effect Veneer) WH","7","https://cdn.shopify.com/s/files/1/0567/1377/3243/files/NEVADA-2-DOOR-CORNER-WARDROBE-GREY-GLOSSLIGHT-OAK-EFFECT-VENEER-2023-100-101-178-06-scaled.jpg?v=1720183487","/media/catalogue/da9f3b4271602c07.webp","processed original","86280"
"9426322882883","Nevada 2 Door Corner Wardrobe (Grey Gloss/Light Oak Effect Veneer) WH","8","https://cdn.shopify.com/s/files/1/0567/1377/3243/files/NEVADA-2-DOOR-CORNER-WARDROBE-GREY-GLOSSLIGHT-OAK-EFFECT-VENEER-2023-100-101-178-07-scaled.jpg?v=1720183488","/media/catalogue/1615c42b4880e72b.webp","processed original","0"
"9426552357187","Nevada 3 Door 2 Drawer Mirrored Wardrobe (White Gloss) WH","1","https://cdn.shopify.com/s/files/1/0567/1377/3243/files/NEVADA-3-DOOR-2-DRAWER-WARDROBE-WHITE-GLOSS-2019-01-100-101-089.jpg?v=1720187686","/media/catalogue/9b0c5b238ef052be.webp","processed original","913864"
"9426552357187","Nevada 3 Door 2 Drawer Mirrored Wardrobe (White Gloss) WH","2","https://cdn.shopify.com/s/files/1/0567/1377/3243/files/NEVADA-3-DOOR-2-DRAWER-WARDROBE-WHITE-GLOSS-2019-02-100-101-089.jpg?v=1720187687","/media/catalogue/c21cb70b44ee4a26.webp","processed original","483508"
"9426552357187","Nevada 3 Door 2 Drawer Mirrored Wardrobe (White Gloss) WH","3","https://cdn.shopify.com/s/files/1/0567/1377/3243/files/NEVADA-3-DOOR-2-DRAWER-WARDROBE-WHITE-GLOSS-2019-03-100-101-089-scaled.jpg?v=1720187686","/media/catalogue/64d7c921ed0e2835.webp","processed original","303831"
"9426552357187","Nevada 3 Door 2 Drawer Mirrored Wardrobe (White Gloss) WH","4","https://cdn.shopify.com/s/files/1/0567/1377/3243/files/NEVADA-3-DOOR-2-DRAWER-WARDROBE-WHITE-GLOSS-2019-04-100-101-089.jpg?v=1720187686","/media/catalogue/8cd21881cf831164.webp","processed original","634147"
"9426552357187","Nevada 3 Door 2 Drawer Mirrored Wardrobe (White Gloss) WH","5","https://cdn.shopify.com/s/files/1/0567/1377/3243/files/NEVADA-3-DOOR-2-DRAWER-WARDROBE-WHITE-GLOSS-2019-05-100-101-089.jpg?v=1720187686","/media/catalogue/d880c8701e8d19dd.webp","processed original","33075"
"9426552357187","Nevada 3 Door 2 Drawer Mirrored Wardrobe (White Gloss) WH","6","https://cdn.shopify.com/s/files/1/0567/1377/3243/files/NEVADA-3-DOOR-2-DRAWER-WARDROBE-WHITE-GLOSS-2019-06-100-101-089.jpg?v=1720187687","/media/catalogue/192f027979ecb515.webp","processed original","0"
"9426552357187","Nevada 3 Door 2 Drawer Mirrored Wardrobe (White Gloss) WH","7","https://cdn.shopify.com/s/files/1/0567/1377/3243/files/NEVADA-3-DOOR-2-DRAWER-WARDROBE-WHITE-GLOSS-2019-07-100-101-089.jpg?v=1720187686","/media/catalogue/883683c49afdd5ae.webp","processed original","278554"
"9426557731139","Nevada 3 Door 2 Drawer Mirrored Wardrobe (Grey Gloss/Light Oak Effect Veneer) WH","1","https://cdn.shopify.com/s/files/1/0567/1377/3243/files/NEVADA-3-DOOR-2-DRAWER-WARDROBE-GREY-GLOSSLIGHT-OAK-EFFECT-VENEER-2019-01-100-101-077.jpg?v=1720187881","/media/catalogue/e588d3066ebb31ef.webp","processed original","56164"
"9426557731139","Nevada 3 Door 2 Drawer Mirrored Wardrobe (Grey Gloss/Light Oak Effect Veneer) WH","2","https://cdn.shopify.com/s/files/1/0567/1377/3243/files/NEVADA-3-DOOR-2-DRAWER-WARDROBE-GREY-GLOSSLIGHT-OAK-EFFECT-VENEER-2019-02-100-101-077.jpg?v=1720187881","/media/catalogue/41f9ecbd5aa26ec4.webp","processed original","16842"
"9426557731139","Nevada 3 Door 2 Drawer Mirrored Wardrobe (Grey Gloss/Light Oak Effect Veneer) WH","3","https://cdn.shopify.com/s/files/1/0567/1377/3243/files/NEVADA-3-DOOR-2-DRAWER-WARDROBE-GREY-GLOSSLIGHT-OAK-EFFECT-VENEER-2019-03-100-101-077-scaled.jpg?v=1720187880","/media/catalogue/d9ae28f64fbd3e3f.webp","processed original","62452"
"9426557731139","Nevada 3 Door 2 Drawer Mirrored Wardrobe (Grey Gloss/Light Oak Effect Veneer) WH","4","https://cdn.shopify.com/s/files/1/0567/1377/3243/files/NEVADA-3-DOOR-2-DRAWER-WARDROBE-GREY-GLOSSLIGHT-OAK-EFFECT-VENEER-2019-04-100-101-077.jpg?v=1720187880","/media/catalogue/5e3741a2652184bc.webp","processed original","25157"
"9426557731139","Nevada 3 Door 2 Drawer Mirrored Wardrobe (Grey Gloss/Light Oak Effect Veneer) WH","5","https://cdn.shopify.com/s/files/1/0567/1377/3243/files/NEVADA-3-DOOR-2-DRAWER-WARDROBE-GREY-GLOSSLIGHT-OAK-EFFECT-VENEER-2019-05-100-101-077.jpg?v=1720187881","/media/catalogue/42c1e8cc7c99c6f6.webp","processed original","30907"
"9426557731139","Nevada 3 Door 2 Drawer Mirrored Wardrobe (Grey Gloss/Light Oak Effect Veneer) WH","6","https://cdn.shopify.com/s/files/1/0567/1377/3243/files/NEVADA-3-DOOR-2-DRAWER-WARDROBE-GREY-GLOSSLIGHT-OAK-EFFECT-VENEER-2019-06-100-101-077.jpg?v=1720187881","/media/catalogue/4656e81c9c557544.webp","processed original","0"
"9426557731139","Nevada 3 Door 2 Drawer Mirrored Wardrobe (Grey Gloss/Light Oak Effect Veneer) WH","7","https://cdn.shopify.com/s/files/1/0567/1377/3243/files/NEVADA-3-DOOR-2-DRAWER-WARDROBE-GREY-GLOSSLIGHT-OAK-EFFECT-VENEER-2019-07-100-101-077.jpg?v=1720187881","/media/catalogue/c74eda14c3af8814.webp","processed original","0"
"9448799437123","Nevada 3 Drawer Bedside Grey Gloss/Light Oak Effect Veneer - WH","1","https://cdn.shopify.com/s/files/1/0567/1377/3243/files/NEVADA-3-DRAWER-BEDSIDE-GREY-GLOSSLIGHT-OAK-EFFECT-VENEER-2019-01-100-103-051.jpg?v=1720801802","/media/catalogue/fa276985efa5f759.webp","processed original","193162"
"9448799437123","Nevada 3 Drawer Bedside Grey Gloss/Light Oak Effect Veneer - WH","2","https://cdn.shopify.com/s/files/1/0567/1377/3243/files/NEVADA-3-DRAWER-BEDSIDE-GREY-GLOSSLIGHT-OAK-EFFECT-VENEER-2019-02-100-103-051-scaled.jpg?v=1720801802","/media/catalogue/931fa421f00caa22.webp","processed original","217671"
"9448799437123","Nevada 3 Drawer Bedside Grey Gloss/Light Oak Effect Veneer - WH","3","https://cdn.shopify.com/s/files/1/0567/1377/3243/files/NEVADA-3-DRAWER-BEDSIDE-GREY-GLOSSLIGHT-OAK-EFFECT-VENEER-2019-03-100-103-051.jpg?v=1720801802","/media/catalogue/d6b1ed284cbbab97.webp","processed original","136094"
"9448799437123","Nevada 3 Drawer Bedside Grey Gloss/Light Oak Effect Veneer - WH","4","https://cdn.shopify.com/s/files/1/0567/1377/3243/files/NEVADA-3-DRAWER-BEDSIDE-GREY-GLOSSLIGHT-OAK-EFFECT-VENEER-2019-04-100-103-051.jpg?v=1720801802","/media/catalogue/dac90bf297df81b0.webp","processed original","75741"
"9448799437123","Nevada 3 Drawer Bedside Grey Gloss/Light Oak Effect Veneer - WH","5","https://cdn.shopify.com/s/files/1/0567/1377/3243/files/NEVADA-3-DRAWER-BEDSIDE-GREY-GLOSSLIGHT-OAK-EFFECT-VENEER-2019-05-100-103-051.jpg?v=1720801802","/media/catalogue/0c03f5c40379bf05.webp","processed original","207507"
"9448799437123","Nevada 3 Drawer Bedside Grey Gloss/Light Oak Effect Veneer - WH","6","https://cdn.shopify.com/s/files/1/0567/1377/3243/files/NEVADA-3-DRAWER-BEDSIDE-GREY-GLOSSLIGHT-OAK-EFFECT-VENEER-2019-06-100-103-051.jpg?v=1720801802","/media/catalogue/3f422d2565b9fd95.webp","processed original","0"
"9451250319683","Nevada 3 Drawer Chest (Grey Gloss/Light Oak Effect Veneer) - WH","1","https://cdn.shopify.com/s/files/1/0567/1377/3243/files/NEVADA-3-DRAWER-CHEST-GREY-GLOSSLIGHT-OAK-EFFECT-VENEER-2019-01-100-102-091.jpg?v=1720874846","/media/catalogue/0f4a21e0a23d385f.webp","processed original","188889"
"9451250319683","Nevada 3 Drawer Chest (Grey Gloss/Light Oak Effect Veneer) - WH","2","https://cdn.shopify.com/s/files/1/0567/1377/3243/files/NEVADA-3-DRAWER-CHEST-GREY-GLOSSLIGHT-OAK-EFFECT-VENEER-2019-02-100-102-091-scaled.jpg?v=1720874845","/media/catalogue/bf3bebebb16b643c.webp","processed original","186882"
"9451250319683","Nevada 3 Drawer Chest (Grey Gloss/Light Oak Effect Veneer) - WH","3","https://cdn.shopify.com/s/files/1/0567/1377/3243/files/NEVADA-3-DRAWER-CHEST-GREY-GLOSSLIGHT-OAK-EFFECT-VENEER-2019-03-100-102-091.jpg?v=1720874846","/media/catalogue/8ab8bed6d3d60c69.webp","processed original","107848"
"9451250319683","Nevada 3 Drawer Chest (Grey Gloss/Light Oak Effect Veneer) - WH","4","https://cdn.shopify.com/s/files/1/0567/1377/3243/files/NEVADA-3-DRAWER-CHEST-GREY-GLOSSLIGHT-OAK-EFFECT-VENEER-2019-04-100-102-091.jpg?v=1720874846","/media/catalogue/5f9cd35d59adcd08.webp","processed original","68431"
"9451250319683","Nevada 3 Drawer Chest (Grey Gloss/Light Oak Effect Veneer) - WH","5","https://cdn.shopify.com/s/files/1/0567/1377/3243/files/NEVADA-3-DRAWER-CHEST-GREY-GLOSSLIGHT-OAK-EFFECT-VENEER-2019-05-100-102-091.jpg?v=1720874845","/media/catalogue/106ddcd7428d7dc7.webp","processed original","192301"
"9451250319683","Nevada 3 Drawer Chest (Grey Gloss/Light Oak Effect Veneer) - WH","6","https://cdn.shopify.com/s/files/1/0567/1377/3243/files/NEVADA-3-DRAWER-CHEST-GREY-GLOSSLIGHT-OAK-EFFECT-VENEER-2019-06-100-102-091.jpg?v=1720874846","/media/catalogue/7418a6b016070369.webp","processed original","0"
"9451250319683","Nevada 3 Drawer Chest (Grey Gloss/Light Oak Effect Veneer) - WH","7","https://cdn.shopify.com/s/files/1/0567/1377/3243/files/NEVADA-3-DRAWER-CHEST-GREY-GLOSSLIGHT-OAK-EFFECT-VENEER-2019-07-100-102-091.jpg?v=1720874846","/media/catalogue/a10cc3d1c980da08.webp","processed original","0"
"9451261460803","Nevada 3+2 Drawer Chest (Grey Gloss/Light Oak Effect Veneer) - WH","1","https://cdn.shopify.com/s/files/1/0567/1377/3243/files/NEVADA-32-DRAWER-CHEST-GREY-GLOSSLIGHT-OAK-EFFECT-VENEER-2019-01-100-102-089.jpg?v=1720875621","/media/catalogue/9d082ca47aca6d24.webp","processed original","143037"
"9451261460803","Nevada 3+2 Drawer Chest (Grey Gloss/Light Oak Effect Veneer) - WH","2","https://cdn.shopify.com/s/files/1/0567/1377/3243/files/NEVADA-32-DRAWER-CHEST-GREY-GLOSSLIGHT-OAK-EFFECT-VENEER-2019-02-100-102-089-scaled.jpg?v=1720875620","/media/catalogue/87be8006203f5562.webp","processed original","189271"
"9451261460803","Nevada 3+2 Drawer Chest (Grey Gloss/Light Oak Effect Veneer) - WH","3","https://cdn.shopify.com/s/files/1/0567/1377/3243/files/NEVADA-32-DRAWER-CHEST-GREY-GLOSSLIGHT-OAK-EFFECT-VENEER-2019-03-100-102-089.jpg?v=1720875620","/media/catalogue/a630883630a76e0f.webp","processed original","80934"
"9451261460803","Nevada 3+2 Drawer Chest (Grey Gloss/Light Oak Effect Veneer) - WH","4","https://cdn.shopify.com/s/files/1/0567/1377/3243/files/NEVADA-32-DRAWER-CHEST-GREY-GLOSSLIGHT-OAK-EFFECT-VENEER-2019-04-100-102-089.jpg?v=1720875620","/media/catalogue/5f3e95838b9c760d.webp","processed original","45637"
"9451261460803","Nevada 3+2 Drawer Chest (Grey Gloss/Light Oak Effect Veneer) - WH","5","https://cdn.shopify.com/s/files/1/0567/1377/3243/files/NEVADA-32-DRAWER-CHEST-GREY-GLOSSLIGHT-OAK-EFFECT-VENEER-2019-05-100-102-089.jpg?v=1720875620","/media/catalogue/8395ec74eefa2b73.webp","processed original","114784"
"9451261460803","Nevada 3+2 Drawer Chest (Grey Gloss/Light Oak Effect Veneer) - WH","6","https://cdn.shopify.com/s/files/1/0567/1377/3243/files/NEVADA-32-DRAWER-CHEST-GREY-GLOSSLIGHT-OAK-EFFECT-VENEER-2019-06-100-102-089.jpg?v=1720875620","/media/catalogue/26105a1c5b533d75.webp","processed original","0"
"9451261460803","Nevada 3+2 Drawer Chest (Grey Gloss/Light Oak Effect Veneer) - WH","7","https://cdn.shopify.com/s/files/1/0567/1377/3243/files/NEVADA-32-DRAWER-CHEST-GREY-GLOSSLIGHT-OAK-EFFECT-VENEER-2019-07-100-102-089.jpg?v=1720875620","/media/catalogue/b590b6a99ccb9523.webp","processed original","0"
"9451307958595","Nevada 3+2 Drawer Chest (White Gloss) - WH","1","https://cdn.shopify.com/s/files/1/0567/1377/3243/files/NEVADA-32-DRAWER-CHEST-WHITE-GLOSS-2019-01-100-102-106.jpg?v=1720877083","/media/catalogue/0f5a132069d3fddf.webp","processed original","1385690"
"9451307958595","Nevada 3+2 Drawer Chest (White Gloss) - WH","2","https://cdn.shopify.com/s/files/1/0567/1377/3243/files/NEVADA-32-DRAWER-CHEST-WHITE-GLOSS-2019-02-100-102-106-scaled.jpg?v=1720877082","/media/catalogue/1094be407c784388.webp","processed original","1354141"
"9451307958595","Nevada 3+2 Drawer Chest (White Gloss) - WH","3","https://cdn.shopify.com/s/files/1/0567/1377/3243/files/NEVADA-32-DRAWER-CHEST-WHITE-GLOSS-2019-03-100-102-106.jpg?v=1720877083","/media/catalogue/ff7fa76ea5675ba0.webp","processed original","1383510"
"9451307958595","Nevada 3+2 Drawer Chest (White Gloss) - WH","4","https://cdn.shopify.com/s/files/1/0567/1377/3243/files/NEVADA-32-DRAWER-CHEST-WHITE-GLOSS-2019-04-100-102-106.jpg?v=1720877083","/media/catalogue/1ea92f356a61855a.webp","processed original","885806"
"9451307958595","Nevada 3+2 Drawer Chest (White Gloss) - WH","5","https://cdn.shopify.com/s/files/1/0567/1377/3243/files/NEVADA-32-DRAWER-CHEST-WHITE-GLOSS-2019-05-100-102-106.jpg?v=1720877083","/media/catalogue/b1da26a62c01b4ba.webp","processed original","124077"
"9451307958595","Nevada 3+2 Drawer Chest (White Gloss) - WH","6","https://cdn.shopify.com/s/files/1/0567/1377/3243/files/NEVADA-32-DRAWER-CHEST-WHITE-GLOSS-2019-06-100-102-106.jpg?v=1720877083","/media/catalogue/c5b268c644bd9011.webp","processed original","0"
"9451307958595","Nevada 3+2 Drawer Chest (White Gloss) - WH","7","https://cdn.shopify.com/s/files/1/0567/1377/3243/files/NEVADA-32-DRAWER-CHEST-WHITE-GLOSS-2019-07-100-102-106.jpg?v=1720877083","/media/catalogue/20ea91371a234ab3.webp","processed original","278550"
"9451336139075","Nevada 4 Door 2 Drawer Mirrored Wardrobe (White Gloss) WH","1","https://cdn.shopify.com/s/files/1/0567/1377/3243/files/NEVADA-4-DOOR-2-DRAWER-WARDROBE-WHITE-GLOSS-2019-01-100-101-088.jpg?v=1720877915","/media/catalogue/e0359e389e059510.webp","processed original","915242"
"9451336139075","Nevada 4 Door 2 Drawer Mirrored Wardrobe (White Gloss) WH","2","https://cdn.shopify.com/s/files/1/0567/1377/3243/files/NEVADA-4-DOOR-2-DRAWER-WARDROBE-WHITE-GLOSS-2019-02-100-101-088.jpg?v=1720877915","/media/catalogue/8b3fc36583ae5227.webp","processed original","949422"
"9451336139075","Nevada 4 Door 2 Drawer Mirrored Wardrobe (White Gloss) WH","3","https://cdn.shopify.com/s/files/1/0567/1377/3243/files/NEVADA-4-DOOR-2-DRAWER-WARDROBE-WHITE-GLOSS-2019-03-100-101-088-scaled.jpg?v=1720877915","/media/catalogue/89512b9e21848dde.webp","processed original","184916"
"9451336139075","Nevada 4 Door 2 Drawer Mirrored Wardrobe (White Gloss) WH","4","https://cdn.shopify.com/s/files/1/0567/1377/3243/files/NEVADA-4-DOOR-2-DRAWER-WARDROBE-WHITE-GLOSS-2019-04-100-101-088.jpg?v=1720877914","/media/catalogue/59707165c7ea525d.webp","processed original","635598"
"9451336139075","Nevada 4 Door 2 Drawer Mirrored Wardrobe (White Gloss) WH","5","https://cdn.shopify.com/s/files/1/0567/1377/3243/files/NEVADA-4-DOOR-2-DRAWER-WARDROBE-WHITE-GLOSS-2019-05-100-101-088.jpg?v=1720877915","/media/catalogue/03af18dc647bb8c6.webp","processed original","36723"
"9451336139075","Nevada 4 Door 2 Drawer Mirrored Wardrobe (White Gloss) WH","6","https://cdn.shopify.com/s/files/1/0567/1377/3243/files/NEVADA-4-DOOR-2-DRAWER-WARDROBE-WHITE-GLOSS-2019-06-100-101-088.jpg?v=1720877915","/media/catalogue/932685bd3408d624.webp","processed original","1358832"
"9451336139075","Nevada 4 Door 2 Drawer Mirrored Wardrobe (White Gloss) WH","7","https://cdn.shopify.com/s/files/1/0567/1377/3243/files/NEVADA-4-DOOR-2-DRAWER-WARDROBE-WHITE-GLOSS-2019-07-100-101-088.jpg?v=1720877915","/media/catalogue/d9c5ede91f0f9bff.webp","processed original","278554"
"9451336139075","Nevada 4 Door 2 Drawer Mirrored Wardrobe (White Gloss) WH","8","https://cdn.shopify.com/s/files/1/0567/1377/3243/files/NEVADA-BEDROOM-WHITE-100-101-089-100-102-108-100-102-106-100-101-088-100-105-017-100-103-059-100-103-058.jpg?v=1720877915","/media/catalogue/80d75c8eaa35fb76.webp","processed original","0"
"9451448074563","Nevada 4 Door 2 Drawer Mirrored Wardrobe (Grey Gloss/Light Oak Effect Veneer) WH","1","https://cdn.shopify.com/s/files/1/0567/1377/3243/files/NEVADA-4-DOOR-2-DRAWER-WARDROBE-GREY-GLOSSLIGHT-OAK-EFFECT-VENEER-2019-01-100-101-075.jpg?v=1720879087","/media/catalogue/dc093de28e0b158c.webp","processed original","70292"
"9451448074563","Nevada 4 Door 2 Drawer Mirrored Wardrobe (Grey Gloss/Light Oak Effect Veneer) WH","2","https://cdn.shopify.com/s/files/1/0567/1377/3243/files/NEVADA-4-DOOR-2-DRAWER-WARDROBE-GREY-GLOSSLIGHT-OAK-EFFECT-VENEER-2019-02-100-101-075.jpg?v=1720879087","/media/catalogue/3da322917c5374df.webp","processed original","11965"
"9451448074563","Nevada 4 Door 2 Drawer Mirrored Wardrobe (Grey Gloss/Light Oak Effect Veneer) WH","3","https://cdn.shopify.com/s/files/1/0567/1377/3243/files/NEVADA-4-DOOR-2-DRAWER-WARDROBE-GREY-GLOSSLIGHT-OAK-EFFECT-VENEER-2019-03-100-101-075-scaled.jpg?v=1720879086","/media/catalogue/00c88eea834a9185.webp","processed original","60921"
"9451448074563","Nevada 4 Door 2 Drawer Mirrored Wardrobe (Grey Gloss/Light Oak Effect Veneer) WH","4","https://cdn.shopify.com/s/files/1/0567/1377/3243/files/NEVADA-4-DOOR-2-DRAWER-WARDROBE-GREY-GLOSSLIGHT-OAK-EFFECT-VENEER-2019-04-100-101-075.jpg?v=1720879087","/media/catalogue/81ced528a6e6c444.webp","processed original","22567"
"9451448074563","Nevada 4 Door 2 Drawer Mirrored Wardrobe (Grey Gloss/Light Oak Effect Veneer) WH","5","https://cdn.shopify.com/s/files/1/0567/1377/3243/files/NEVADA-4-DOOR-2-DRAWER-WARDROBE-GREY-GLOSSLIGHT-OAK-EFFECT-VENEER-2019-05-100-101-075.jpg?v=1720879087","/media/catalogue/ecdb53b65fabbb8a.webp","processed original","45323"
"9451448074563","Nevada 4 Door 2 Drawer Mirrored Wardrobe (Grey Gloss/Light Oak Effect Veneer) WH","6","https://cdn.shopify.com/s/files/1/0567/1377/3243/files/NEVADA-4-DOOR-2-DRAWER-WARDROBE-GREY-GLOSSLIGHT-OAK-EFFECT-VENEER-2019-06-100-101-075.jpg?v=1720879087","/media/catalogue/169a7f2c57d8e455.webp","processed original","0"
"9451448074563","Nevada 4 Door 2 Drawer Mirrored Wardrobe (Grey Gloss/Light Oak Effect Veneer) WH","7","https://cdn.shopify.com/s/files/1/0567/1377/3243/files/NEVADA-4-DOOR-2-DRAWER-WARDROBE-GREY-GLOSSLIGHT-OAK-EFFECT-VENEER-2019-07-100-101-075.jpg?v=1720879087","/media/catalogue/4de94320f6598ff5.webp","processed original","0"
"9451448074563","Nevada 4 Door 2 Drawer Mirrored Wardrobe (Grey Gloss/Light Oak Effect Veneer) WH","8","https://cdn.shopify.com/s/files/1/0567/1377/3243/files/NEVADA-4-DOOR-2-DRAWER-WARDROBE-GREY-GLOSSLIGHT-OAK-EFFECT-VENEER-2019-08-100-101-075.jpg?v=1720879086","/media/catalogue/13e2c2200ef4e59b.webp","processed original","0"
"9451473862979","Nevada 4 Drawer Dressing Table Set (Grey Gloss/Light Oak Effect Veneer) WH","1","https://cdn.shopify.com/s/files/1/0567/1377/3243/files/NEVADA-DRESSING-TABLE-SET-GREY-GLOSSLIGHT-OAK-EFFECT-VENEER-2019-01-100-105-016.jpg?v=1720880282","/media/catalogue/41f454fe31e514fe.webp","processed original","730177"
"9451473862979","Nevada 4 Drawer Dressing Table Set (Grey Gloss/Light Oak Effect Veneer) WH","2","https://cdn.shopify.com/s/files/1/0567/1377/3243/files/NEVADA-DRESSING-TABLE-SET-GREY-GLOSSLIGHT-OAK-EFFECT-VENEER-2019-02-100-105-016-scaled.jpg?v=1720880281","/media/catalogue/1d2e08b5b60df398.webp","processed original","706028"
"9451473862979","Nevada 4 Drawer Dressing Table Set (Grey Gloss/Light Oak Effect Veneer) WH","3","https://cdn.shopify.com/s/files/1/0567/1377/3243/files/NEVADA-2-DOOR-SLIDER-WARDROBE-GREY-GLOSS-2022-100-101-167-100-105-016-08-scaled_06c3c538-9b8b-4189-a347-d9c11f7a2319.jpg?v=1720880281","/media/catalogue/14f0616b28252b85.webp","processed original","0"
"9451473862979","Nevada 4 Drawer Dressing Table Set (Grey Gloss/Light Oak Effect Veneer) WH","4","https://cdn.shopify.com/s/files/1/0567/1377/3243/files/NEVADA-3-DOOR-SLIDER-WARDROBE-GREY-GLOSS-2022-100-101-165-100-105-016-11-scaled_bde0fbbb-21fb-4806-a3aa-3e2422141256.jpg?v=1720880281","/media/catalogue/f488ceea388026dc.webp","processed original","0"
"9451473862979","Nevada 4 Drawer Dressing Table Set (Grey Gloss/Light Oak Effect Veneer) WH","5","https://cdn.shopify.com/s/files/1/0567/1377/3243/files/NEVADA-DRESSING-TABLE-SET-GREY-GLOSSLIGHT-OAK-EFFECT-VENEER-2019-03-100-105-016.jpg?v=1720880282","/media/catalogue/c7e21abe9e69f43b.webp","processed original","661144"
"9451473862979","Nevada 4 Drawer Dressing Table Set (Grey Gloss/Light Oak Effect Veneer) WH","6","https://cdn.shopify.com/s/files/1/0567/1377/3243/files/NEVADA-DRESSING-TABLE-SET-GREY-GLOSSLIGHT-OAK-EFFECT-VENEER-2019-04-100-105-016.jpg?v=1720880281","/media/catalogue/13be38f6dd4c2f95.webp","processed original","843406"
"9451473862979","Nevada 4 Drawer Dressing Table Set (Grey Gloss/Light Oak Effect Veneer) WH","7","https://cdn.shopify.com/s/files/1/0567/1377/3243/files/NEVADA-DRESSING-TABLE-SET-GREY-GLOSSLIGHT-OAK-EFFECT-VENEER-2019-05-100-105-016.jpg?v=1720880281","/media/catalogue/7b0fafac0d6a6f18.webp","processed original","645906"
"9451473862979","Nevada 4 Drawer Dressing Table Set (Grey Gloss/Light Oak Effect Veneer) WH","8","https://cdn.shopify.com/s/files/1/0567/1377/3243/files/NEVADA-DRESSING-TABLE-SET-GREY-GLOSSLIGHT-OAK-EFFECT-VENEER-2019-06-100-105-016.jpg?v=1720880281","/media/catalogue/e8ab37d0ad4688fd.webp","processed original","0"
"9451473862979","Nevada 4 Drawer Dressing Table Set (Grey Gloss/Light Oak Effect Veneer) WH","9","https://cdn.shopify.com/s/files/1/0567/1377/3243/files/NEVADA-DRESSING-TABLE-SET-GREY-GLOSSLIGHT-OAK-EFFECT-VENEER-2019-07-100-105-016.jpg?v=1720880281","/media/catalogue/50b7d693c54c8dc3.webp","processed original","0"
"9451473862979","Nevada 4 Drawer Dressing Table Set (Grey Gloss/Light Oak Effect Veneer) WH","10","https://cdn.shopify.com/s/files/1/0567/1377/3243/files/NEVADA-DRESSING-TABLE-SET-GREY-GLOSSLIGHT-OAK-EFFECT-VENEER-2019-08-100-105-016.jpg?v=1720880281","/media/catalogue/a4adea11a41421c0.webp","processed original","0"
"9451478974787","Nevada 4 Drawer Dressing Table Set (White Gloss) WH","1","https://cdn.shopify.com/s/files/1/0567/1377/3243/files/NEVADA-DRESSING-TABLE-SET-WHITE-GLOSS-02-100-105-017-scaled.jpg?v=1720880492","/media/catalogue/0d75e19c57a12197.webp","processed original","1204992"
"9451478974787","Nevada 4 Drawer Dressing Table Set (White Gloss) WH","2","https://cdn.shopify.com/s/files/1/0567/1377/3243/files/NEVADA-DRESSING-TABLE-SET-WHITE-GLOSS-2019-01-100-105-017.jpg?v=1720880492","/media/catalogue/0ae9735083b7809f.webp","processed original","1492133"
"9451478974787","Nevada 4 Drawer Dressing Table Set (White Gloss) WH","3","https://cdn.shopify.com/s/files/1/0567/1377/3243/files/NEVADA-2-DOOR-SLIDER-WARDROBE-WHITE-GLOSS-2022-100-101-166-100-105-017-08-scaled_eb1cf2a5-073f-4018-ae8c-9b9dbd1abfd0.jpg?v=1720880492","/media/catalogue/16e22cac86fcd636.webp","processed original","0"
"9451478974787","Nevada 4 Drawer Dressing Table Set (White Gloss) WH","4","https://cdn.shopify.com/s/files/1/0567/1377/3243/files/NEVADA-BEDROOM-WHITE-100-101-089-100-102-108-100-102-106-100-101-088-100-105-017-100-103-059-100-103-058-2-scaled.jpg?v=1720880492","/media/catalogue/8a536064ac82b1ef.webp","processed original","0"
"9451478974787","Nevada 4 Drawer Dressing Table Set (White Gloss) WH","5","https://cdn.shopify.com/s/files/1/0567/1377/3243/files/NEVADA-DRESSING-TABLE-SET-WHITE-GLOSS-2019-02-100-105-017-scaled.jpg?v=1720880492","/media/catalogue/ad0f05880e9a11fa.webp","processed original","1359056"
"9451478974787","Nevada 4 Drawer Dressing Table Set (White Gloss) WH","6","https://cdn.shopify.com/s/files/1/0567/1377/3243/files/NEVADA-DRESSING-TABLE-SET-WHITE-GLOSS-2019-03-100-105-017.jpg?v=1720880492","/media/catalogue/bf9954842d3664d1.webp","processed original","1367358"
"9451478974787","Nevada 4 Drawer Dressing Table Set (White Gloss) WH","7","https://cdn.shopify.com/s/files/1/0567/1377/3243/files/NEVADA-DRESSING-TABLE-SET-WHITE-GLOSS-2019-04-100-105-017.jpg?v=1720880492","/media/catalogue/b379ea0afff037c5.webp","processed original","1491905"
"9451478974787","Nevada 4 Drawer Dressing Table Set (White Gloss) WH","8","https://cdn.shopify.com/s/files/1/0567/1377/3243/files/NEVADA-DRESSING-TABLE-SET-WHITE-GLOSS-2019-05-100-105-017.jpg?v=1720880493","/media/catalogue/1fccd76ca7c4910b.webp","processed original","939942"
"9451478974787","Nevada 4 Drawer Dressing Table Set (White Gloss) WH","9","https://cdn.shopify.com/s/files/1/0567/1377/3243/files/NEVADA-DRESSING-TABLE-SET-WHITE-GLOSS-2019-06-100-105-017.jpg?v=1720880493","/media/catalogue/d84edb0017a0186d.webp","processed original","0"
"9451478974787","Nevada 4 Drawer Dressing Table Set (White Gloss) WH","10","https://cdn.shopify.com/s/files/1/0567/1377/3243/files/NEVADA-DRESSING-TABLE-SET-WHITE-GLOSS-2019-07-100-105-017.jpg?v=1720880492","/media/catalogue/d3cc6e92f14d2a91.webp","processed original","0"
"9451478974787","Nevada 4 Drawer Dressing Table Set (White Gloss) WH","11","https://cdn.shopify.com/s/files/1/0567/1377/3243/files/NEVADA-DRESSING-TABLE-SET-WHITE-GLOSS-2019-08-100-105-017.jpg?v=1720880492","/media/catalogue/9fd7d5340d589e5f.webp","processed original","0"
"9473698496835","Nevada 5 Drawer Low Wardrobe (White Gloss) WH","1","https://cdn.shopify.com/s/files/1/0567/1377/3243/files/NEVADA-5-DRAWER-LOW-WARDROBE-WHITE-GLOSS-2020-01-100-101-105-scaled.jpg?v=1721909720","/media/catalogue/fe811cacc5f2b3ee.webp","processed original","337634"
"9473698496835","Nevada 5 Drawer Low Wardrobe (White Gloss) WH","2","https://cdn.shopify.com/s/files/1/0567/1377/3243/files/NEVADA-5-DRAWER-LOW-WARDROBE-WHITE-GLOSS-2020-02-100-101-105-scaled.jpg?v=1721909720","/media/catalogue/e48fb0b8ee710d97.webp","processed original","155302"
"9473698496835","Nevada 5 Drawer Low Wardrobe (White Gloss) WH","3","https://cdn.shopify.com/s/files/1/0567/1377/3243/files/NEVADA-5-DRAWER-LOW-WARDROBE-WHITE-GLOSS-2020-03-100-101-105-scaled.jpg?v=1721909720","/media/catalogue/b70c7864e08993b5.webp","processed original","1056331"
"9473698496835","Nevada 5 Drawer Low Wardrobe (White Gloss) WH","4","https://cdn.shopify.com/s/files/1/0567/1377/3243/files/NEVADA-5-DRAWER-LOW-WARDROBE-WHITE-GLOSS-2020-04-100-101-105-scaled.jpg?v=1721909720","/media/catalogue/1c622e33f2e1ae0f.webp","processed original","877075"
"9473698496835","Nevada 5 Drawer Low Wardrobe (White Gloss) WH","5","https://cdn.shopify.com/s/files/1/0567/1377/3243/files/NEVADA-5-DRAWER-LOW-WARDROBE-WHITE-GLOSS-2020-05-100-101-105-scaled.jpg?v=1721909721","/media/catalogue/00de6af6832433d6.webp","processed original","166730"
"9473698496835","Nevada 5 Drawer Low Wardrobe (White Gloss) WH","6","https://cdn.shopify.com/s/files/1/0567/1377/3243/files/NEVADA-5-DRAWER-LOW-WARDROBE-WHITE-GLOSS-2020-06-100-101-105-scaled.jpg?v=1721909720","/media/catalogue/a1c3d061efccd7bd.webp","processed original","0"
"9473698496835","Nevada 5 Drawer Low Wardrobe (White Gloss) WH","7","https://cdn.shopify.com/s/files/1/0567/1377/3243/files/NEVADA-5-DRAWER-LOW-WARDROBE-WHITE-GLOSS-2020-07-100-101-105.jpg?v=1721909721","/media/catalogue/b0cda60ca28861f7.webp","processed original","278554"
"9473725759811","Nevada 5 Drawer Low Wardrobe (Grey Gloss/Light Oak Effect Veneer) WH","1","https://cdn.shopify.com/s/files/1/0567/1377/3243/files/NEVADA-5-DRAWER-LOW-WARDROBE-GREY-GLOSSLIGHT-OAK-EFFECT-VENEER-2020-01-100-101-103-scaled.jpg?v=1721911252","/media/catalogue/debdd977f5f79fc5.webp","processed original","181138"
"9473725759811","Nevada 5 Drawer Low Wardrobe (Grey Gloss/Light Oak Effect Veneer) WH","2","https://cdn.shopify.com/s/files/1/0567/1377/3243/files/NEVADA-5-DRAWER-LOW-WARDROBE-GREY-GLOSSLIGHT-OAK-EFFECT-VENEER-2020-02-100-101-103-scaled.jpg?v=1721911252","/media/catalogue/893094dc5636ad91.webp","processed original","138076"
"9473725759811","Nevada 5 Drawer Low Wardrobe (Grey Gloss/Light Oak Effect Veneer) WH","3","https://cdn.shopify.com/s/files/1/0567/1377/3243/files/NEVADA-5-DRAWER-LOW-WARDROBE-GREY-GLOSSLIGHT-OAK-EFFECT-VENEER-2020-03-100-101-103-scaled.jpg?v=1721911252","/media/catalogue/1e0c5b5b4124c9a8.webp","processed original","98771"
"9473725759811","Nevada 5 Drawer Low Wardrobe (Grey Gloss/Light Oak Effect Veneer) WH","4","https://cdn.shopify.com/s/files/1/0567/1377/3243/files/NEVADA-5-DRAWER-LOW-WARDROBE-GREY-GLOSSLIGHT-OAK-EFFECT-VENEER-2020-04-100-101-103-scaled.jpg?v=1721911252","/media/catalogue/880736c7b3d49159.webp","processed original","44248"
"9473725759811","Nevada 5 Drawer Low Wardrobe (Grey Gloss/Light Oak Effect Veneer) WH","5","https://cdn.shopify.com/s/files/1/0567/1377/3243/files/NEVADA-5-DRAWER-LOW-WARDROBE-GREY-GLOSSLIGHT-OAK-EFFECT-VENEER-2020-05-100-101-103-scaled.jpg?v=1721911252","/media/catalogue/db731be4f2cc1b2a.webp","processed original","167719"
"9473725759811","Nevada 5 Drawer Low Wardrobe (Grey Gloss/Light Oak Effect Veneer) WH","6","https://cdn.shopify.com/s/files/1/0567/1377/3243/files/NEVADA-5-DRAWER-LOW-WARDROBE-GREY-GLOSSLIGHT-OAK-EFFECT-VENEER-2020-06-100-101-103-scaled.jpg?v=1721911252","/media/catalogue/35aad0cc8268f52a.webp","processed original","0"
"9473725759811","Nevada 5 Drawer Low Wardrobe (Grey Gloss/Light Oak Effect Veneer) WH","7","https://cdn.shopify.com/s/files/1/0567/1377/3243/files/NEVADA-5-DRAWER-LOW-WARDROBE-GREY-GLOSSLIGHT-OAK-EFFECT-VENEER-2020-07-100-101-103.jpg?v=1721911252","/media/catalogue/55939bfba80e4931.webp","processed original","0"
"9473735131459","Nevada 5 Drawer Narrow Chest (Grey Gloss/Light Oak Effect Veneer) WH","1","https://cdn.shopify.com/s/files/1/0567/1377/3243/files/NEVADA-5-DRAWER-NARROW-CHEST-GREY-GLOSSLIGHT-OAK-EFFECT-VENEER-2019-01-100-102-093.jpg?v=1721913026","/media/catalogue/280f56065fcbc869.webp","processed original","141743"
"9473735131459","Nevada 5 Drawer Narrow Chest (Grey Gloss/Light Oak Effect Veneer) WH","2","https://cdn.shopify.com/s/files/1/0567/1377/3243/files/NEVADA-5-DRAWER-NARROW-CHEST-GREY-GLOSSLIGHT-OAK-EFFECT-VENEER-2019-02-100-102-093-1-scaled.jpg?v=1721913025","/media/catalogue/a523edd182c8d674.webp","processed original","207631"
"9473735131459","Nevada 5 Drawer Narrow Chest (Grey Gloss/Light Oak Effect Veneer) WH","3","https://cdn.shopify.com/s/files/1/0567/1377/3243/files/NEVADA-5-DRAWER-NARROW-CHEST-GREY-GLOSSLIGHT-OAK-EFFECT-VENEER-2019-03-100-102-093.jpg?v=1721913026","/media/catalogue/afeda078c1b8ee69.webp","processed original","84783"
"9473735131459","Nevada 5 Drawer Narrow Chest (Grey Gloss/Light Oak Effect Veneer) WH","4","https://cdn.shopify.com/s/files/1/0567/1377/3243/files/NEVADA-5-DRAWER-NARROW-CHEST-GREY-GLOSSLIGHT-OAK-EFFECT-VENEER-2019-04-100-102-093.jpg?v=1721913026","/media/catalogue/7e578ed3ebbdfbfc.webp","processed original","0"
"9473735131459","Nevada 5 Drawer Narrow Chest (Grey Gloss/Light Oak Effect Veneer) WH","5","https://cdn.shopify.com/s/files/1/0567/1377/3243/files/NEVADA-5-DRAWER-NARROW-CHEST-GREY-GLOSSLIGHT-OAK-EFFECT-VENEER-2019-05-100-102-093.jpg?v=1721913025","/media/catalogue/cb4370b328c7e285.webp","processed original","130506"
"9473735131459","Nevada 5 Drawer Narrow Chest (Grey Gloss/Light Oak Effect Veneer) WH","6","https://cdn.shopify.com/s/files/1/0567/1377/3243/files/NEVADA-5-DRAWER-NARROW-CHEST-GREY-GLOSSLIGHT-OAK-EFFECT-VENEER-2019-06-100-102-093.jpg?v=1721913026","/media/catalogue/f1e307ab03dc5332.webp","processed original","0"
"9473735131459","Nevada 5 Drawer Narrow Chest (Grey Gloss/Light Oak Effect Veneer) WH","7","https://cdn.shopify.com/s/files/1/0567/1377/3243/files/NEVADA-5-DRAWER-NARROW-CHEST-GREY-GLOSSLIGHT-OAK-EFFECT-VENEER-2019-07-100-102-093.jpg?v=1721913026","/media/catalogue/b7bb311b86452ecc.webp","processed original","0"
"9473779106115","Nevada 5 Drawer Narrow Chest (White Gloss) WH","1","https://cdn.shopify.com/s/files/1/0567/1377/3243/files/NEVADA-5-DRAWER-NARROW-CHEST-WHITE-GLOSS-2019-01-100-102-108.jpg?v=1721914454","/media/catalogue/a6107b780c8927d0.webp","processed original","1161936"
"9473779106115","Nevada 5 Drawer Narrow Chest (White Gloss) WH","2","https://cdn.shopify.com/s/files/1/0567/1377/3243/files/NEVADA-5-DRAWER-NARROW-CHEST-WHITE-GLOSS-2019-02-100-102-108-scaled.jpg?v=1721914453","/media/catalogue/fe008ea44bdecafd.webp","processed original","1056115"
"9473779106115","Nevada 5 Drawer Narrow Chest (White Gloss) WH","3","https://cdn.shopify.com/s/files/1/0567/1377/3243/files/NEVADA-5-DRAWER-NARROW-CHEST-WHITE-GLOSS-2019-03-100-102-108.jpg?v=1721914454","/media/catalogue/cddefd8f536d069f.webp","processed original","1150298"
"9473779106115","Nevada 5 Drawer Narrow Chest (White Gloss) WH","4","https://cdn.shopify.com/s/files/1/0567/1377/3243/files/NEVADA-5-DRAWER-NARROW-CHEST-WHITE-GLOSS-2019-04-100-102-108.jpg?v=1721914454","/media/catalogue/b81b8af93a3764c2.webp","processed original","954380"
"9473779106115","Nevada 5 Drawer Narrow Chest (White Gloss) WH","5","https://cdn.shopify.com/s/files/1/0567/1377/3243/files/NEVADA-5-DRAWER-NARROW-CHEST-WHITE-GLOSS-2019-05-100-102-108.jpg?v=1721914455","/media/catalogue/f6a08cb1e45dc4b0.webp","processed original","132158"
"9473779106115","Nevada 5 Drawer Narrow Chest (White Gloss) WH","6","https://cdn.shopify.com/s/files/1/0567/1377/3243/files/NEVADA-5-DRAWER-NARROW-CHEST-WHITE-GLOSS-2019-06-100-102-108.jpg?v=1721914455","/media/catalogue/614e6deb0ddc0341.webp","processed original","0"
"9473779106115","Nevada 5 Drawer Narrow Chest (White Gloss) WH","7","https://cdn.shopify.com/s/files/1/0567/1377/3243/files/NEVADA-5-DRAWER-NARROW-CHEST-WHITE-GLOSS-2019-07-100-102-108.jpg?v=1721914454","/media/catalogue/f9f534174cdb872d.webp","processed original","278554"
"9473779106115","Nevada 5 Drawer Narrow Chest (White Gloss) WH","8","https://cdn.shopify.com/s/files/1/0567/1377/3243/files/NEVADA-BEDROOM-WHITE-100-101-089-100-102-108-100-102-106-100-101-088-100-105-017-100-103-059-100-103-058-1-scaled.jpg?v=1721914454","/media/catalogue/956e0260c59f3177.webp","processed original","0"
"9473782645059","Nevada 6 Drawer Chest (White Gloss) WH","1","https://cdn.shopify.com/s/files/1/0567/1377/3243/files/NEVADA-6-DRAWER-CHEST-WHITE-GLOSS-2019-01-100-102-109.jpg?v=1721915002","/media/catalogue/94693d10f776ebc7.webp","processed original","1583943"
"9473782645059","Nevada 6 Drawer Chest (White Gloss) WH","2","https://cdn.shopify.com/s/files/1/0567/1377/3243/files/NEVADA-6-DRAWER-CHEST-WHITE-GLOSS-2019-02-100-102-109-scaled.jpg?v=1721915001","/media/catalogue/7a51b7ff8b4c96a7.webp","processed original","1195304"
"9473782645059","Nevada 6 Drawer Chest (White Gloss) WH","3","https://cdn.shopify.com/s/files/1/0567/1377/3243/files/NEVADA-6-DRAWER-CHEST-WHITE-GLOSS-2019-03-100-102-109.jpg?v=1721915002","/media/catalogue/c7eca1166eb2e8ee.webp","processed original","1603584"
"9473782645059","Nevada 6 Drawer Chest (White Gloss) WH","4","https://cdn.shopify.com/s/files/1/0567/1377/3243/files/NEVADA-6-DRAWER-CHEST-WHITE-GLOSS-2019-04-100-102-109.jpg?v=1721915001","/media/catalogue/b96e1912b9857230.webp","processed original","1151476"
"9473782645059","Nevada 6 Drawer Chest (White Gloss) WH","5","https://cdn.shopify.com/s/files/1/0567/1377/3243/files/NEVADA-6-DRAWER-CHEST-WHITE-GLOSS-2019-05-100-102-109.jpg?v=1721915002","/media/catalogue/80835ac78f9c7a2d.webp","processed original","131431"
"9473782645059","Nevada 6 Drawer Chest (White Gloss) WH","6","https://cdn.shopify.com/s/files/1/0567/1377/3243/files/NEVADA-6-DRAWER-CHEST-WHITE-GLOSS-2019-06-100-102-109.jpg?v=1721915002","/media/catalogue/891fd1f4e13b5bf5.webp","processed original","1718916"
"9473782645059","Nevada 6 Drawer Chest (White Gloss) WH","7","https://cdn.shopify.com/s/files/1/0567/1377/3243/files/NEVADA-6-DRAWER-CHEST-WHITE-GLOSS-2019-07-100-102-109.jpg?v=1721915002","/media/catalogue/3d946d70592c7cf6.webp","processed original","0"
"9473782645059","Nevada 6 Drawer Chest (White Gloss) WH","8","https://cdn.shopify.com/s/files/1/0567/1377/3243/files/NEVADA-6-DRAWER-CHEST-WHITE-GLOSS-2019-08-100-102-109-scaled.jpg?v=1721915001","/media/catalogue/c20d227273c1ddf7.webp","processed original","0"
"9473782645059","Nevada 6 Drawer Chest (White Gloss) WH","9","https://cdn.shopify.com/s/files/1/0567/1377/3243/files/NEVADA-BEDROOM-WHITE-100-101-089-100-102-108-100-102-106-100-101-088-100-105-017-100-103-059-100-103-058-4.jpg?v=1721915002","/media/catalogue/9c2d639674dec1d0.webp","processed original","0"
"9473786741059","Nevada 6 Drawer Chest (Grey Gloss/Light Oak Effect Veneer) WH","1","https://cdn.shopify.com/s/files/1/0567/1377/3243/files/NEVADA-6-DRAWER-CHEST-GREY-GLOSSLIGHT-OAK-EFFECT-VENEER-2019-01-100-102-103-scaled.jpg?v=1721915444","/media/catalogue/52bfd8adc2c3e3f3.webp","processed original","159433"
"9473786741059","Nevada 6 Drawer Chest (Grey Gloss/Light Oak Effect Veneer) WH","2","https://cdn.shopify.com/s/files/1/0567/1377/3243/files/NEVADA-6-DRAWER-CHEST-GREY-GLOSSLIGHT-OAK-EFFECT-VENEER-2019-02-100-102-103-scaled.jpg?v=1721915444","/media/catalogue/96aedab084578f0a.webp","processed original","168792"
"9473786741059","Nevada 6 Drawer Chest (Grey Gloss/Light Oak Effect Veneer) WH","3","https://cdn.shopify.com/s/files/1/0567/1377/3243/files/NEVADA-6-DRAWER-CHEST-GREY-GLOSSLIGHT-OAK-EFFECT-VENEER-2019-03-100-102-103-scaled.jpg?v=1721915444","/media/catalogue/147b72acc7dcf011.webp","processed original","64208"
"9473786741059","Nevada 6 Drawer Chest (Grey Gloss/Light Oak Effect Veneer) WH","4","https://cdn.shopify.com/s/files/1/0567/1377/3243/files/NEVADA-6-DRAWER-CHEST-GREY-GLOSSLIGHT-OAK-EFFECT-VENEER-2019-04-100-102-103-scaled.jpg?v=1721915444","/media/catalogue/ba677a99a89b956b.webp","processed original","54081"
"9473786741059","Nevada 6 Drawer Chest (Grey Gloss/Light Oak Effect Veneer) WH","5","https://cdn.shopify.com/s/files/1/0567/1377/3243/files/NEVADA-6-DRAWER-CHEST-GREY-GLOSSLIGHT-OAK-EFFECT-VENEER-2019-05-100-102-103-scaled.jpg?v=1721915444","/media/catalogue/c29e1600379b9f1a.webp","processed original","126531"
"9473786741059","Nevada 6 Drawer Chest (Grey Gloss/Light Oak Effect Veneer) WH","6","https://cdn.shopify.com/s/files/1/0567/1377/3243/files/NEVADA-6-DRAWER-CHEST-GREY-GLOSSLIGHT-OAK-EFFECT-VENEER-2019-06-100-102-103-scaled.jpg?v=1721915445","/media/catalogue/59780a2e9405e9a6.webp","processed original","0"
"9473786741059","Nevada 6 Drawer Chest (Grey Gloss/Light Oak Effect Veneer) WH","7","https://cdn.shopify.com/s/files/1/0567/1377/3243/files/NEVADA-6-DRAWER-CHEST-GREY-GLOSSLIGHT-OAK-EFFECT-VENEER-2019-07-100-102-103-scaled.jpg?v=1721915444","/media/catalogue/96c074b697edc249.webp","processed original","0"
"9473791426883","Nevada 6 Drawer Chest (Black Gloss) WH","1","https://cdn.shopify.com/s/files/1/0567/1377/3243/files/NEVADA-6-DRAWER-CHEST-BLACK-GLOSS-2023-100-102-161-01-scaled.jpg?v=1721915838","/media/catalogue/a1b691416d404b72.webp","processed original","198899"
"9473791426883","Nevada 6 Drawer Chest (Black Gloss) WH","2","https://cdn.shopify.com/s/files/1/0567/1377/3243/files/NEVADA-6-DRAWER-CHEST-BLACK-GLOSS-2023-100-102-161-02-scaled.jpg?v=1721915838","/media/catalogue/c4e4847fdca3fe29.webp","processed original","203218"
"9473791426883","Nevada 6 Drawer Chest (Black Gloss) WH","3","https://cdn.shopify.com/s/files/1/0567/1377/3243/files/NEVADA-6-DRAWER-CHEST-BLACK-GLOSS-2023-100-102-161-03-scaled.jpg?v=1721915838","/media/catalogue/65f0d2c3a607bd30.webp","processed original","0"
"9473791426883","Nevada 6 Drawer Chest (Black Gloss) WH","4","https://cdn.shopify.com/s/files/1/0567/1377/3243/files/NEVADA-6-DRAWER-CHEST-BLACK-GLOSS-2023-100-102-161-04-scaled.jpg?v=1721915837","/media/catalogue/3423f4278f23f004.webp","processed original","51758"
"9473791426883","Nevada 6 Drawer Chest (Black Gloss) WH","5","https://cdn.shopify.com/s/files/1/0567/1377/3243/files/NEVADA-6-DRAWER-CHEST-BLACK-GLOSS-2023-100-102-161-05-scaled.jpg?v=1721915838","/media/catalogue/e6d31877499e68d6.webp","processed original","116351"
"9473791426883","Nevada 6 Drawer Chest (Black Gloss) WH","6","https://cdn.shopify.com/s/files/1/0567/1377/3243/files/NEVADA-6-DRAWER-CHEST-BLACK-GLOSS-2023-100-102-161-06-1.jpg?v=1721915838","/media/catalogue/036922b4504e1b68.webp","processed original","0"
"9493592080707","Roscommon Bed - GI","1","https://cdn.shopify.com/s/files/1/0567/1377/3243/files/21840-bce7b057-72f6-4296-93d0-92f743a6301f.jpg?v=1723031867","/media/catalogue/5d333be715351adf.webp","processed original","598761"
"9493594145091","Roscommon Locker - GI","1","https://cdn.shopify.com/s/files/1/0567/1377/3243/files/21840-fdab1e86-cc94-4b1d-b275-db951feee7cf.png?v=1723032174","/media/catalogue/157dc64e21d5f056.webp","processed original","1234555"
"9493602894147","Donegal Grey Bed - GI","1","https://cdn.shopify.com/s/files/1/0567/1377/3243/files/21843-86c0f05a-4aa7-466f-b372-1ccb8793a7b5.jpg?v=1723032839","/media/catalogue/7974cdf009221620.webp","processed original","528290"
"9493608071491","Donegal Grey Ottoman - GI","1","https://cdn.shopify.com/s/files/1/0567/1377/3243/files/21843-86c0f05a-4aa7-466f-b372-1ccb8793a7b5-1-1.webp?v=1723032989","/media/catalogue/690fce0c1fd0cc3a.webp","processed original","0"
"9493608071491","Donegal Grey Ottoman - GI","2","https://cdn.shopify.com/s/files/1/0567/1377/3243/files/21843-86c0f05a-4aa7-466f-b372-1ccb8793a7b5.jpg?v=1723032839","/media/catalogue/7974cdf009221620.webp","processed original","528290"
"9493612331331","Donegal Cream Bed - GI","1","https://cdn.shopify.com/s/files/1/0567/1377/3243/files/21839-cf17943d-5906-4cea-92d8-4dc35062b9c7.jpg?v=1723033220","/media/catalogue/366b3254e171a9eb.webp","processed original","526013"
"9493617738051","Donegal Cream Ottoman - GI","1","https://cdn.shopify.com/s/files/1/0567/1377/3243/files/21839-cf17943d-5906-4cea-92d8-4dc35062b9c7-_2.webp?v=1723033484","/media/catalogue/0d1d5dbec9692e75.webp","processed original","0"
"9493617738051","Donegal Cream Ottoman - GI","2","https://cdn.shopify.com/s/files/1/0567/1377/3243/files/21839-cf17943d-5906-4cea-92d8-4dc35062b9c7_3a62b701-6742-4df1-954a-7246199b76b9.jpg?v=1723033485","/media/catalogue/7fe72e5f2474dd13.webp","processed original","526013"
"9495671112003","L17B66- 80X80 CM - GI","1","https://cdn.shopify.com/s/files/1/0567/1377/3243/files/21811-91cf9914-d8d5-44f0-b42e-e9a0f73d0b7e.jpg?v=1723225963","/media/catalogue/b863b34d3b4588db.webp","processed original","0"
"9495671112003","L17B66- 80X80 CM - GI","2","https://cdn.shopify.com/s/files/1/0567/1377/3243/files/21811-3cdc0fbe-0542-49a1-bb35-539604d5fdc8.jpg?v=1723225964","/media/catalogue/6f45c0b9d7bed1d7.webp","processed original","384500"
"9495671112003","L17B66- 80X80 CM - GI","3","https://cdn.shopify.com/s/files/1/0567/1377/3243/files/21811-4bdcf00e-afc2-4508-925f-56704e5054a8.jpg?v=1723225963","/media/catalogue/a26afc0d607f0ab3.webp","processed original","516413"
"9495671112003","L17B66- 80X80 CM - GI","4","https://cdn.shopify.com/s/files/1/0567/1377/3243/files/21811-2986e359-f488-41ba-ace3-30ba566ab0ed.jpg?v=1723225962","/media/catalogue/27b5c592565268d4.webp","processed original","643921"
"9495671112003","L17B66- 80X80 CM - GI","5","https://cdn.shopify.com/s/files/1/0567/1377/3243/files/21811-29075140-fe68-4441-892f-0d57da503b68.jpg?v=1723225962","/media/catalogue/9acdee4c3799f0aa.webp","processed original","361959"
"9495671112003","L17B66- 80X80 CM - GI","6","https://cdn.shopify.com/s/files/1/0567/1377/3243/files/21811-a9133a5f-4c8c-4a77-b6a1-3805c13ab856.jpg?v=1723225963","/media/catalogue/410e97af480cf22b.webp","processed original","352463"
"9495688741187","S18B68 - 80X80 CM - GI","1","https://cdn.shopify.com/s/files/1/0567/1377/3243/files/21854-026a50cd-e594-4fc7-81d9-5c9d2d8ecc24.jpg?v=1723227130","/media/catalogue/17c13c22e832b691.webp","processed original","0"
"9495688741187","S18B68 - 80X80 CM - GI","2","https://cdn.shopify.com/s/files/1/0567/1377/3243/files/21854-3fe31199-a4b0-4b39-8a4e-f355369f8a47.jpg?v=1723227132","/media/catalogue/ad037926bffbbc9f.webp","processed original","650048"
"9495688741187","S18B68 - 80X80 CM - GI","3","https://cdn.shopify.com/s/files/1/0567/1377/3243/files/21854-5d277325-5089-49fe-bdfb-6ce67824f73d.jpg?v=1723227132","/media/catalogue/ba21eecba24d0cc8.webp","processed original","350501"
"9495688741187","S18B68 - 80X80 CM - GI","4","https://cdn.shopify.com/s/files/1/0567/1377/3243/files/21854-b6ecd2a8-e629-4f31-9dcc-2833ee923bcb.jpg?v=1723227131","/media/catalogue/12da2de511d093cf.webp","processed original","389486"
"9495688741187","S18B68 - 80X80 CM - GI","5","https://cdn.shopify.com/s/files/1/0567/1377/3243/files/21854-cfe93424-4e99-4daf-bb15-05e38ba031df.jpg?v=1723227131","/media/catalogue/4a7bad52e0e3fb74.webp","processed original","517074"
"9495688741187","S18B68 - 80X80 CM - GI","6","https://cdn.shopify.com/s/files/1/0567/1377/3243/files/21854-d8cc362b-b781-402c-9f6c-b3f5062fd49b.jpg?v=1723227131","/media/catalogue/db91ae7714813bbd.webp","processed original","363614"
"9495690510659","FAM-2465 - 80X80 CM - GI","1","https://cdn.shopify.com/s/files/1/0567/1377/3243/files/21855-41c30f7d-f590-413b-9a97-3d19c48de094.jpg?v=1723227296","/media/catalogue/c6e8bf4f3373ad51.webp","processed original","0"
"9495690510659","FAM-2465 - 80X80 CM - GI","2","https://cdn.shopify.com/s/files/1/0567/1377/3243/files/21855-7839fbc9-c8d4-4cc1-b8dd-6c94fd94b5b5.jpg?v=1723227296","/media/catalogue/ce4ee606b97ce2bf.webp","processed original","342120"
"9495690510659","FAM-2465 - 80X80 CM - GI","3","https://cdn.shopify.com/s/files/1/0567/1377/3243/files/21855-2814126e-4c3f-494a-9961-a2212192b6e7.jpg?v=1723227295","/media/catalogue/03fee174c32f51e4.webp","processed original","346334"
"9495690510659","FAM-2465 - 80X80 CM - GI","4","https://cdn.shopify.com/s/files/1/0567/1377/3243/files/21855-a85cead9-6600-4adb-9a0c-3ac11e8bcbe0.jpg?v=1723227296","/media/catalogue/5526921226cc9ae1.webp","processed original","375575"
"9495690510659","FAM-2465 - 80X80 CM - GI","5","https://cdn.shopify.com/s/files/1/0567/1377/3243/files/21855-aa66b3a5-0e9b-41f7-9268-9d10ee991d92.jpg?v=1723227296","/media/catalogue/a318c34328dcf285.webp","processed original","518780"
"9495690510659","FAM-2465 - 80X80 CM - GI","6","https://cdn.shopify.com/s/files/1/0567/1377/3243/files/21855-b140b026-f036-4547-b748-846a0999b5ce.jpg?v=1723227296","/media/catalogue/d6a7a052c537181f.webp","processed original","651890"
"9495691624771","FAM-2434 - 60X90 CM - GI","1","https://cdn.shopify.com/s/files/1/0567/1377/3243/files/21856-eacdc177-36d6-406a-a9cd-c935632cb771.jpg?v=1723227526","/media/catalogue/72d4cdc42b7de758.webp","processed original","416165"
"9495691624771","FAM-2434 - 60X90 CM - GI","2","https://cdn.shopify.com/s/files/1/0567/1377/3243/files/21856-01b96181-07b5-446a-8b6d-b89758648012.jpg?v=1723227526","/media/catalogue/77477f2612c7021e.webp","processed original","333338"
"9495691624771","FAM-2434 - 60X90 CM - GI","3","https://cdn.shopify.com/s/files/1/0567/1377/3243/files/21856-15a68c27-6984-4b27-949c-843282a82385.jpg?v=1723227525","/media/catalogue/80bb8884b246e54b.webp","processed original","0"
"9495691624771","FAM-2434 - 60X90 CM - GI","4","https://cdn.shopify.com/s/files/1/0567/1377/3243/files/21856-658361cc-cd02-4327-9394-505cd1f2c542.jpg?v=1723227526","/media/catalogue/948998580fbc7f02.webp","processed original","617903"
"9495691624771","FAM-2434 - 60X90 CM - GI","5","https://cdn.shopify.com/s/files/1/0567/1377/3243/files/21856-e1185f2c-4915-4d79-a80d-8413bbd034f7.jpg?v=1723227525","/media/catalogue/63440f45231b309c.webp","processed original","334055"
"9495691624771","FAM-2434 - 60X90 CM - GI","6","https://cdn.shopify.com/s/files/1/0567/1377/3243/files/21856-f38040b1-c4a3-40c3-810d-c73c0f127793.jpg?v=1723227527","/media/catalogue/12727ddb45ba6e1c.webp","processed original","708921"
"9495692509507","FAM-1533 - 80X80 CM - GI","1","https://cdn.shopify.com/s/files/1/0567/1377/3243/files/21857-25eb47b4-6cb7-4001-b712-25582a25de6c.jpg?v=1723227679","/media/catalogue/9617e4af203093be.webp","processed original","0"
"9495692509507","FAM-1533 - 80X80 CM - GI","2","https://cdn.shopify.com/s/files/1/0567/1377/3243/files/21857-2d66fd4b-bf1f-4676-be4a-116fedf49bd5.jpg?v=1723227679","/media/catalogue/36b94416f82a54f4.webp","processed original","359056"
"9495692509507","FAM-1533 - 80X80 CM - GI","3","https://cdn.shopify.com/s/files/1/0567/1377/3243/files/21857-2d6739e1-2c2e-4300-9490-107b903632f6.jpg?v=1723227679","/media/catalogue/e2ef33161cd4be40.webp","processed original","651146"
"9495692509507","FAM-1533 - 80X80 CM - GI","4","https://cdn.shopify.com/s/files/1/0567/1377/3243/files/21857-9a7107ee-706f-4dcb-ae6e-00d57c181a4a.jpg?v=1723227680","/media/catalogue/10debd46f071d47f.webp","processed original","346170"
"9495692509507","FAM-1533 - 80X80 CM - GI","5","https://cdn.shopify.com/s/files/1/0567/1377/3243/files/21857-846c83ff-890d-42dc-833d-959897f5d0a9.jpg?v=1723227679","/media/catalogue/49b6db101c06b6cb.webp","processed original","346174"
"9495692509507","FAM-1533 - 80X80 CM - GI","6","https://cdn.shopify.com/s/files/1/0567/1377/3243/files/21857-077830f7-3062-4eac-afd2-dae7e681eea1.jpg?v=1723227679","/media/catalogue/9ed02db0755f5231.webp","processed original","518906"
"9495692509507","FAM-1533 - 80X80 CM - GI","7","https://cdn.shopify.com/s/files/1/0567/1377/3243/files/21857-d48ec27d-861b-4c58-b96e-b79a987a27db.jpg?v=1723227679","/media/catalogue/8d5af1720372b24e.webp","processed original","346170"
"9495693328707","FAM-1626 - 90X60 CM - GI","1","https://cdn.shopify.com/s/files/1/0567/1377/3243/files/21858-cf12bb32-5cb0-4613-b53d-6cd9501cf8e4.jpg?v=1723227799","/media/catalogue/e695621655304a50.webp","processed original","704700"
"9495693328707","FAM-1626 - 90X60 CM - GI","2","https://cdn.shopify.com/s/files/1/0567/1377/3243/files/21858-318a981f-86d6-4702-835d-084260210e6f.jpg?v=1723227798","/media/catalogue/05014393056c7878.webp","processed original","343822"
"9495693328707","FAM-1626 - 90X60 CM - GI","3","https://cdn.shopify.com/s/files/1/0567/1377/3243/files/21858-399c56dd-8fca-4d1a-a405-e0cbd4b7bbd0.jpg?v=1723227798","/media/catalogue/089bf26cc2d74e9a.webp","processed original","676241"
"9495693328707","FAM-1626 - 90X60 CM - GI","4","https://cdn.shopify.com/s/files/1/0567/1377/3243/files/21858-3334ac04-b219-42ad-8f37-7ddf917991aa.jpg?v=1723227798","/media/catalogue/1a89773876a2350c.webp","processed original","0"
"9495693328707","FAM-1626 - 90X60 CM - GI","5","https://cdn.shopify.com/s/files/1/0567/1377/3243/files/21858-110825c4-838b-4ed1-b896-71d32617a553.jpg?v=1723227798","/media/catalogue/6d8a608a3540e885.webp","processed original","751914"
"9495693328707","FAM-1626 - 90X60 CM - GI","6","https://cdn.shopify.com/s/files/1/0567/1377/3243/files/21858-a82c3b4c-ab3a-4894-a557-de6524ae9586.jpg?v=1723227798","/media/catalogue/b68a9a7c49b49201.webp","processed original","344735"
"9495694606659","FAM-0637 - 80X80 CM - GI","1","https://cdn.shopify.com/s/files/1/0567/1377/3243/files/21859-80f24fac-7ec0-4065-ba91-e1146a3e8d3b.jpg?v=1723228212","/media/catalogue/32ba1dc9826d6ed4.webp","processed original","0"
"9495694606659","FAM-0637 - 80X80 CM - GI","2","https://cdn.shopify.com/s/files/1/0567/1377/3243/files/21859-96a1a610-8e82-4a16-96fe-dcfa2ccf6bc8.jpg?v=1723228212","/media/catalogue/05373d7d3189d0d0.webp","processed original","348607"
"9495694606659","FAM-0637 - 80X80 CM - GI","3","https://cdn.shopify.com/s/files/1/0567/1377/3243/files/21859-806a1f62-824b-487c-9577-014483c30456.jpg?v=1723228212","/media/catalogue/ab0068b9b46af6fc.webp","processed original","651000"
"9495694606659","FAM-0637 - 80X80 CM - GI","4","https://cdn.shopify.com/s/files/1/0567/1377/3243/files/21859-25281fca-cd99-4def-82df-63f55b77e2ef.jpg?v=1723228213","/media/catalogue/d80d146acfd7e761.webp","processed original","369482"
"9495694606659","FAM-0637 - 80X80 CM - GI","5","https://cdn.shopify.com/s/files/1/0567/1377/3243/files/21859-d5292b97-d592-4210-8de6-e5054c29a6b8.jpg?v=1723228212","/media/catalogue/803ecb11e3b722bd.webp","processed original","518946"
"9495697457475","FAM-0669 - 90X60 CM - GI","1","https://cdn.shopify.com/s/files/1/0567/1377/3243/files/21860-b3b68789-f1f2-4544-83b8-3a3562a027cd.jpg?v=1723228382","/media/catalogue/0eb17e5ed9da4875.webp","processed original","0"
"9495697457475","FAM-0669 - 90X60 CM - GI","2","https://cdn.shopify.com/s/files/1/0567/1377/3243/files/21860-ec61040a-a97d-40d5-b7a9-ffd3b6ff3847.jpg?v=1723228383","/media/catalogue/2fbf151c63c6b670.webp","processed original","340159"
"9495697457475","FAM-0669 - 90X60 CM - GI","3","https://cdn.shopify.com/s/files/1/0567/1377/3243/files/21860-0a797beb-cffe-43d4-9454-2c64b37e42f8.jpg?v=1723228382","/media/catalogue/7cbf8f9663df9430.webp","processed original","678404"
"9495697457475","FAM-0669 - 90X60 CM - GI","4","https://cdn.shopify.com/s/files/1/0567/1377/3243/files/21860-7ff14401-794e-46d1-af8f-84a7d0a5b1cf.jpg?v=1723228382","/media/catalogue/b352bf9860702866.webp","processed original","751909"
"9495697457475","FAM-0669 - 90X60 CM - GI","5","https://cdn.shopify.com/s/files/1/0567/1377/3243/files/21860-477d8129-85a9-4bfc-9384-2927ab41bdaf.jpg?v=1723228382","/media/catalogue/9b7b7370f81a1334.webp","processed original","620275"
"9495697457475","FAM-0669 - 90X60 CM - GI","6","https://cdn.shopify.com/s/files/1/0567/1377/3243/files/21860-c92a6a9f-ecd9-4424-b167-fa44fc8c415e.jpg?v=1723228383","/media/catalogue/2d3700e9c5bc0eff.webp","processed original","339276"
"9496219353411","L19T18 - 80X80 CM - GI","1","https://cdn.shopify.com/s/files/1/0567/1377/3243/files/21861-b7ecf08b-33d1-4b72-ad56-c04c3922e058.jpg?v=1723285141","/media/catalogue/5de40539ddecf343.webp","processed original","0"
"9496219353411","L19T18 - 80X80 CM - GI","2","https://cdn.shopify.com/s/files/1/0567/1377/3243/files/21861-941bc7f0-fd1a-46e3-81a2-28b35b202077.jpg?v=1723285142","/media/catalogue/f504fa397cd45425.webp","processed original","341778"
"9496219353411","L19T18 - 80X80 CM - GI","3","https://cdn.shopify.com/s/files/1/0567/1377/3243/files/21861-3473d5ae-00fd-4aeb-87a7-11728087d514.jpg?v=1723285141","/media/catalogue/b08b27b326d865d1.webp","processed original","369491"
"9496219353411","L19T18 - 80X80 CM - GI","4","https://cdn.shopify.com/s/files/1/0567/1377/3243/files/21861-9453ac1e-b6f6-42c8-a752-22511f64c701.jpg?v=1723285142","/media/catalogue/711cb02793e14aed.webp","processed original","341794"
"9496219353411","L19T18 - 80X80 CM - GI","5","https://cdn.shopify.com/s/files/1/0567/1377/3243/files/21861-ec7db51b-e722-479c-9e0a-4b49dee4a0b6.jpg?v=1723285142","/media/catalogue/c5ce1523308907cc.webp","processed original","518890"
"9496240685379","L18B111 - 80X80 CM - GI","1","https://cdn.shopify.com/s/files/1/0567/1377/3243/files/21862-4a73aba2-2451-45bf-b77f-08a76e258cb2.jpg?v=1723287893","/media/catalogue/71c03699b5695746.webp","processed original","646950"
"9496240685379","L18B111 - 80X80 CM - GI","2","https://cdn.shopify.com/s/files/1/0567/1377/3243/files/21862-5fb8fc15-429c-4f2c-ac2e-4a97a8384bbc.jpg?v=1723287895","/media/catalogue/cc299d0082f924d3.webp","processed original","0"
"9496240685379","L18B111 - 80X80 CM - GI","3","https://cdn.shopify.com/s/files/1/0567/1377/3243/files/21862-240ca68c-f93a-46b9-8fa7-1516dd38b4d6.jpg?v=1723287894","/media/catalogue/4afe11e06ca6ef7f.webp","processed original","367730"
"9496240685379","L18B111 - 80X80 CM - GI","4","https://cdn.shopify.com/s/files/1/0567/1377/3243/files/21862-cd67ac37-57cc-4968-83c0-e0ca1cb28654.jpg?v=1723287895","/media/catalogue/02e5939461266096.webp","processed original","334112"
"9496240685379","L18B111 - 80X80 CM - GI","5","https://cdn.shopify.com/s/files/1/0567/1377/3243/files/21862-d25d9c0f-5a2b-4a69-b8aa-328530b35227.jpg?v=1723287894","/media/catalogue/c7288dd81c1c46a0.webp","processed original","336963"
"9496240685379","L18B111 - 80X80 CM - GI","6","https://cdn.shopify.com/s/files/1/0567/1377/3243/files/21862-d23749df-4a45-4900-a1bf-6d0681797405.jpg?v=1723287894","/media/catalogue/5f6db5993f9ba8a7.webp","processed original","518880"
"9496241570115","FAM-2471-1 - 80X80 CM - GI","1","https://cdn.shopify.com/s/files/1/0567/1377/3243/files/21863-324afb5d-7efa-4c4e-8e1c-62e8e88ddd25.jpg?v=1723288011","/media/catalogue/5a0da90e6b9eba6b.webp","processed original","0"
"9496241570115","FAM-2471-1 - 80X80 CM - GI","2","https://cdn.shopify.com/s/files/1/0567/1377/3243/files/21863-0c14f53a-dc6b-4d90-a8ad-09aabdb630b6.jpg?v=1723288011","/media/catalogue/71bccf6f025f83b6.webp","processed original","518491"
"9496241570115","FAM-2471-1 - 80X80 CM - GI","3","https://cdn.shopify.com/s/files/1/0567/1377/3243/files/21863-373ceef2-6c67-451a-8a21-b18fc9fa7cbf.jpg?v=1723288012","/media/catalogue/13ea35acef8e8ad0.webp","processed original","348907"
"9496241570115","FAM-2471-1 - 80X80 CM - GI","4","https://cdn.shopify.com/s/files/1/0567/1377/3243/files/21863-b5565c6f-01d8-4fcd-9a0c-9d3bd7345643.jpg?v=1723288011","/media/catalogue/aaa741e0e59c4877.webp","processed original","348649"
"9496241570115","FAM-2471-1 - 80X80 CM - GI","5","https://cdn.shopify.com/s/files/1/0567/1377/3243/files/21863-cd343fe6-b57e-4eb8-93f4-289035c06fe5.jpg?v=1723288011","/media/catalogue/47c312aa506c2fd9.webp","processed original","654113"
"9496241570115","FAM-2471-1 - 80X80 CM - GI","6","https://cdn.shopify.com/s/files/1/0567/1377/3243/files/21863-d69eca21-4f73-40f9-89d9-d4223aecf7ea.jpg?v=1723288011","/media/catalogue/67ccec90be4efb21.webp","processed original","386955"
"9496242848067","FAM-2527 - 80X80 CM - GI","1","https://cdn.shopify.com/s/files/1/0567/1377/3243/files/21864-e9279b9a-96bc-4aef-8482-e5090d713bea.jpg?v=1723288175","/media/catalogue/2b568025564c51f4.webp","processed original","0"
"9496242848067","FAM-2527 - 80X80 CM - GI","2","https://cdn.shopify.com/s/files/1/0567/1377/3243/files/21864-7b4425c6-5244-4d69-b670-ba16aa10c3a1.jpg?v=1723288175","/media/catalogue/53888018456980e9.webp","processed original","518239"
"9496242848067","FAM-2527 - 80X80 CM - GI","3","https://cdn.shopify.com/s/files/1/0567/1377/3243/files/21864-6185a436-dac3-4e2c-9386-14ddf11ae2fc.jpg?v=1723288175","/media/catalogue/c4b56e73a7906f19.webp","processed original","650958"
"9496242848067","FAM-2527 - 80X80 CM - GI","4","https://cdn.shopify.com/s/files/1/0567/1377/3243/files/21864-68088ba0-855e-4690-861b-155cf834cc14.jpg?v=1723288175","/media/catalogue/7f499f1ffd9a7400.webp","processed original","342501"
"9496242848067","FAM-2527 - 80X80 CM - GI","5","https://cdn.shopify.com/s/files/1/0567/1377/3243/files/21864-ac4519b2-d147-4013-ae0a-379d0f0d0b82.jpg?v=1723288175","/media/catalogue/d206bbf87fe74357.webp","processed original","358897"
"9496242848067","FAM-2527 - 80X80 CM - GI","6","https://cdn.shopify.com/s/files/1/0567/1377/3243/files/21864-f18a955c-1935-4570-8651-8eb6221f89c0.jpg?v=1723288175","/media/catalogue/7e8e895c5adf6be6.webp","processed original","339451"
"9496244683075","FAM-1375 - 80X80 CM - GI","1","https://cdn.shopify.com/s/files/1/0567/1377/3243/files/21865-5fed45ae-6eba-4d64-b0cd-eddc5dab4940.jpg?v=1723288329","/media/catalogue/c9daab037207807f.webp","processed original","0"
"9496244683075","FAM-1375 - 80X80 CM - GI","2","https://cdn.shopify.com/s/files/1/0567/1377/3243/files/21865-495c2322-6898-43d0-b6e3-5f6f5f73e107.jpg?v=1723288329","/media/catalogue/5c792338bb67a6d0.webp","processed original","515605"
"9496244683075","FAM-1375 - 80X80 CM - GI","3","https://cdn.shopify.com/s/files/1/0567/1377/3243/files/21865-4d65f499-da23-4ea7-9504-a857c5a37643.jpg?v=1723288329","/media/catalogue/aa0125f342c30844.webp","processed original","412840"
"9496244683075","FAM-1375 - 80X80 CM - GI","4","https://cdn.shopify.com/s/files/1/0567/1377/3243/files/21865-602034a5-1ac1-4125-89ee-02a82abc65a9.jpg?v=1723288328","/media/catalogue/ada75bbf326014fd.webp","processed original","404415"
"9496244683075","FAM-1375 - 80X80 CM - GI","5","https://cdn.shopify.com/s/files/1/0567/1377/3243/files/21865-b36383fe-5278-44aa-b05a-bae833540e90.jpg?v=1723288328","/media/catalogue/cba6b4e8b5ca6d8c.webp","processed original","383841"
"9496244683075","FAM-1375 - 80X80 CM - GI","6","https://cdn.shopify.com/s/files/1/0567/1377/3243/files/21865-d47e7bef-fb90-4730-9333-a2d3bf529d2c.jpg?v=1723288328","/media/catalogue/b2a329491f6feeba.webp","processed original","647310"
"9496247435587","ZH6068- 80X80 CM - GI","1","https://cdn.shopify.com/s/files/1/0567/1377/3243/files/21866-7b761f11-fe04-4ab8-b5ae-d2f6f5bd1c6f.jpg?v=1723288618","/media/catalogue/26304a562d6cba6b.webp","processed original","0"
"9496247435587","ZH6068- 80X80 CM - GI","2","https://cdn.shopify.com/s/files/1/0567/1377/3243/files/21866-13aaf8c8-6fe1-4afb-965f-cf2c7134e4ee.jpg?v=1723288618","/media/catalogue/6b688c2da6a2b877.webp","processed original","340977"
"9496247435587","ZH6068- 80X80 CM - GI","3","https://cdn.shopify.com/s/files/1/0567/1377/3243/files/21866-58f45988-b831-420e-8ce8-5eecec77f72f.jpg?v=1723288617","/media/catalogue/45175f30ec3c6947.webp","processed original","382714"
"9496247435587","ZH6068- 80X80 CM - GI","4","https://cdn.shopify.com/s/files/1/0567/1377/3243/files/21866-1340b28d-fbfc-4353-b2e4-0f8e8b7df875.jpg?v=1723288617","/media/catalogue/699c27c46e877518.webp","processed original","343232"
"9496247435587","ZH6068- 80X80 CM - GI","5","https://cdn.shopify.com/s/files/1/0567/1377/3243/files/21866-2440bc42-5ab0-4040-bc7e-5884ceb06ac8.jpg?v=1723288617","/media/catalogue/8aa42499352d3f9d.webp","processed original","517282"
"9496247435587","ZH6068- 80X80 CM - GI","6","https://cdn.shopify.com/s/files/1/0567/1377/3243/files/21866-85878a2f-1fee-4894-aff6-7c8c7ffdb511.jpg?v=1723288617","/media/catalogue/171a8ff5c50fa50f.webp","processed original","647530"
"9496268243267","FAM-2523- 90X60 CM - GI","1","https://cdn.shopify.com/s/files/1/0567/1377/3243/files/21867-04491d03-20f8-440c-bb3b-3184a30151c6.jpg?v=1723291923","/media/catalogue/f5738b6ec4a81828.webp","processed original","0"
"9496268243267","FAM-2523- 90X60 CM - GI","2","https://cdn.shopify.com/s/files/1/0567/1377/3243/files/21867-61188ec9-5186-425d-9a61-98518e92ac16.jpg?v=1723291923","/media/catalogue/7935d98fc28066f3.webp","processed original","751198"
"9496268243267","FAM-2523- 90X60 CM - GI","3","https://cdn.shopify.com/s/files/1/0567/1377/3243/files/21867-61d817e5-e23c-45a1-bb59-8e98a85c3892.jpg?v=1723291924","/media/catalogue/09a9b04324b5039e.webp","processed original","676909"
"9496268243267","FAM-2523- 90X60 CM - GI","4","https://cdn.shopify.com/s/files/1/0567/1377/3243/files/21867-296ab896-1cd4-4c09-9df8-ed7e6b7f8297.jpg?v=1723291924","/media/catalogue/581b563793f8d0e9.webp","processed original","620386"
"9496268243267","FAM-2523- 90X60 CM - GI","5","https://cdn.shopify.com/s/files/1/0567/1377/3243/files/21867-562ee829-e7e9-449d-a521-4274d5b6e77e.jpg?v=1723291924","/media/catalogue/7e85bac9f4494054.webp","processed original","336880"
"9496268243267","FAM-2523- 90X60 CM - GI","6","https://cdn.shopify.com/s/files/1/0567/1377/3243/files/21867-c77e6ea4-2929-4c56-bc0c-49cdc6c2d778.jpg?v=1723291924","/media/catalogue/30d57e0609ec5341.webp","processed original","345613"
"9496276369731","FAM-0328 - 80X80 CM - GI","1","https://cdn.shopify.com/s/files/1/0567/1377/3243/files/21868-b13e06be-d27e-4571-8c48-91f47f4deedd.jpg?v=1723293106","/media/catalogue/0e625f643442db1e.webp","processed original","0"
"9496276369731","FAM-0328 - 80X80 CM - GI","2","https://cdn.shopify.com/s/files/1/0567/1377/3243/files/21868-8d8c8457-706e-4329-a1e2-06d4092469ea.jpg?v=1723293107","/media/catalogue/2db75317e77069ce.webp","processed original","365176"
"9496276369731","FAM-0328 - 80X80 CM - GI","3","https://cdn.shopify.com/s/files/1/0567/1377/3243/files/21868-34f1a589-a2a4-4051-813e-e6b91115fef9.jpg?v=1723293107","/media/catalogue/d5bde5c732c0de03.webp","processed original","518695"
"9496276369731","FAM-0328 - 80X80 CM - GI","4","https://cdn.shopify.com/s/files/1/0567/1377/3243/files/21868-97bc2741-7531-4ed7-97d0-f92a3e4824b3.jpg?v=1723293107","/media/catalogue/a1a24f782b392051.webp","processed original","339660"
"9496276369731","FAM-0328 - 80X80 CM - GI","5","https://cdn.shopify.com/s/files/1/0567/1377/3243/files/21868-db994e78-3220-430f-a574-d36d82ef4613.jpg?v=1723293107","/media/catalogue/7af746845a890f93.webp","processed original","644939"
"9496276369731","FAM-0328 - 80X80 CM - GI","6","https://cdn.shopify.com/s/files/1/0567/1377/3243/files/21868-f005c1a3-de2f-4cf4-93c5-10274c26698b.jpg?v=1723293107","/media/catalogue/cac9400ff49e6c15.webp","processed original","340105"
"9496282890563","FAM-0117 - 80X80 CM - GI","1","https://cdn.shopify.com/s/files/1/0567/1377/3243/files/21869-88105c2f-2b6d-4752-a180-f5dd1fbb4cce.jpg?v=1723293318","/media/catalogue/7f8efb8252bb2349.webp","processed original","0"
"9496282890563","FAM-0117 - 80X80 CM - GI","2","https://cdn.shopify.com/s/files/1/0567/1377/3243/files/21869-581a7aa2-e448-4490-af73-bff1bed12136.jpg?v=1723293318","/media/catalogue/3598a072b4a99d1d.webp","processed original","523328"
"9496282890563","FAM-0117 - 80X80 CM - GI","3","https://cdn.shopify.com/s/files/1/0567/1377/3243/files/21869-0f7d73ca-4f34-4dbe-b917-28cce127cbfa.jpg?v=1723293318","/media/catalogue/55c074ca4a960d78.webp","processed original","348958"
"9496282890563","FAM-0117 - 80X80 CM - GI","4","https://cdn.shopify.com/s/files/1/0567/1377/3243/files/21869-2f23503b-49c8-4f1a-b254-d4eab2d85715.jpg?v=1723293318","/media/catalogue/563c851ab7e153c7.webp","processed original","338174"
"9496282890563","FAM-0117 - 80X80 CM - GI","5","https://cdn.shopify.com/s/files/1/0567/1377/3243/files/21869-9f236243-e5d1-4ce1-b679-f1a5e10ba4e0.jpg?v=1723293318","/media/catalogue/713ae109603ce6da.webp","processed original","343521"
"9496282890563","FAM-0117 - 80X80 CM - GI","6","https://cdn.shopify.com/s/files/1/0567/1377/3243/files/21869-50635bba-7fc7-4618-9015-6ead0c353a63.jpg?v=1723293318","/media/catalogue/cb6f9ed751651228.webp","processed original","382246"
"9496282890563","FAM-0117 - 80X80 CM - GI","7","https://cdn.shopify.com/s/files/1/0567/1377/3243/files/21869-d0e994e1-c572-4b63-92af-1f3116623648.jpg?v=1723293318","/media/catalogue/250c64b229ef7bab.webp","processed original","653237"
"9496283775299","FAM-2520 - 80X80 CM - GI","1","https://cdn.shopify.com/s/files/1/0567/1377/3243/files/21870-205c3613-5d39-4a07-83a1-4acf0d1701c2.jpg?v=1723293566","/media/catalogue/8711654901a25c19.webp","processed original","368597"
"9496283775299","FAM-2520 - 80X80 CM - GI","2","https://cdn.shopify.com/s/files/1/0567/1377/3243/files/21870-34013b9d-0045-4a02-8a48-fb3c06b89d37.jpg?v=1723293567","/media/catalogue/49811408d776c9ef.webp","processed original","345201"
"9496283775299","FAM-2520 - 80X80 CM - GI","3","https://cdn.shopify.com/s/files/1/0567/1377/3243/files/21870-61966f74-614b-454d-9455-e886ef3f58fe.jpg?v=1723293566","/media/catalogue/df7f249ffd24c6cc.webp","processed original","644863"
"9496283775299","FAM-2520 - 80X80 CM - GI","4","https://cdn.shopify.com/s/files/1/0567/1377/3243/files/21870-75637b78-0c5a-4bc1-8157-0df070ba5529.jpg?v=1723293566","/media/catalogue/ffc176f81403bef7.webp","processed original","518157"
"9496283775299","FAM-2520 - 80X80 CM - GI","5","https://cdn.shopify.com/s/files/1/0567/1377/3243/files/21870-638196d2-b99e-467c-b89f-1b6f608c3605.jpg?v=1723293566","/media/catalogue/9eacb5dd518fd63c.webp","processed original","341990"
"9496283775299","FAM-2520 - 80X80 CM - GI","6","https://cdn.shopify.com/s/files/1/0567/1377/3243/files/21870-d8f10936-a904-48e1-a403-649b31f9770c.jpg?v=1723293567","/media/catalogue/05c1515dbd3d4c0f.webp","processed original","351490"
"9496283775299","FAM-2520 - 80X80 CM - GI","7","https://cdn.shopify.com/s/files/1/0567/1377/3243/files/21870-f052bce8-b77b-4436-9e78-bc0241fdf71b.jpg?v=1723293566","/media/catalogue/322e78a696851716.webp","processed original","0"
"9554534564163","Annalee Ivory Carcass Bed CW","1","https://cdn.shopify.com/s/files/1/0567/1377/3243/files/087-899a7240-1_orig.jpg?v=1725461441","/media/catalogue/9ee603e46791d6ea.webp","processed original","0"
"9554555502915","Cedarwood Sage Oak Green Bed","1","https://cdn.shopify.com/s/files/1/0567/1377/3243/files/127-899a7367-1_orig.jpg?v=1725461669","/media/catalogue/8f0df9082041ba45.webp","processed original","0"
"9554567790915","Cedarwood Indigo Oak Blue Bed","1","https://cdn.shopify.com/s/files/1/0567/1377/3243/files/005-899a6990_orig.jpg?v=1725462174","/media/catalogue/06069e705926a9f5.webp","processed original","0"
"9556246462787","Cedarwood Trufflestone Bed","1","https://cdn.shopify.com/s/files/1/0567/1377/3243/files/Trufflestone20Bed.jpg?v=1725531547","/media/catalogue/83702dcab52aa6b5.webp","processed original","0"
"9556246462787","Cedarwood Trufflestone Bed","2","https://cdn.shopify.com/s/files/1/0567/1377/3243/files/Truffle-M1-Red-2--scaled.jpg?v=1725531548","/media/catalogue/2c26828a9b84f537.webp","processed original","0"
"9556334117187","Cedarwood Greystones Bed","1","https://cdn.shopify.com/s/files/1/0567/1377/3243/files/Greystones20Bedroom-3.jpg?v=1725534175","/media/catalogue/53bc3a127ba70076.webp","processed original","0"
"9556334117187","Cedarwood Greystones Bed","2","https://cdn.shopify.com/s/files/1/0567/1377/3243/files/Gurteen-bedrame-min.jpg?v=1725534175","/media/catalogue/dcde6910ece26093.webp","processed original","0"
"9556341981507","Cedarwood Naturalstone Bed","1","https://cdn.shopify.com/s/files/1/0567/1377/3243/files/58961498_2650821054933291_6134936040135196672_n.jpg?v=1725535896","/media/catalogue/456237594411eb3e.webp","processed original","0"
"9556341981507","Cedarwood Naturalstone Bed","2","https://cdn.shopify.com/s/files/1/0567/1377/3243/files/59639058_2650820164933380_8975947840039682048_n.jpg?v=1725535896","/media/catalogue/69deabd22f1f0c32.webp","processed original","0"
"9556385300803","Cedarwood Boyne Ivory Bed","1","https://cdn.shopify.com/s/files/1/0567/1377/3243/files/Boyne_M1.webp?v=1725537075","/media/catalogue/9265108620a15a54.webp","processed original","0"
"9556427800899","Cedarwood Nore Oak Bed","1","https://cdn.shopify.com/s/files/1/0567/1377/3243/files/NoreM1Stone3.webp?v=1725537604","/media/catalogue/a06370e7394f3625.webp","processed original","0"
"9556427800899","Cedarwood Nore Oak Bed","2","https://cdn.shopify.com/s/files/1/0567/1377/3243/files/nore-oak-bed-min.jpgcopy.jpg?v=1725537603","/media/catalogue/b902e1a96825e085.webp","processed original","0"
"9556427800899","Cedarwood Nore Oak Bed","3","https://cdn.shopify.com/s/files/1/0567/1377/3243/files/nore-bed_orig.jpg?v=1725537603","/media/catalogue/3edfe6198a6acc7b.webp","processed original","0"
"14671904080195","Sam Bedframe","1","https://cdn.shopify.com/s/files/1/0567/1377/3243/files/SAMBEDFRAME.png?v=1734346165","/media/catalogue/c4bbcea2b5ece3dc.webp","processed original","429000"
"14671906537795","Monaco Bedframe Grey/Oak WS","1","https://cdn.shopify.com/s/files/1/0567/1377/3243/files/MONACO-3-HIGH-END-BED-GREYOAK_eyk.webp?v=1743249295","/media/catalogue/cee71a717440eb1c.webp","processed original","0"
"14671906537795","Monaco Bedframe Grey/Oak WS","2","https://cdn.shopify.com/s/files/1/0567/1377/3243/files/MONACO-3-LOW-END-BED-GREYOAK-EFFECT-2022-200-201-070-01-400x298.jpg?v=1743249295","/media/catalogue/d9a596a9ec12e554.webp","processed original","65582"
"14671906537795","Monaco Bedframe Grey/Oak WS","3","https://cdn.shopify.com/s/files/1/0567/1377/3243/files/MONACO-46-BED-LOW-FOOT-END-GREYOAK-EFFECT-2022-200-203-113-F02-400x250_1.jpg?v=1743249295","/media/catalogue/940a24094e505800.webp","processed original","53719"
"14672507240771","Aintree 3+3 Drawer Wide Chest GA","1","https://cdn.shopify.com/s/files/1/0567/1377/3243/files/Aintree-Wide-6-Drawer-Chest.jpg?v=1734364145","/media/catalogue/88d84a2510a2af55.webp","processed original","32359"
"14672544596291","Oscar 2 Drawer Coffee Table GA","1","https://cdn.shopify.com/s/files/1/0567/1377/3243/files/Gannons-Furniture-September-2024-Product-Catalogue_compressed-02.jpg?v=1734364713","/media/catalogue/ce454200464cada9.webp","processed original","302399"
"14672552853827","Erik Round Table GA","1","https://cdn.shopify.com/s/files/1/0567/1377/3243/files/Gannons-Furniture-September-2024-Product-Catalogue_compressed-02_4cd8f032-9ec2-4cd4-bfba-547958a9a9a9.jpg?v=1734365228","/media/catalogue/cbb899adecbb79f5.webp","processed original","191350"
"14672552853827","Erik Round Table GA","2","https://cdn.shopify.com/s/files/1/0567/1377/3243/files/Gannons-Furniture-September-2024-Product-Catalogue_compressed-03.jpg?v=1734365228","/media/catalogue/c6472f38c4855a3b.webp","processed original","148469"
"14672552853827","Erik Round Table GA","3","https://cdn.shopify.com/s/files/1/0567/1377/3243/files/Gannons-Furniture-September-2024-Product-Catalogue_compressed-04.jpg?v=1734365227","/media/catalogue/2dd375bfd9ba728f.webp","processed original","362619"
"14672680419651","Dallas Office Chair - GA","1","https://cdn.shopify.com/s/files/1/0567/1377/3243/files/Untitled-1-02.jpg?v=1734373735","/media/catalogue/31d2079dbc4de78a.webp","processed original","655662"
"14672685891907","York Office Chair - GA","1","https://cdn.shopify.com/s/files/1/0567/1377/3243/files/york-02.jpg?v=1734373922","/media/catalogue/46cc0ee533ddca83.webp","processed original","701010"
"14672691986755","Capri Bar Stool GA","1","https://cdn.shopify.com/s/files/1/0567/1377/3243/files/CapriBarStoolGrey_2400x1600_5be350cb-1e4e-4d0c-adee-3a512189be5d.webp?v=1734374757","/media/catalogue/915b0ced94aab5df.webp","processed original","1350497"
"14672691986755","Capri Bar Stool GA","2","https://cdn.shopify.com/s/files/1/0567/1377/3243/files/grey_front.webp?v=1734374766","/media/catalogue/9fae11230711936e.webp","processed original","258986"
"14672691986755","Capri Bar Stool GA","3","https://cdn.shopify.com/s/files/1/0567/1377/3243/files/grey_back.webp?v=1734374766","/media/catalogue/c8373e3d50827906.webp","processed original","28806"
"14672691986755","Capri Bar Stool GA","4","https://cdn.shopify.com/s/files/1/0567/1377/3243/files/CapriBarStoolMidnightBlue_2400x1600_96b27d4d-32ad-45ec-93c2-7379d45d228c.webp?v=1734374766","/media/catalogue/82c583bb318f8e29.webp","processed original","1340455"
"14672691986755","Capri Bar Stool GA","5","https://cdn.shopify.com/s/files/1/0567/1377/3243/files/back.webp?v=1734374766","/media/catalogue/ed914a7f28eb3ac7.webp","processed original","300243"
"14672691986755","Capri Bar Stool GA","6","https://cdn.shopify.com/s/files/1/0567/1377/3243/files/CapriBarStoolSageGreen_2400x1600_d129bb29-71bc-4251-b591-1b48e48a00f5.webp?v=1734374766","/media/catalogue/86bf4bc92a8ceea3.webp","processed original","1313973"
"14672691986755","Capri Bar Stool GA","7","https://cdn.shopify.com/s/files/1/0567/1377/3243/files/CapriBarStoolSalmon_2400x1600_e4b8128c-777a-41a5-86b5-a8a7e0572933.webp?v=1734374766","/media/catalogue/ae22c2b90e0c4eb3.webp","processed original","1352793"
"14672691986755","Capri Bar Stool GA","8","https://cdn.shopify.com/s/files/1/0567/1377/3243/files/CapriBarStoolTaupe_1_2400x1600_7282898d-8002-443f-9917-8f691c4fa421.webp?v=1734374766","/media/catalogue/f0679bb8b452107f.webp","processed original","1307580"
"14672691986755","Capri Bar Stool GA","9","https://cdn.shopify.com/s/files/1/0567/1377/3243/files/capri_group_1_1.webp?v=1734374766","/media/catalogue/747627b31a813468.webp","processed original","835439"
"14741043183939","Chrissie Console Table HJ","1","https://cdn.shopify.com/s/files/1/0567/1377/3243/files/Screenshot2025-01-21100244.png?v=1737453784","/media/catalogue/8d73dfa1cbfbdf97.webp","processed original","0"
"14741043183939","Chrissie Console Table HJ","2","https://cdn.shopify.com/s/files/1/0567/1377/3243/files/Chrissie-Ocassional.jpg?v=1737453791","/media/catalogue/5f5af8ab598e3077.webp","processed original","0"
"14741050949955","Chrissie Coffee Table HJ","1","https://cdn.shopify.com/s/files/1/0567/1377/3243/files/Chrissie-Ocassional.jpg?v=1737453791","/media/catalogue/5f5af8ab598e3077.webp","processed original","0"
"14741050949955","Chrissie Coffee Table HJ","2","https://cdn.shopify.com/s/files/1/0567/1377/3243/files/Screenshot2025-01-21101258.png?v=1737454476","/media/catalogue/d432afbe7bd3fbcc.webp","processed original","0"
"14741058486595","Chrissie 2m Dining Table Set /w Bench HJ","1","https://cdn.shopify.com/s/files/1/0567/1377/3243/files/Screenshot2025-01-21101900.png?v=1737454917","/media/catalogue/0475e13c75686193.webp","processed original","0"
"14741058486595","Chrissie 2m Dining Table Set /w Bench HJ","2","https://cdn.shopify.com/s/files/1/0567/1377/3243/files/Screenshot_2025-01-21_101920.png?v=1737454934","/media/catalogue/6cbdcea0aec77561.webp","processed original","0"
"14741061009731","Chrissie Dining Set HJ","1","https://cdn.shopify.com/s/files/1/0567/1377/3243/files/Screenshot2025-01-21101839.png?v=1737455200","/media/catalogue/9e467ffc184e4fa5.webp","processed original","0"
"14741061009731","Chrissie Dining Set HJ","2","https://cdn.shopify.com/s/files/1/0567/1377/3243/files/Screenshot_2025-01-21_101920.png?v=1737454934","/media/catalogue/6cbdcea0aec77561.webp","processed original","0"
"14835534397763","Nevada 6 Door 2 Drawer Mirrored Wardrobe (Grey Gloss/Light Oak Effect Veneer) WS","1","https://cdn.shopify.com/s/files/1/0567/1377/3243/files/NEVADA-6-DOOR-2-DRAWER-WARDROBE-GREY-GLOSSLIGHT-OAK-EFFECT-VENEER-100-101-109-01-400x331.jpg?v=1741696262","/media/catalogue/962fb4e1ad49c6b7.webp","processed original","93855"
"14835534397763","Nevada 6 Door 2 Drawer Mirrored Wardrobe (Grey Gloss/Light Oak Effect Veneer) WS","2","https://cdn.shopify.com/s/files/1/0567/1377/3243/files/NEVADA-6-DOOR-2-DRAWER-WARDROBE-GREY-GLOSSLIGHT-OAK-EFFECT-VENEER-100-101-109-02-scaled.jpg?v=1741696262","/media/catalogue/4f8bc1e5d5fc8c65.webp","processed original","8690"
"14835534397763","Nevada 6 Door 2 Drawer Mirrored Wardrobe (Grey Gloss/Light Oak Effect Veneer) WS","3","https://cdn.shopify.com/s/files/1/0567/1377/3243/files/NEVADA-6-DOOR-2-DRAWER-WARDROBE-GREY-GLOSSLIGHT-OAK-EFFECT-VENEER-100-101-109-04-scaled.jpg?v=1741696263","/media/catalogue/94a484ca0e96b96a.webp","processed original","21975"
"14835534397763","Nevada 6 Door 2 Drawer Mirrored Wardrobe (Grey Gloss/Light Oak Effect Veneer) WS","4","https://cdn.shopify.com/s/files/1/0567/1377/3243/files/NEVADA-6-DOOR-2-DRAWER-WARDROBE-GREY-GLOSSLIGHT-OAK-EFFECT-VENEER-100-101-109-06-scaled.jpg?v=1741696262","/media/catalogue/5587f6dbd8ef7f12.webp","processed original","0"
"14835534397763","Nevada 6 Door 2 Drawer Mirrored Wardrobe (Grey Gloss/Light Oak Effect Veneer) WS","5","https://cdn.shopify.com/s/files/1/0567/1377/3243/files/NEVADA-6-DOOR-2-DRAWER-WARDROBE-GREY-GLOSSLIGHT-OAK-EFFECT-VENEER-2021-100-101-109-03-scaled.jpg?v=1741696263","/media/catalogue/39444cfc32cd4867.webp","processed original","34639"
"14861001064771","Amalfi 1 seater sofa WS","1","https://cdn.shopify.com/s/files/1/0567/1377/3243/files/AMALFI-1-SEATER-CHAIR-BLACK-FABRIC-2024-300-308-080-06-400x400.jpg?v=1742653426","/media/catalogue/e81b513e952f8a7d.webp","processed original","0"
"14861001064771","Amalfi 1 seater sofa WS","2","https://cdn.shopify.com/s/files/1/0567/1377/3243/files/Amalfi_Grey1.png?v=1743687354","/media/catalogue/770fcd6c47efce96.webp","processed original","0"
"14861001818435","Amalfi 2 seater sofa WS","1","https://cdn.shopify.com/s/files/1/0567/1377/3243/files/AMALFI-2-SEATER-SOFA-BLACK-FABRIC-2024-300-308-081-06-400x400.jpg?v=1742653995","/media/catalogue/a4a099bd10a791cd.webp","processed original","0"
"14861001818435","Amalfi 2 seater sofa WS","2","https://cdn.shopify.com/s/files/1/0567/1377/3243/files/Amalfi_2_seater.png?v=1743687524","/media/catalogue/14aecbb374d7a093.webp","processed original","0"
"14861160022339","Madison Ottoman Bed WS","1","https://cdn.shopify.com/s/files/1/0567/1377/3243/files/MADISON-5-OTTOMAN-BED-BLACK-VELVET-FABRIC-2024-200-204-058-F02-400x315_26e77ec3-e08d-41c8-b982-57be764b4bbd.jpg?v=1742660585","/media/catalogue/10004975c978ae1d.webp","processed original","39227"
"14861160022339","Madison Ottoman Bed WS","2","https://cdn.shopify.com/s/files/1/0567/1377/3243/files/MADISON-5-OTTOMAN-BED-BLACK-VELVET-FABRIC-2024-200-204-058-F03-400x298_7f112a32-d7a7-4bb9-85aa-6c1522bf579d.jpg?v=1742660585","/media/catalogue/ed920d27569d90b1.webp","processed original","44069"
"14861160022339","Madison Ottoman Bed WS","3","https://cdn.shopify.com/s/files/1/0567/1377/3243/files/MADISON-5-OTTOMAN-BED-FAWN-VELVET-FABRIC-2024-200-204-059-F02A-400x308_7295e9dd-415b-4d4f-8a70-2c5df36cd917.jpg?v=1742660585","/media/catalogue/d5fda0d1d4a55735.webp","processed original","37601"
"14861160022339","Madison Ottoman Bed WS","4","https://cdn.shopify.com/s/files/1/0567/1377/3243/files/MADISON-5-OTTOMAN-BED-FAWN-VELVET-FABRIC-2024-200-204-059-F01-400x291.jpg?v=1742660585","/media/catalogue/8b099859f54d596b.webp","processed original","47968"
"14861160022339","Madison Ottoman Bed WS","5","https://cdn.shopify.com/s/files/1/0567/1377/3243/files/MADISON-5-OTTOMAN-BED-GREY-VELVET-FABRIC-2024-200-204-057-F02-400x307_1b5c19d3-6123-4840-a891-d07627634b82.jpg?v=1742660586","/media/catalogue/c069a0e8c3e99eb5.webp","processed original","38643"
"14861160022339","Madison Ottoman Bed WS","6","https://cdn.shopify.com/s/files/1/0567/1377/3243/files/MADISON-5-OTTOMAN-BED-GREY-VELVET-FABRIC-2024-200-204-057-F01-400x297.jpg?v=1742660585","/media/catalogue/e9bf460dcc3a9c7a.webp","processed original","53961"
"14861160022339","Madison Ottoman Bed WS","7","https://cdn.shopify.com/s/files/1/0567/1377/3243/files/MADISON-5-OTTOMAN-BED-BLACK-VELVET-FABRIC-2024-200-204-058-F02-400x315.jpg?v=1742660519","/media/catalogue/2932d38205e8052d.webp","processed original","39227"
"14875244953923","Monaco Bedframe White WS","1","https://cdn.shopify.com/s/files/1/0567/1377/3243/files/monaco-malvern-room_5c653716-a765-4d61-8b1a-eece771cde34.jpg?v=1743250637","/media/catalogue/9fe5191da44593b2.webp","processed original","124440"
"14875244953923","Monaco Bedframe White WS","2","https://cdn.shopify.com/s/files/1/0567/1377/3243/files/MONACO-46-LOW-END-BED-WHITE-2020-200-203-030-02-1024x640_Copy_7b22f6da-ecb2-4922-8a4c-11dda7b7b7d4.webp?v=1743250637","/media/catalogue/afc4ada2e65a5c8b.webp","processed original","309077"
"14875244953923","Monaco Bedframe White WS","3","https://cdn.shopify.com/s/files/1/0567/1377/3243/files/MONACO-46-LOW-END-BED-WHITE.webp?v=1743250774","/media/catalogue/10b9dd2cf9b4a2d9.webp","processed original","857978"
"14875244953923","Monaco Bedframe White WS","4","https://cdn.shopify.com/s/files/1/0567/1377/3243/files/MONACO-3-LOW-END-BED-WHITE-2021-200-201-021-01-400x285.jpg?v=1743251103","/media/catalogue/61a2f4bbb0081e12.webp","processed original","72403"
"14875251671363","Malvern 2 Door Bedroom Range WS","1","https://cdn.shopify.com/s/files/1/0567/1377/3243/files/MALVERN-2-DOOR-WARDROBE-BEDROOM-SET-SONOMA-OAK-EFFECT-2023-100-108-062-1-400x291.jpg?v=1743251598","/media/catalogue/3073cbd3547c5c30.webp","processed original","0"
"14875251671363","Malvern 2 Door Bedroom Range WS","2","https://cdn.shopify.com/s/files/1/0567/1377/3243/files/MALVERN-2-DOOR-WARDROBE-BEDROOM-SET-URBAN-SNOW-2023-100-108-073-01-400x289.jpg?v=1743251598","/media/catalogue/5b9f64835da77605.webp","processed original","46136"
"14875251671363","Malvern 2 Door Bedroom Range WS","3","https://cdn.shopify.com/s/files/1/0567/1377/3243/files/MALVERN-2-DOOR-WARDROBE-BEDROOM-SET-WHITE-2023-100-108-059-400x302.jpg?v=1743251599","/media/catalogue/d6f692e06bc92a05.webp","processed original","116883"
"14875254587715","Malvern 3 door Bedroom Range WS","1","https://cdn.shopify.com/s/files/1/0567/1377/3243/files/MALVERN-3-DOOR-WARDROBE-BEDROOM-SET-URBAN-SNOW-2023-100-108-074-01-scaled.jpg?v=1743252589","/media/catalogue/5d817282460e4e03.webp","processed original","509084"
"14875254587715","Malvern 3 door Bedroom Range WS","2","https://cdn.shopify.com/s/files/1/0567/1377/3243/files/MALVERN-3-DOOR-WARDROBE-BEDROOM-SET-SONOMA-OAK-EFFECT-2023-100-108-066-1-scaled.jpg?v=1743252589","/media/catalogue/7b0c300f44d57372.webp","processed original","501846"
"14875254587715","Malvern 3 door Bedroom Range WS","3","https://cdn.shopify.com/s/files/1/0567/1377/3243/files/MALVERN-3-DOOR-WARDROBE-BEDROOM-SET-WHITE-2023-100-108-063-scaled.jpg?v=1743252589","/media/catalogue/79ec88ad142e89bb.webp","processed original","910621"
"14875261960515","Malvern 2 door Wardrobe WS","1","https://cdn.shopify.com/s/files/1/0567/1377/3243/files/MALVERN-2-DOOR-WARDROBE-SONOMA-OAK-EFFECT-2023-100-101-171-01-scaled-Copy.jpg?v=1743253581","/media/catalogue/627664bc96f62139.webp","processed original","42903"
"14875261960515","Malvern 2 door Wardrobe WS","2","https://cdn.shopify.com/s/files/1/0567/1377/3243/files/MALVERN-2-DOOR-WARDROBE-URBAN-SNOW-2023-100-101-194-01-scaled-Copy.jpg?v=1743253581","/media/catalogue/d8255f097ce0a09f.webp","processed original","41033"
"14875261960515","Malvern 2 door Wardrobe WS","3","https://cdn.shopify.com/s/files/1/0567/1377/3243/files/MALVERN-2-DOOR-WARDROBE-WHITE-2023-100-101-168-01-scaled.jpg?v=1743253580","/media/catalogue/655a684013335e4d.webp","processed original","270184"
"14875304362307","Malvern 3 Door Wardrobe WS","1","https://cdn.shopify.com/s/files/1/0567/1377/3243/files/MALVERN-3-DOOR-WARDROBE-SONOMA-OAK-EFFECT-2023-100-101-175-01-scaled.jpg?v=1743254693","/media/catalogue/5aba235fb4907315.webp","processed original","63299"
"14875304362307","Malvern 3 Door Wardrobe WS","2","https://cdn.shopify.com/s/files/1/0567/1377/3243/files/MALVERN-3-DOOR-WARDROBE-GREY-2023-100-101-174-01-scaled.jpg?v=1743254693","/media/catalogue/fc263263263b1b5f.webp","processed original","60607"
"14875304362307","Malvern 3 Door Wardrobe WS","3","https://cdn.shopify.com/s/files/1/0567/1377/3243/files/MALVERN-3-DOOR-WARDROBE-URBAN-SNOW-2023-100-101-195-01-scaled.jpg?v=1743254693","/media/catalogue/00fe5c0bc79a665d.webp","processed original","54564"
"14875304362307","Malvern 3 Door Wardrobe WS","4","https://cdn.shopify.com/s/files/1/0567/1377/3243/files/MALVERN-3-DOOR-WARDROBE-WHITE-2023-100-101-172-01-scaled.jpg?v=1743254693","/media/catalogue/01bfb12475be93d6.webp","processed original","228680"
"14875313799491","Malvern 8 Drawer Chest WS","1","https://cdn.shopify.com/s/files/1/0567/1377/3243/files/MALVERN-8-DRAWER-CHEST-BLACK-2020-100-102-126-01-scaled.jpg?v=1743260781","/media/catalogue/286e2b97bcf9789b.webp","processed original","196111"
"14875313799491","Malvern 8 Drawer Chest WS","2","https://cdn.shopify.com/s/files/1/0567/1377/3243/files/MALVERN-8-DRAWER-CHEST-GREY-2020-100-102-125-01-scaled.jpg?v=1743260780","/media/catalogue/65ebabb922fe4d19.webp","processed original","193871"
"14875313799491","Malvern 8 Drawer Chest WS","3","https://cdn.shopify.com/s/files/1/0567/1377/3243/files/MALVERN-8-DRAWER-CHEST-SONOMA-OAK-EFFECT-2020-100-102-123-01-scaled.jpg?v=1743260781","/media/catalogue/75adc36fa43bdf04.webp","processed original","191535"
"14875313799491","Malvern 8 Drawer Chest WS","4","https://cdn.shopify.com/s/files/1/0567/1377/3243/files/MALVERN-8-DRAWER-CHEST-URBAN-SNOW-2023-100-102-167-01-scaled.jpg?v=1743260781","/media/catalogue/122bc5ebc95f3c0d.webp","processed original","127279"
"14875313799491","Malvern 8 Drawer Chest WS","5","https://cdn.shopify.com/s/files/1/0567/1377/3243/files/MALVERN-8-DRAWER-CHEST-WHITE-2020-100-102-124-01-scaled.jpg?v=1743260780","/media/catalogue/c5436dedbb5e3a23.webp","processed original","1750365"
"14875380908355","Nevada Mirrored 2 Door 1 Drawer Wardrobe Grey Gloss/Light Oak Effect WS","1","https://cdn.shopify.com/s/files/1/0567/1377/3243/files/NEVADA-MIRRORED-2-DOOR-WARDROBE-GREY-GLOSSLIGHT-OAK-EFFECT-VENEER-2019-01-100-101-085.jpg?v=1743267929","/media/catalogue/e57ec6594c9e5554.webp","processed original","33187"
"14875380908355","Nevada Mirrored 2 Door 1 Drawer Wardrobe Grey Gloss/Light Oak Effect WS","2","https://cdn.shopify.com/s/files/1/0567/1377/3243/files/NEVADA-MIRRORED-2-DOOR-WARDROBE-GREY-GLOSSLIGHT-OAK-EFFECT-VENEER-2019-02-100-101-085-scaled.jpg?v=1743267929","/media/catalogue/fde4e0640e23df31.webp","processed original","61097"
"14875380908355","Nevada Mirrored 2 Door 1 Drawer Wardrobe Grey Gloss/Light Oak Effect WS","3","https://cdn.shopify.com/s/files/1/0567/1377/3243/files/NEVADA-MIRRORED-2-DOOR-WARDROBE-GREY-GLOSSLIGHT-OAK-EFFECT-VENEER-2019-06-100-101-085.jpg?v=1743267929","/media/catalogue/2812db8f442360fb.webp","processed original","0"
"14875382219075","Nevada Mirrored 2 Door 1 Drawer Wardrobe White Gloss WS","1","https://cdn.shopify.com/s/files/1/0567/1377/3243/files/NEVADA-MIRRORED-2-DOOR-WARDROBE-WHITE-GLOSS-2019-01-100-101-091.jpg?v=1743268125","/media/catalogue/70a41f96be926088.webp","processed original","843442"
"14875382219075","Nevada Mirrored 2 Door 1 Drawer Wardrobe White Gloss WS","2","https://cdn.shopify.com/s/files/1/0567/1377/3243/files/NEVADA-MIRRORED-2-DOOR-WARDROBE-WHITE-GLOSS-2019-03-100-101-091-scaled.jpg?v=1743268125","/media/catalogue/ec1718e9b8aa3e65.webp","processed original","185673"
"14875382219075","Nevada Mirrored 2 Door 1 Drawer Wardrobe White Gloss WS","3","https://cdn.shopify.com/s/files/1/0567/1377/3243/files/NEVADA-MIRRORED-2-DOOR-WARDROBE-WHITE-GLOSS-2019-06-100-101-091.jpg?v=1743268125","/media/catalogue/cb658bc407f95cbe.webp","processed original","923750"
"14877468328259","Imperial Sliding Wardrobe JB","1","https://cdn.shopify.com/s/files/1/0567/1377/3243/files/ImperialGrey.png?v=1743417200","/media/catalogue/c6a725a55a085f39.webp","processed original","0"
"14877468328259","Imperial Sliding Wardrobe JB","2","https://cdn.shopify.com/s/files/1/0567/1377/3243/files/ImperialSonomaOak.png?v=1743417200","/media/catalogue/75480fbe665298a1.webp","processed original","0"
"14877468328259","Imperial Sliding Wardrobe JB","3","https://cdn.shopify.com/s/files/1/0567/1377/3243/files/ImperialWhite.png?v=1743417200","/media/catalogue/e0214cd5b561610b.webp","processed original","0"
"14877567779139","Aalen 3 door 1 Mirror 6 Drawer Wardrobe 1.36m JB","1","https://cdn.shopify.com/s/files/1/0567/1377/3243/files/AalenSonomaOak.png?v=1743419494","/media/catalogue/d3d6846ac0372270.webp","processed original","0"
"14877567779139","Aalen 3 door 1 Mirror 6 Drawer Wardrobe 1.36m JB","2","https://cdn.shopify.com/s/files/1/0567/1377/3243/files/AalenWhite.png?v=1743419494","/media/catalogue/724bc95f4fee4650.webp","processed original","0"
"14877567779139","Aalen 3 door 1 Mirror 6 Drawer Wardrobe 1.36m JB","3","https://cdn.shopify.com/s/files/1/0567/1377/3243/files/Aalen_Layout.png?v=1743420091","/media/catalogue/5aec1d6df1135fb3.webp","processed original","71710"
"14877676634435","Arnstein 2 Door 1 Mirror 2 Drawer JB","1","https://cdn.shopify.com/s/files/1/0567/1377/3243/files/Arnstein.png?v=1743423207","/media/catalogue/faf9bec46c545c3f.webp","processed original","0"
"14877676634435","Arnstein 2 Door 1 Mirror 2 Drawer JB","2","https://cdn.shopify.com/s/files/1/0567/1377/3243/files/ArnsteinLayout.png?v=1743423206","/media/catalogue/9e98bbfe6ad4ac50.webp","processed original","69179"
"14877687120195","Arnstein 3 Door 2 drawer 1 Central Mirror Wardrobe JB","1","https://cdn.shopify.com/s/files/1/0567/1377/3243/files/Arnstein3.png?v=1743423537","/media/catalogue/b6c6066e50d409c5.webp","processed original","0"
"14877687120195","Arnstein 3 Door 2 drawer 1 Central Mirror Wardrobe JB","2","https://cdn.shopify.com/s/files/1/0567/1377/3243/files/Arnstein3layout.png?v=1743423536","/media/catalogue/53dcae5397ea7b64.webp","processed original","46699"
"14877793845571","Belluno 2 Door 1 Mirror Sliding Wardrobe Artisan Oak JB","1","https://cdn.shopify.com/s/files/1/0567/1377/3243/files/Belluno.png?v=1743426552","/media/catalogue/4d7c1f21f58966a4.webp","processed original","0"
"14877793845571","Belluno 2 Door 1 Mirror Sliding Wardrobe Artisan Oak JB","2","https://cdn.shopify.com/s/files/1/0567/1377/3243/files/BellunoLayout.png?v=1743426552","/media/catalogue/3257795b774f1b50.webp","processed original","62626"
"14877882810691","Cadiz 2 Door 1 Mirror Sliding Wardrobe JB","1","https://cdn.shopify.com/s/files/1/0567/1377/3243/files/Cadiz.png?v=1743428296","/media/catalogue/03c63ce4d2bc4394.webp","processed original","0"
"14877882810691","Cadiz 2 Door 1 Mirror Sliding Wardrobe JB","2","https://cdn.shopify.com/s/files/1/0567/1377/3243/files/CadizLayout.png?v=1743428296","/media/catalogue/f1f77732536d1c3c.webp","processed original","0"
"14877911777603","Ellesse 4 Door 2 Mirror 2 Drawer Wardrobe JB","1","https://cdn.shopify.com/s/files/1/0567/1377/3243/files/Ellesse.png?v=1743428599","/media/catalogue/0f831b33890c59bf.webp","processed original","0"
"14877911777603","Ellesse 4 Door 2 Mirror 2 Drawer Wardrobe JB","2","https://cdn.shopify.com/s/files/1/0567/1377/3243/files/EllesseLayout.png?v=1743428599","/media/catalogue/c9256d29d222af6e.webp","processed original","31683"
"14877922492739","Fellbach Sliding 2 Door 2 1/2 Mirror Wardrobe JB","1","https://cdn.shopify.com/s/files/1/0567/1377/3243/files/Fellback.png?v=1743429083","/media/catalogue/7f24bbf7d0e55c40.webp","processed original","0"
"14877922492739","Fellbach Sliding 2 Door 2 1/2 Mirror Wardrobe JB","2","https://cdn.shopify.com/s/files/1/0567/1377/3243/files/Fellbachwhite.png?v=1743429082","/media/catalogue/e8489276f4767bbc.webp","processed original","0"
"14877922492739","Fellbach Sliding 2 Door 2 1/2 Mirror Wardrobe JB","3","https://cdn.shopify.com/s/files/1/0567/1377/3243/files/FellbachLayout.png?v=1743429082","/media/catalogue/fa562d757f59af7d.webp","processed original","43298"
"14877939794243","Imperial 3 door Sliding Wardrobe with Central Mirror 2.5m JB","1","https://cdn.shopify.com/s/files/1/0567/1377/3243/files/Imperial3door.png?v=1743430890","/media/catalogue/972e2397b07c11dc.webp","processed original","0"
"14877939794243","Imperial 3 door Sliding Wardrobe with Central Mirror 2.5m JB","2","https://cdn.shopify.com/s/files/1/0567/1377/3243/files/Imperial3door2.5.png?v=1743430890","/media/catalogue/59f32783e09dba28.webp","processed original","49507"
"14877940252995","Imperial 3 door Sliding Wardrobe with Central Mirror 3m JB","1","https://cdn.shopify.com/s/files/1/0567/1377/3243/files/Imperial3door.png?v=1743430890","/media/catalogue/972e2397b07c11dc.webp","processed original","0"
"14877940252995","Imperial 3 door Sliding Wardrobe with Central Mirror 3m JB","2","https://cdn.shopify.com/s/files/1/0567/1377/3243/files/Imperial_3_door_3.png?v=1743431284","/media/catalogue/a009c8bbea7cd27f.webp","processed original","55504"
"14877951557955","Joel 2 Door 2 Mirror 2 Drawer Wardrobe Alpine White JB","1","https://cdn.shopify.com/s/files/1/0567/1377/3243/files/Joel.png?v=1743431539","/media/catalogue/645fafce512e0f57.webp","processed original","0"
"14877951557955","Joel 2 Door 2 Mirror 2 Drawer Wardrobe Alpine White JB","2","https://cdn.shopify.com/s/files/1/0567/1377/3243/files/JoelLayout.png?v=1743431539","/media/catalogue/06d70f2e01300f21.webp","processed original","53629"
"14877971054915","Kronach Two Sliding Door Mirrored Wardrobe 2.25m JB","1","https://cdn.shopify.com/s/files/1/0567/1377/3243/files/Kronach.png?v=1743432711","/media/catalogue/df14026b489b5bd6.webp","processed original","0"
"14877971054915","Kronach Two Sliding Door Mirrored Wardrobe 2.25m JB","2","https://cdn.shopify.com/s/files/1/0567/1377/3243/files/KraonachLayout.png?v=1743432711","/media/catalogue/52da2ac2941b53b3.webp","processed original","50071"
"14877990486339","Mainz 4 Door 2 Mirror 2 Drawer Wardrobe Alpine White 1.8m JB","1","https://cdn.shopify.com/s/files/1/0567/1377/3243/files/Mainz.png?v=1743433984","/media/catalogue/45371d1403b54e7a.webp","processed original","0"
"14877990486339","Mainz 4 Door 2 Mirror 2 Drawer Wardrobe Alpine White 1.8m JB","2","https://cdn.shopify.com/s/files/1/0567/1377/3243/files/MainzLayout.png?v=1743433984","/media/catalogue/d06ae258906a1134.webp","processed original","74551"
"14878010310979","Monza 4 Door 2 Split Mirror Wardrobe 2.18m JB","1","https://cdn.shopify.com/s/files/1/0567/1377/3243/files/Monza.png?v=1743435755","/media/catalogue/e8f6173f62d98e6f.webp","processed original","0"
"14878010310979","Monza 4 Door 2 Split Mirror Wardrobe 2.18m JB","2","https://cdn.shopify.com/s/files/1/0567/1377/3243/files/MonzaLayout.png?v=1743435754","/media/catalogue/6cd34831fcaf7d2d.webp","processed original","46341"
"14878029054275","Monza 2 Door 1 Half Mirror Sliding Wardrobe 2.18 JB","1","https://cdn.shopify.com/s/files/1/0567/1377/3243/files/Monza2.png?v=1743437466","/media/catalogue/95fcf877b1be6d85.webp","processed original","0"
"14878029054275","Monza 2 Door 1 Half Mirror Sliding Wardrobe 2.18 JB","2","https://cdn.shopify.com/s/files/1/0567/1377/3243/files/Monza2Layout.png?v=1743437466","/media/catalogue/b93acdaa7d6b335f.webp","processed original","48491"
"14878031413571","Oakland 5 Door 3 Mirror 2 Drawer Wardrobe 2.26m JB","1","https://cdn.shopify.com/s/files/1/0567/1377/3243/files/Oakland.png?v=1743437892","/media/catalogue/01b6d29b633090b1.webp","processed original","0"
"14878031413571","Oakland 5 Door 3 Mirror 2 Drawer Wardrobe 2.26m JB","2","https://cdn.shopify.com/s/files/1/0567/1377/3243/files/OaklandLayout.png?v=1743437891","/media/catalogue/225649415ad7d436.webp","processed original","47265"
"14883964748099","Sevilla 2 Door 1 Mirror 2 Drawer Sliding Wardrobe Alpine White JB","1","https://cdn.shopify.com/s/files/1/0567/1377/3243/files/Sevilla.png?v=1743585703","/media/catalogue/3d0312a89656f459.webp","processed original","0"
"14883964748099","Sevilla 2 Door 1 Mirror 2 Drawer Sliding Wardrobe Alpine White JB","2","https://cdn.shopify.com/s/files/1/0567/1377/3243/files/SevillaLayout.png?v=1743585703","/media/catalogue/f3c61e4b48d8455d.webp","processed original","52028"
"14883964944707","Skyla 4 Door 2 Mirror Wardrobe JB","1","https://cdn.shopify.com/s/files/1/0567/1377/3243/files/Skyla.png?v=1743586424","/media/catalogue/7cf96281608c7b8e.webp","processed original","0"
"14883964944707","Skyla 4 Door 2 Mirror Wardrobe JB","2","https://cdn.shopify.com/s/files/1/0567/1377/3243/files/SkylaLayout.png?v=1743586424","/media/catalogue/d7ac86bda1034564.webp","processed original","46821"
"14884024418627","Stuttgart 3 Door Central Mirror Wardrobe JB","1","https://cdn.shopify.com/s/files/1/0567/1377/3243/files/Stuttgart.png?v=1743587732","/media/catalogue/e2a390a645c6c7d2.webp","processed original","0"
"14884024418627","Stuttgart 3 Door Central Mirror Wardrobe JB","2","https://cdn.shopify.com/s/files/1/0567/1377/3243/files/Stuttgart_Layout.png?v=1743587732","/media/catalogue/be92955eb5ea04ee.webp","processed original","51780"
"14884069474627","Stuttgart Sliding 2 Door 1 Mirror Wardrobe JB","1","https://cdn.shopify.com/s/files/1/0567/1377/3243/files/Stuttgart_sliding.png?v=1743588051","/media/catalogue/4fe4239b3e48aabb.webp","processed original","0"
"14884069474627","Stuttgart Sliding 2 Door 1 Mirror Wardrobe JB","2","https://cdn.shopify.com/s/files/1/0567/1377/3243/files/Stutgart_Layout.png?v=1743588051","/media/catalogue/0c0a1ca5e0bfade0.webp","processed original","49403"
"14884106961219","Sliderobe 2 Door 1 Mirror Wardrobe JB","1","https://cdn.shopify.com/s/files/1/0567/1377/3243/files/Slide_Wardrobe_White.png?v=1743588321","/media/catalogue/a7f147b64e105f3e.webp","processed original","0"
"14884106961219","Sliderobe 2 Door 1 Mirror Wardrobe JB","2","https://cdn.shopify.com/s/files/1/0567/1377/3243/files/Slide_Wardrobe_Oak.png?v=1743588321","/media/catalogue/5182626bd0d48aa7.webp","processed original","0"
"14884106961219","Sliderobe 2 Door 1 Mirror Wardrobe JB","3","https://cdn.shopify.com/s/files/1/0567/1377/3243/files/Slide_Layout.png?v=1743588321","/media/catalogue/b1200f19d0cac628.webp","processed original","41305"
"14884153065795","Voyager 3 Door 2 Drawer Wardrobe JB","1","https://cdn.shopify.com/s/files/1/0567/1377/3243/files/Voyager.png?v=1743588554","/media/catalogue/3ede10bf4cc95b43.webp","processed original","0"
"14884153065795","Voyager 3 Door 2 Drawer Wardrobe JB","2","https://cdn.shopify.com/s/files/1/0567/1377/3243/files/Voyager_Layout.png?v=1743588554","/media/catalogue/136ef114f29d21b7.webp","processed original","49379"
"14884205822275","Zoey 4 Door 2 Mirrored Wardrobe JB","1","https://cdn.shopify.com/s/files/1/0567/1377/3243/files/Zoey_Oak.png?v=1743588878","/media/catalogue/6fc361d990596314.webp","processed original","0"
"14884205822275","Zoey 4 Door 2 Mirrored Wardrobe JB","2","https://cdn.shopify.com/s/files/1/0567/1377/3243/files/Zoey_White.png?v=1743588878","/media/catalogue/024c781e2478f7ad.webp","processed original","0"
"14884205822275","Zoey 4 Door 2 Mirrored Wardrobe JB","3","https://cdn.shopify.com/s/files/1/0567/1377/3243/files/Zoey_Layout.png?v=1743588878","/media/catalogue/e42810ae2acde417.webp","processed original","48963"
"14884993237315","Zara Nest of Tables HB","1","https://cdn.shopify.com/s/files/1/0567/1377/3243/files/Zaran.png?v=1743602909","/media/catalogue/17021598609980e6.webp","processed original","325906"
"14884993237315","Zara Nest of Tables HB","2","https://cdn.shopify.com/s/files/1/0567/1377/3243/files/Zara.png?v=1743602909","/media/catalogue/e8f36418afd79d97.webp","processed original","287860"
"14885360861507","Rosa Grey Bedframe HB","1","https://cdn.shopify.com/s/files/1/0567/1377/3243/files/Rosastor.png?v=1743607009","/media/catalogue/6d03cf1815b93fd8.webp","processed original","133647"
"14885360861507","Rosa Grey Bedframe HB","2","https://cdn.shopify.com/s/files/1/0567/1377/3243/files/RosaStorage.png?v=1743607009","/media/catalogue/3ebd5df1ac30cd2f.webp","processed original","188683"
"14885413257539","Prime Bed Range HB","1","https://cdn.shopify.com/s/files/1/0567/1377/3243/files/Prime1.png?v=1743607414","/media/catalogue/4081a015c761c825.webp","processed original","324840"
"14885413257539","Prime Bed Range HB","2","https://cdn.shopify.com/s/files/1/0567/1377/3243/files/Prime2.png?v=1743607414","/media/catalogue/252e751547a8ff95.webp","processed original","202976"
"14885413257539","Prime Bed Range HB","3","https://cdn.shopify.com/s/files/1/0567/1377/3243/files/Prime.png?v=1743607414","/media/catalogue/56b78761c5fc0636.webp","processed original","172765"
"14887769735491","Neptune 3ft Bunk Bed White WS","1","https://cdn.shopify.com/s/files/1/0567/1377/3243/files/Neptunebunk.png?v=1743680452","/media/catalogue/4383a8972dfd6af5.webp","processed original","0"
"14887769735491","Neptune 3ft Bunk Bed White WS","2","https://cdn.shopify.com/s/files/1/0567/1377/3243/files/NeptuneBunkWhite.png?v=1743680452","/media/catalogue/6e8a1451d2a5f220.webp","processed original","435957"
"14887769735491","Neptune 3ft Bunk Bed White WS","3","https://cdn.shopify.com/s/files/1/0567/1377/3243/files/neptune.png?v=1743680452","/media/catalogue/1c756b497efc5823.webp","processed original","482146"
"14887771472195","Neptune 3ft Bunk Bed Dark Grey/Oak Effect WS","1","https://cdn.shopify.com/s/files/1/0567/1377/3243/files/Buks.png?v=1743680801","/media/catalogue/c130592c0671523e.webp","processed original","0"
"14887771472195","Neptune 3ft Bunk Bed Dark Grey/Oak Effect WS","2","https://cdn.shopify.com/s/files/1/0567/1377/3243/files/Bunkbed.png?v=1743680800","/media/catalogue/796a1bbb220b73d2.webp","processed original","224292"
"14887771472195","Neptune 3ft Bunk Bed Dark Grey/Oak Effect WS","3","https://cdn.shopify.com/s/files/1/0567/1377/3243/files/bunk.png?v=1743680801","/media/catalogue/f90b33669dc23e91.webp","processed original","214835"
"14887795392835","Neptune Triple Sleeper Bunk Bed White WS","1","https://cdn.shopify.com/s/files/1/0567/1377/3243/files/Neptunecolor.png?v=1743681051","/media/catalogue/cfbd63b3df819c2a.webp","processed original","0"
"14887795392835","Neptune Triple Sleeper Bunk Bed White WS","2","https://cdn.shopify.com/s/files/1/0567/1377/3243/files/Neptunetriplewhite.png?v=1743681051","/media/catalogue/0111ed2540d796b9.webp","processed original","512779"
"14887795392835","Neptune Triple Sleeper Bunk Bed White WS","3","https://cdn.shopify.com/s/files/1/0567/1377/3243/files/Neptunetripple.png?v=1743681051","/media/catalogue/16c566cda4bce197.webp","processed original","540710"
"14887848739139","Neptune Triple Sleeper Bunk Bed Dark Grey/Oak Effect WS","1","https://cdn.shopify.com/s/files/1/0567/1377/3243/files/NepGreycolor.png?v=1743681217","/media/catalogue/d7efe6cf2b1eccbe.webp","processed original","0"
"14887848739139","Neptune Triple Sleeper Bunk Bed Dark Grey/Oak Effect WS","2","https://cdn.shopify.com/s/files/1/0567/1377/3243/files/NepGrey2.png?v=1743681217","/media/catalogue/f89acfc74a0dc9a4.webp","processed original","280584"
"14887848739139","Neptune Triple Sleeper Bunk Bed Dark Grey/Oak Effect WS","3","https://cdn.shopify.com/s/files/1/0567/1377/3243/files/nepgrey.png?v=1743681215","/media/catalogue/cfdc80f34b69e21b.webp","processed original","314190"
"14887992459587","Brandon 3ft Metal Frame Bunk Bed WS","1","https://cdn.shopify.com/s/files/1/0567/1377/3243/files/Black.png?v=1743684698","/media/catalogue/84e576f67b2a210e.webp","processed original","0"
"14887992459587","Brandon 3ft Metal Frame Bunk Bed WS","2","https://cdn.shopify.com/s/files/1/0567/1377/3243/files/Silver.png?v=1743684698","/media/catalogue/7a85b367a25cba50.webp","processed original","0"
"14887992459587","Brandon 3ft Metal Frame Bunk Bed WS","3","https://cdn.shopify.com/s/files/1/0567/1377/3243/files/White.png?v=1743684698","/media/catalogue/ddecd2a82adbd2be.webp","processed original","0"
"14887992459587","Brandon 3ft Metal Frame Bunk Bed WS","4","https://cdn.shopify.com/s/files/1/0567/1377/3243/files/Black_Frame.png?v=1743684764","/media/catalogue/3f0e7214c93b08c7.webp","processed original","240135"
"14887992459587","Brandon 3ft Metal Frame Bunk Bed WS","5","https://cdn.shopify.com/s/files/1/0567/1377/3243/files/White_Frame.png?v=1743684783","/media/catalogue/22e390715b4e5433.webp","processed original","558303"
"14887992459587","Brandon 3ft Metal Frame Bunk Bed WS","6","https://cdn.shopify.com/s/files/1/0567/1377/3243/files/Silver_Frame.png?v=1743684797","/media/catalogue/257039cbf1acdea8.webp","processed original","237605"
"14887995965763","Ventura 3ft Metal Bunk Beds WS","1","https://cdn.shopify.com/s/files/1/0567/1377/3243/files/Ventura_Black.png?v=1743685141","/media/catalogue/89ad3726aaf9d722.webp","processed original","0"
"14887995965763","Ventura 3ft Metal Bunk Beds WS","2","https://cdn.shopify.com/s/files/1/0567/1377/3243/files/Ventura_Black_Separate.png?v=1743685141","/media/catalogue/0bb5195decef0d2f.webp","processed original","0"
"14887995965763","Ventura 3ft Metal Bunk Beds WS","3","https://cdn.shopify.com/s/files/1/0567/1377/3243/files/Ventura_Silver.png?v=1743685141","/media/catalogue/68342088a5c11800.webp","processed original","0"
"14887995965763","Ventura 3ft Metal Bunk Beds WS","4","https://cdn.shopify.com/s/files/1/0567/1377/3243/files/Ventura_Silver_Seperate.png?v=1743685141","/media/catalogue/766c27f504213d2f.webp","processed original","0"
"14887995965763","Ventura 3ft Metal Bunk Beds WS","5","https://cdn.shopify.com/s/files/1/0567/1377/3243/files/Ventura_Black_Frame.png?v=1743685165","/media/catalogue/6e585a29a6d8b87b.webp","processed original","311166"
"14887995965763","Ventura 3ft Metal Bunk Beds WS","6","https://cdn.shopify.com/s/files/1/0567/1377/3243/files/Ventura_Silver_Frame.png?v=1743685185","/media/catalogue/edf860e8f20050c3.webp","processed original","276253"
"14913347584323","Malvern 6 Drawer chest WS","1","https://cdn.shopify.com/s/files/1/0567/1377/3243/files/Malvernblack.png?v=1744810497","/media/catalogue/1af7819edb14b500.webp","processed original","157315"
"14913347584323","Malvern 6 Drawer chest WS","2","https://cdn.shopify.com/s/files/1/0567/1377/3243/files/MalvernUrbanSnow.png?v=1744810498","/media/catalogue/9745fc596969a421.webp","processed original","142103"
"14913347584323","Malvern 6 Drawer chest WS","3","https://cdn.shopify.com/s/files/1/0567/1377/3243/files/MalvernWhite.png?v=1744810497","/media/catalogue/0e711385351780c7.webp","processed original","705469"
"14913347584323","Malvern 6 Drawer chest WS","4","https://cdn.shopify.com/s/files/1/0567/1377/3243/files/Malvern.png?v=1744810498","/media/catalogue/520708fddc9985b2.webp","processed original","195044"
"14934517547331","Nevada Vanity Table Set (White Gloss) WH","1","https://cdn.shopify.com/s/files/1/0567/1377/3243/files/NevadaVanity.png?v=1746018795","/media/catalogue/39377965b02e502d.webp","processed original","242583"
"14934517547331","Nevada Vanity Table Set (White Gloss) WH","2","https://cdn.shopify.com/s/files/1/0567/1377/3243/files/Nevadavanity3.png?v=1746018795","/media/catalogue/3e1da45a4f6a62f8.webp","processed original","347181"
"14934517547331","Nevada Vanity Table Set (White Gloss) WH","3","https://cdn.shopify.com/s/files/1/0567/1377/3243/files/Nevadavanity2.png?v=1746018792","/media/catalogue/08204a5334357106.webp","processed original","0"
"14934544843075","Orson Recliner Chair & Ottoman IM","1","https://cdn.shopify.com/s/files/1/0567/1377/3243/files/HerbertGrey.png?v=1746019628","/media/catalogue/d7a4c892f7d09e9c.webp","processed original","0"
"14934544843075","Orson Recliner Chair & Ottoman IM","2","https://cdn.shopify.com/s/files/1/0567/1377/3243/files/LeonOrson.png?v=1746019628","/media/catalogue/cd8887afd5160f60.webp","processed original","0"
"14934544843075","Orson Recliner Chair & Ottoman IM","3","https://cdn.shopify.com/s/files/1/0567/1377/3243/files/SteelGrey.png?v=1746019627","/media/catalogue/e185e201f93c5295.webp","processed original","213499"
"14934544843075","Orson Recliner Chair & Ottoman IM","4","https://cdn.shopify.com/s/files/1/0567/1377/3243/files/Tan.png?v=1746019628","/media/catalogue/43c5cc8dada547e9.webp","processed original","0"
"14934558441795","Hamilton Dining Table WS","1","https://cdn.shopify.com/s/files/1/0567/1377/3243/files/Hamilton.png?v=1746020190","/media/catalogue/9ef1d75aba51a831.webp","processed original","860051"
"14934558441795","Hamilton Dining Table WS","2","https://cdn.shopify.com/s/files/1/0567/1377/3243/files/Hamilton2.png?v=1746020190","/media/catalogue/c25fc1b6dffee845.webp","processed original","835092"
"14934558441795","Hamilton Dining Table WS","3","https://cdn.shopify.com/s/files/1/0567/1377/3243/files/Hamilton3.png?v=1746020190","/media/catalogue/d44468c5040964a0.webp","processed original","97841"
"14934737486147","Nadia Vanity Dressing Table with Drawers TA","1","https://cdn.shopify.com/s/files/1/0567/1377/3243/files/Nadiawhite.png?v=1746025905","/media/catalogue/e9d5417e2220ccfe.webp","processed original","305020"
"14934737486147","Nadia Vanity Dressing Table with Drawers TA","2","https://cdn.shopify.com/s/files/1/0567/1377/3243/files/Nadiawhite2.png?v=1746025905","/media/catalogue/86578a4f60e80cfc.webp","processed original","0"
"14934737486147","Nadia Vanity Dressing Table with Drawers TA","3","https://cdn.shopify.com/s/files/1/0567/1377/3243/files/Nadianwhite1.png?v=1746025905","/media/catalogue/9f43b8373d612dcb.webp","processed original","0"
"14936655233347","Ottawa 1 Door 3 Drawear Side Table - WH","1","https://cdn.shopify.com/s/files/1/0567/1377/3243/files/Ottawa.png?v=1746118508","/media/catalogue/8216e3f58661cac7.webp","processed original","212475"
"14936655233347","Ottawa 1 Door 3 Drawear Side Table - WH","2","https://cdn.shopify.com/s/files/1/0567/1377/3243/files/Ottawa1.png?v=1746118508","/media/catalogue/7b3ee5e6a9d29d5e.webp","processed original","228883"
"14936655233347","Ottawa 1 Door 3 Drawear Side Table - WH","3","https://cdn.shopify.com/s/files/1/0567/1377/3243/files/Ottawa2.png?v=1746118508","/media/catalogue/a2261781acc62fa4.webp","processed original","0"
"14951953727811","Natural Sleep Deep Comfort Mattress","1","https://cdn.shopify.com/s/files/1/0567/1377/3243/files/deepcomfort.webp?v=1781269266","/media/catalogue/4eb050e222a3908d.webp","excluded: Supplier branding/watermark: Natural Sleep CO.","0"
"14951969194307","Cashel Mattress","1","https://cdn.shopify.com/s/files/1/0567/1377/3243/files/image0_8.jpg?v=1767701268","/media/catalogue/a5778a4a49d21afd.webp","processed original","0"
"14952000192835","Corso Sofa Bed - IM","1","https://cdn.shopify.com/s/files/1/0567/1377/3243/files/CorsoSofabed.png?v=1747067486","/media/catalogue/63fe18fa810da06b.webp","processed original","0"
"14952000192835","Corso Sofa Bed - IM","2","https://cdn.shopify.com/s/files/1/0567/1377/3243/files/CorsoSofaBedflat.png?v=1747067486","/media/catalogue/bc2fedc8428b50c4.webp","processed original","0"
"14952000192835","Corso Sofa Bed - IM","3","https://cdn.shopify.com/s/files/1/0567/1377/3243/files/Corsosofabedgreen.png?v=1747067486","/media/catalogue/545a9fdefab83a92.webp","processed original","0"
"14952003633475","Raphael Sofa Bed - IM","1","https://cdn.shopify.com/s/files/1/0567/1377/3243/files/RaphaelSofaBed.png?v=1747067868","/media/catalogue/5dad6711f0a72825.webp","processed original","0"
"14952003633475","Raphael Sofa Bed - IM","2","https://cdn.shopify.com/s/files/1/0567/1377/3243/files/RaphaelSofaBedOpen.png?v=1747067868","/media/catalogue/1c6d797fa64fffb0.webp","processed original","0"
"14952759492931","Modena led cheval arch - TL","1","https://cdn.shopify.com/s/files/1/0567/1377/3243/files/Ledwhite1.png?v=1747127229","/media/catalogue/a6658fc376b60bac.webp","processed original","0"
"14952759492931","Modena led cheval arch - TL","2","https://cdn.shopify.com/s/files/1/0567/1377/3243/files/LEDGold1.png?v=1747127230","/media/catalogue/4d09f32650b43793.webp","processed original","0"
"14952759492931","Modena led cheval arch - TL","3","https://cdn.shopify.com/s/files/1/0567/1377/3243/files/Ledwhite2.png?v=1747127229","/media/catalogue/5c0af0d5a085f60b.webp","processed original","0"
"14952759492931","Modena led cheval arch - TL","4","https://cdn.shopify.com/s/files/1/0567/1377/3243/files/LEDGold2.png?v=1747127230","/media/catalogue/dcc169e8c632f56b.webp","processed original","0"
"14956984205635","Stratford 1 Drawer Locker WS","1","https://cdn.shopify.com/s/files/1/0567/1377/3243/files/Stratford1DrawerLocker1.png?v=1747307049","/media/catalogue/831ecd44d207bf8f.webp","processed original","0"
"14956984205635","Stratford 1 Drawer Locker WS","2","https://cdn.shopify.com/s/files/1/0567/1377/3243/files/Stratford1DrawerLocker.png?v=1747307049","/media/catalogue/330c9d599745f3d5.webp","processed original","291049"
"14956986958147","Stratford 2 Door 2 Drawer Sideboard","1","https://cdn.shopify.com/s/files/1/0567/1377/3243/files/Stratford2Door2DrawerSideboard2.png?v=1747322323","/media/catalogue/92c37126575551dc.webp","processed original","0"
"14956986958147","Stratford 2 Door 2 Drawer Sideboard","2","https://cdn.shopify.com/s/files/1/0567/1377/3243/files/Stratford2Door2DrawerSideboard.png?v=1747322323","/media/catalogue/3b913dffd00bcf2e.webp","processed original","141649"
"14956986958147","Stratford 2 Door 2 Drawer Sideboard","3","https://cdn.shopify.com/s/files/1/0567/1377/3243/files/Stratford2Door2DrawerSideboard1.png?v=1747322323","/media/catalogue/653903ce1ea1c935.webp","processed original","104471"
"14956989350211","Stratford 2 Door TV Unit WS","1","https://cdn.shopify.com/s/files/1/0567/1377/3243/files/stratfordtv.png?v=1747325289","/media/catalogue/40bca5684af541dd.webp","processed original","0"
"14956989350211","Stratford 2 Door TV Unit WS","2","https://cdn.shopify.com/s/files/1/0567/1377/3243/files/Stratford2doorTVunit.png?v=1747325289","/media/catalogue/be03a2addbfef053.webp","processed original","327016"
"14956989350211","Stratford 2 Door TV Unit WS","3","https://cdn.shopify.com/s/files/1/0567/1377/3243/files/Stratford2doorTVunit1.png?v=1747325289","/media/catalogue/1b399a5a05d97ce9.webp","processed original","293871"
"14956997050691","Stratford 2 Drawer Coffee Table","1","https://cdn.shopify.com/s/files/1/0567/1377/3243/files/Stratfordcoffee_6b5c2786-9d4f-4d6f-b7a5-d70c182bef7d.png?v=1747325271","/media/catalogue/5149a24c8d40bed0.webp","processed original","0"
"14956997050691","Stratford 2 Drawer Coffee Table","2","https://cdn.shopify.com/s/files/1/0567/1377/3243/files/Stratford2Drawervoffeetable_2a9dc4bf-e403-4389-85d5-ea10f8555acd.png?v=1747325271","/media/catalogue/0333242fbc7733d5.webp","processed original","445141"
"14957000524099","Stratford 2 Drawer Console Table","1","https://cdn.shopify.com/s/files/1/0567/1377/3243/files/Stratfordconsole1.png?v=1747325258","/media/catalogue/7a4b019c53681627.webp","processed original","0"
"14957000524099","Stratford 2 Drawer Console Table","2","https://cdn.shopify.com/s/files/1/0567/1377/3243/files/Stratfordconsole.png?v=1747325258","/media/catalogue/75a1179b89bfe447.webp","processed original","232437"
"14957001605443","Stratford 3 Drawer Bedside","1","https://cdn.shopify.com/s/files/1/0567/1377/3243/files/Stratford3drawerlocker1.png?v=1747324054","/media/catalogue/bf90e47331d986bb.webp","processed original","0"
"14957001605443","Stratford 3 Drawer Bedside","2","https://cdn.shopify.com/s/files/1/0567/1377/3243/files/Stratford3drawerlocker.png?v=1747324054","/media/catalogue/70905ef92996c8e9.webp","processed original","189799"
"14957001769283","Stratford 3 Drawer Chest","1","https://cdn.shopify.com/s/files/1/0567/1377/3243/files/Stratford3chest.png?v=1747324218","/media/catalogue/be3b9d2fab156179.webp","processed original","0"
"14957001769283","Stratford 3 Drawer Chest","2","https://cdn.shopify.com/s/files/1/0567/1377/3243/files/Stratfordchest.png?v=1747324217","/media/catalogue/1c3e40dda2da09b0.webp","processed original","218843"
"14957004456259","Stratford 3+2 Drawer Chest","1","https://cdn.shopify.com/s/files/1/0567/1377/3243/files/Stratford5drawerchest.png?v=1747324338","/media/catalogue/8fcd2d68bbe0b661.webp","processed original","0"
"14957004456259","Stratford 3+2 Drawer Chest","2","https://cdn.shopify.com/s/files/1/0567/1377/3243/files/Stratford5chest.png?v=1747324337","/media/catalogue/5ba7bb42597e27da.webp","processed original","157190"
"14957006586179","Stratford 2 Door Wardrobe","1","https://cdn.shopify.com/s/files/1/0567/1377/3243/files/stratford2wardrobedoor.png?v=1747324522","/media/catalogue/1a60d1f186057eb2.webp","processed original","0"
"14957006586179","Stratford 2 Door Wardrobe","2","https://cdn.shopify.com/s/files/1/0567/1377/3243/files/Stratford2doorwardrobe.png?v=1747324521","/media/catalogue/1085308531735473.webp","processed original","111877"
"14957006586179","Stratford 2 Door Wardrobe","3","https://cdn.shopify.com/s/files/1/0567/1377/3243/files/stratford2wardrobe.png?v=1747324521","/media/catalogue/e03404792d4862f4.webp","processed original","118157"
"14957008126275","Stratford 3 Door Wardrobe","1","https://cdn.shopify.com/s/files/1/0567/1377/3243/files/Stratford3doorwardrobe.png?v=1747324659","/media/catalogue/9834cf8ee6f30544.webp","processed original","0"
"14957008126275","Stratford 3 Door Wardrobe","2","https://cdn.shopify.com/s/files/1/0567/1377/3243/files/stratford3door.png?v=1747324658","/media/catalogue/17b9c99894aaca30.webp","processed original","166703"
"14957008126275","Stratford 3 Door Wardrobe","3","https://cdn.shopify.com/s/files/1/0567/1377/3243/files/stratford3door1.png?v=1747324659","/media/catalogue/5129fd319ccac39d.webp","processed original","109282"
"14978105508163","GD003 Mirror - GIE","1","https://cdn.shopify.com/s/files/1/0567/1377/3243/files/GD003Mirror.png?v=1748515070","/media/catalogue/0cf0c28c72fb3a81.webp","processed original","0"
"14978105508163","GD003 Mirror - GIE","2","https://cdn.shopify.com/s/files/1/0567/1377/3243/files/003.png?v=1748515514","/media/catalogue/ea271a03075ca7c5.webp","processed original","433892"
"14978129461571","GD004 Mirror - GIE","1","https://cdn.shopify.com/s/files/1/0567/1377/3243/files/004.png?v=1748515755","/media/catalogue/d1bedce18144cf58.webp","processed original","211621"
"14978129461571","GD004 Mirror - GIE","2","https://cdn.shopify.com/s/files/1/0567/1377/3243/files/004-2.png?v=1748515756","/media/catalogue/595e558852f9d651.webp","processed original","453655"
"14978145354051","GD005 Mirror - GIE","1","https://cdn.shopify.com/s/files/1/0567/1377/3243/files/005.png?v=1748515853","/media/catalogue/c4a96387f447a260.webp","processed original","163202"
"14978145354051","GD005 Mirror - GIE","2","https://cdn.shopify.com/s/files/1/0567/1377/3243/files/005-2.png?v=1748515852","/media/catalogue/9f897b9a83e1c454.webp","processed original","446869"
"14978153251139","GD006 Mirror - GIE","1","https://cdn.shopify.com/s/files/1/0567/1377/3243/files/006.png?v=1748516548","/media/catalogue/a187b346e1cf4d98.webp","processed original","167549"
"14978153251139","GD006 Mirror - GIE","2","https://cdn.shopify.com/s/files/1/0567/1377/3243/files/006-2.png?v=1748516547","/media/catalogue/962e0fbcd11e789f.webp","processed original","436302"
"14978329215299","GD007 Mirror - GIE","1","https://cdn.shopify.com/s/files/1/0567/1377/3243/files/007.png?v=1748518837","/media/catalogue/93b5f25d577d9d04.webp","processed original","176073"
"14978329215299","GD007 Mirror - GIE","2","https://cdn.shopify.com/s/files/1/0567/1377/3243/files/007-2.png?v=1748518837","/media/catalogue/8e958bdb5981dbd0.webp","processed original","452825"
"14978331705667","GD008 Mirror - GIE","1","https://cdn.shopify.com/s/files/1/0567/1377/3243/files/008.png?v=1748518962","/media/catalogue/82991dcb631df8c5.webp","processed original","133869"
"14978331705667","GD008 Mirror - GIE","2","https://cdn.shopify.com/s/files/1/0567/1377/3243/files/008-2.png?v=1748518962","/media/catalogue/c9e6ba266b839b87.webp","processed original","437756"
"14978333573443","GD001 Mirror - GIE","1","https://cdn.shopify.com/s/files/1/0567/1377/3243/files/001.png?v=1748605686","/media/catalogue/c46136aea49f4718.webp","processed original","224540"
"14978333573443","GD001 Mirror - GIE","2","https://cdn.shopify.com/s/files/1/0567/1377/3243/files/001-2.png?v=1748605685","/media/catalogue/51e379a717ffd65d.webp","processed original","465363"
"14981849284931","Boston Corner Sofa Bed - Bren","1","https://cdn.shopify.com/s/files/1/0567/1377/3243/files/BOSTONSOFABED.png?v=1748686031","/media/catalogue/aa4d3da422b13fcd.webp","processed original","0"
"14981849284931","Boston Corner Sofa Bed - Bren","2","https://cdn.shopify.com/s/files/1/0567/1377/3243/files/BOSTONSOFABED2.png?v=1748686032","/media/catalogue/ba04d916fb801cfc.webp","processed original","0"
"14981849284931","Boston Corner Sofa Bed - Bren","3","https://cdn.shopify.com/s/files/1/0567/1377/3243/files/bostoncorner.png?v=1748686033","/media/catalogue/b917ba04810a3f8e.webp","processed original","0"
"15006739366211","Portland 3+2 Drawer Chest","1","https://cdn.shopify.com/s/files/1/0567/1377/3243/files/32.png?v=1750064732","/media/catalogue/0343001a50728f5f.webp","processed original","205879"
"15006739366211","Portland 3+2 Drawer Chest","2","https://cdn.shopify.com/s/files/1/0567/1377/3243/files/3.2.png?v=1750064732","/media/catalogue/510d00eb9cdd23dd.webp","processed original","0"
"15006739366211","Portland 3+2 Drawer Chest","3","https://cdn.shopify.com/s/files/1/0567/1377/3243/files/Portland3_2.png?v=1750064732","/media/catalogue/51067879b31a6529.webp","processed original","110255"
"15006739366211","Portland 3+2 Drawer Chest","4","https://cdn.shopify.com/s/files/1/0567/1377/3243/files/3_2.png?v=1750064732","/media/catalogue/86de127cc08efd88.webp","processed original","0"
"15006744150339","Portland 2 Drawer Bedside","1","https://cdn.shopify.com/s/files/1/0567/1377/3243/files/2locker.png?v=1750065011","/media/catalogue/037a8e3d63edb398.webp","processed original","274164"
"15006744150339","Portland 2 Drawer Bedside","2","https://cdn.shopify.com/s/files/1/0567/1377/3243/files/2drawerlocker.png?v=1750065011","/media/catalogue/a4605c902cd4b605.webp","processed original","0"
"15006744150339","Portland 2 Drawer Bedside","3","https://cdn.shopify.com/s/files/1/0567/1377/3243/files/2drawerlocker_2c10d0fc-b6cc-42b8-9536-d7d2f264aef9.png?v=1750065011","/media/catalogue/9da83434b310db06.webp","processed original","217658"
"15006744150339","Portland 2 Drawer Bedside","4","https://cdn.shopify.com/s/files/1/0567/1377/3243/files/2drawerlocker1.png?v=1750065011","/media/catalogue/be0639115089d386.webp","processed original","0"
"15009128841539","Portland 3 Drawer Chest","1","https://cdn.shopify.com/s/files/1/0567/1377/3243/files/portland3drawer.png?v=1750175342","/media/catalogue/c76255e34613afab.webp","processed original","235770"
"15009128841539","Portland 3 Drawer Chest","2","https://cdn.shopify.com/s/files/1/0567/1377/3243/files/portland3drawer_38dd3fcf-9b0e-4bd0-95b9-978d97b5bcf3.png?v=1750175342","/media/catalogue/0a4d086b12fa939d.webp","processed original","0"
"15009128841539","Portland 3 Drawer Chest","3","https://cdn.shopify.com/s/files/1/0567/1377/3243/files/portland3.png?v=1750175342","/media/catalogue/ef42a8aa996a5ad0.webp","processed original","153951"
"15009128841539","Portland 3 Drawer Chest","4","https://cdn.shopify.com/s/files/1/0567/1377/3243/files/portland3drawerblack.png?v=1750175342","/media/catalogue/ee7a239cdaf2a23c.webp","processed original","0"
"15062558179651","New York Mattress","1","https://cdn.shopify.com/s/files/1/0567/1377/3243/files/image0_4.jpg?v=1753973268","/media/catalogue/4082e17c7abcf95d.webp","processed original","0"
"15062558179651","New York Mattress","2","https://cdn.shopify.com/s/files/1/0567/1377/3243/files/image3.jpg?v=1753973268","/media/catalogue/aeb6c742501d18cd.webp","processed original","0"
"15062558179651","New York Mattress","3","https://cdn.shopify.com/s/files/1/0567/1377/3243/files/image1_1.jpg?v=1753973269","/media/catalogue/3cb081389a890d74.webp","processed original","0"
"15062587277635","Waterloo Fabric Recliner Sofa","1","https://cdn.shopify.com/s/files/1/0567/1377/3243/files/WashingtonSet-Grey_2400x1513_0dc618dc-2d41-4f37-befd-7be8123a73d4.webp?v=1753977084","/media/catalogue/bef6513e74e23457.webp","processed original","0"
"15062589997379","Tyrone Recliner Sofa McN","1","https://cdn.shopify.com/s/files/1/0567/1377/3243/files/Screenshot-2024-09-05-123702.webp?v=1753979077","/media/catalogue/a19fd9fb8540e10e.webp","processed original","0"
"15062589997379","Tyrone Recliner Sofa McN","2","https://cdn.shopify.com/s/files/1/0567/1377/3243/files/Screenshot-2024-09-05-123711.webp?v=1753979076","/media/catalogue/e63870cd880161c8.webp","processed original","0"
"15062589997379","Tyrone Recliner Sofa McN","3","https://cdn.shopify.com/s/files/1/0567/1377/3243/files/Screenshot-2024-09-05-123718.webp?v=1753979076","/media/catalogue/f2d7e2f328553bb2.webp","processed original","0"
"15062589997379","Tyrone Recliner Sofa McN","4","https://cdn.shopify.com/s/files/1/0567/1377/3243/files/Screenshot-2024-09-05-123728.webp?v=1753979077","/media/catalogue/8817be62394e8f48.webp","processed original","0"
"15062589997379","Tyrone Recliner Sofa McN","5","https://cdn.shopify.com/s/files/1/0567/1377/3243/files/Screenshot-2024-09-05-123711_9174d8d4-0de3-470b-bd7a-f97c0077a28b.webp?v=1753979244","/media/catalogue/a01318b63cfc8300.webp","processed original","0"
"15062589997379","Tyrone Recliner Sofa McN","6","https://cdn.shopify.com/s/files/1/0567/1377/3243/files/Screenshot-2024-09-05-123702_044751df-c79d-4b78-b149-22c71a67ae15.webp?v=1753979258","/media/catalogue/0306544bcbe0b36a.webp","processed original","0"
"15109959680323","Bremen Sofas IM","1","https://cdn.shopify.com/s/files/1/0567/1377/3243/files/0003222_bremen-1-seater-armchair-gunmetal.jpg?v=1757422738","/media/catalogue/39382cf502b82992.webp","processed original","0"
"15109959680323","Bremen Sofas IM","2","https://cdn.shopify.com/s/files/1/0567/1377/3243/files/0003225_bremen-2-seater-loveseat-gunmetal.jpg?v=1757422737","/media/catalogue/ef6dc00cd23735a0.webp","processed original","0"
"15109959680323","Bremen Sofas IM","3","https://cdn.shopify.com/s/files/1/0567/1377/3243/files/0003227_bremen-3-seater-sofa-gunmetal_625.jpg?v=1757422737","/media/catalogue/52ccf997f9bbc6e4.webp","processed original","0"
"15109961941315","Ebro Sofa Bed IM","1","https://cdn.shopify.com/s/files/1/0567/1377/3243/files/0002954_ebro-sofa-bed-blue.jpg?v=1757423173","/media/catalogue/476dd652d8d84352.webp","processed original","0"
"15109961941315","Ebro Sofa Bed IM","2","https://cdn.shopify.com/s/files/1/0567/1377/3243/files/0002955_ebro-sofa-bed-blue.jpg?v=1757423173","/media/catalogue/ed28d8a759a9ec3a.webp","processed original","0"
"15109961941315","Ebro Sofa Bed IM","3","https://cdn.shopify.com/s/files/1/0567/1377/3243/files/0002956_ebro-sofa-bed-pumpkin.jpg?v=1757423173","/media/catalogue/82ce61b86213ad56.webp","processed original","0"
"15109961941315","Ebro Sofa Bed IM","4","https://cdn.shopify.com/s/files/1/0567/1377/3243/files/0002958_ebro-sofa-bed-pumpkin.jpg?v=1757423174","/media/catalogue/3068289fd848d84b.webp","processed original","0"
"15109961941315","Ebro Sofa Bed IM","5","https://cdn.shopify.com/s/files/1/0567/1377/3243/files/0003073_ebro-sofa-bed-dark-grey.jpg?v=1757423174","/media/catalogue/1b7506ff0feeca6d.webp","processed original","0"
"15109982159171","Halton Lift and Rise + Massage Sofas IM","1","https://cdn.shopify.com/s/files/1/0567/1377/3243/files/0002897_halton-1-seater-lift-and-rise-massage-chair.jpg?v=1757423855","/media/catalogue/8c683fd9b0456954.webp","processed original","0"
"15109982159171","Halton Lift and Rise + Massage Sofas IM","2","https://cdn.shopify.com/s/files/1/0567/1377/3243/files/0002895_halton-2-seater-sofa.jpg?v=1757423855","/media/catalogue/634765774124b857.webp","processed original","0"
"15109982159171","Halton Lift and Rise + Massage Sofas IM","3","https://cdn.shopify.com/s/files/1/0567/1377/3243/files/0002896_halton-3-seater-sofa.jpg?v=1757423855","/media/catalogue/55110bdf54730d94.webp","processed original","0"
"15109996806467","Isla Swivel Recliner with Footstool","1","https://cdn.shopify.com/s/files/1/0567/1377/3243/files/0002795_isla-swivel-recliner-with-footstool-winter-moss.jpg?v=1757424217","/media/catalogue/7209f287e5e2e0f3.webp","processed original","0"
"15109996806467","Isla Swivel Recliner with Footstool","2","https://cdn.shopify.com/s/files/1/0567/1377/3243/files/0002796_isla-swivel-recliner-with-footstool-winter-moss.jpg?v=1757424218","/media/catalogue/82e5e9f452519d08.webp","processed original","0"
"15109996806467","Isla Swivel Recliner with Footstool","3","https://cdn.shopify.com/s/files/1/0567/1377/3243/files/0002798_isla-swivel-recliner-with-footstool-deep-ocean.jpg?v=1757424217","/media/catalogue/38a2a83dbe45fa36.webp","processed original","0"
"15109996806467","Isla Swivel Recliner with Footstool","4","https://cdn.shopify.com/s/files/1/0567/1377/3243/files/0002799_isla-swivel-recliner-with-footstool-deep-ocean.jpg?v=1757424217","/media/catalogue/86675ab835685952.webp","processed original","0"
"15110002999619","Oakley Loveseat","1","https://cdn.shopify.com/s/files/1/0567/1377/3243/files/0002900_oakley-2-seater-loveseat-winter-moss.jpg?v=1757424493","/media/catalogue/dbaaf58c7af72802.webp","processed original","0"
"15110002999619","Oakley Loveseat","2","https://cdn.shopify.com/s/files/1/0567/1377/3243/files/0002902_oakley-25-seater-sofa-winter-moss.jpg?v=1757424492","/media/catalogue/9e63428ea10b6e50.webp","processed original","0"
"15110002999619","Oakley Loveseat","3","https://cdn.shopify.com/s/files/1/0567/1377/3243/files/0002904_oakley-2-seater-loveseat-deep-terra.jpg?v=1757424493","/media/catalogue/38a66e8eaeb76f00.webp","processed original","0"
"15110002999619","Oakley Loveseat","4","https://cdn.shopify.com/s/files/1/0567/1377/3243/files/0002903_oakley-25-seater-sofa-deep-terra.jpg?v=1757424493","/media/catalogue/bef987306a4bad96.webp","processed original","0"
"15110009553219","Pearl Lounger Bean Bag Moss","1","https://cdn.shopify.com/s/files/1/0567/1377/3243/files/0002815_pearl-lounger-bean-bag-moss_4ee9a841-9241-4412-a93a-c82262897c4d.jpg?v=1757426532","/media/catalogue/117adca447211ee0.webp","processed original","0"
"15110009553219","Pearl Lounger Bean Bag Moss","2","https://cdn.shopify.com/s/files/1/0567/1377/3243/files/0002816_pearl-lounger-bean-bag-moss_0d84bff1-cedc-47e3-a142-c7d814d28b21.jpg?v=1757426532","/media/catalogue/c8804f9e3f06ebd6.webp","processed original","0"
"15111762870595","Talia Accent Chair","1","https://cdn.shopify.com/s/files/1/0567/1377/3243/files/0002993_talia-accent-chair-natural-beige.jpg?v=1757522941","/media/catalogue/c8febccdcde5aa35.webp","processed original","0"
"15111762870595","Talia Accent Chair","2","https://cdn.shopify.com/s/files/1/0567/1377/3243/files/0002996_talia-accent-chair-forest-green.jpg?v=1757522942","/media/catalogue/f65529ddba020e8c.webp","processed original","0"
"15111762870595","Talia Accent Chair","3","https://cdn.shopify.com/s/files/1/0567/1377/3243/files/0002999_talia-accent-chair-ash-grey.jpg?v=1757522941","/media/catalogue/184da23e34103556.webp","processed original","0"
"15111764672835","Nantes Accent Chair","1","https://cdn.shopify.com/s/files/1/0567/1377/3243/files/0002905_nantes-accent-chair-graphite.jpg?v=1757523169","/media/catalogue/5748ca83e98e28a5.webp","processed original","0"
"15111764672835","Nantes Accent Chair","2","https://cdn.shopify.com/s/files/1/0567/1377/3243/files/0002908_nantes-accent-chair-chestnut.jpg?v=1757523169","/media/catalogue/16b969a0c77aeb1b.webp","processed original","0"
"15121578131779","Sienna Reclining Chair w/ Phone Holder","1","https://cdn.shopify.com/s/files/1/0567/1377/3243/files/0002817_sienna-reclining-chair-w-phone-holder-mustard.jpg?v=1758037655","/media/catalogue/41d8bcf338aa71e9.webp","processed original","0"
"15121578131779","Sienna Reclining Chair w/ Phone Holder","2","https://cdn.shopify.com/s/files/1/0567/1377/3243/files/0002821_sienna-reclining-chair-w-phone-holder-moss.jpg?v=1758037655","/media/catalogue/52aa29972cc78e17.webp","processed original","0"
"15121578131779","Sienna Reclining Chair w/ Phone Holder","3","https://cdn.shopify.com/s/files/1/0567/1377/3243/files/0002824_sienna-reclining-chair-w-phone-holder-grey.jpg?v=1758037655","/media/catalogue/ebca7d2261dc4a7f.webp","processed original","0"
"15121610637635","Ryder Reclining Chair Ash","1","https://cdn.shopify.com/s/files/1/0567/1377/3243/files/0002727_ryder-reclining-chair-ash_625.jpg?v=1758040142","/media/catalogue/b3733a1200fa19bf.webp","processed original","0"
"15121610637635","Ryder Reclining Chair Ash","2","https://cdn.shopify.com/s/files/1/0567/1377/3243/files/0002728_ryder-reclining-chair-ash.jpg?v=1758040143","/media/catalogue/0cde8fe96b6d362c.webp","processed original","0"
"15149848953155","Turner Leisure Chair w/Footstool IM","1","https://cdn.shopify.com/s/files/1/0567/1377/3243/files/0002826_turner-leisure-chair-wfootstool-grey.jpg?v=1760092291","/media/catalogue/65ffe7a0dc196b2d.webp","processed original","0"
"15149848953155","Turner Leisure Chair w/Footstool IM","2","https://cdn.shopify.com/s/files/1/0567/1377/3243/files/0002829_turner-leisure-chair-wfootstool-ash.jpg?v=1760092292","/media/catalogue/0da9453b20557d55.webp","processed original","0"
"15149848953155","Turner Leisure Chair w/Footstool IM","3","https://cdn.shopify.com/s/files/1/0567/1377/3243/files/0002832_turner-leisure-chair-wfootstool-dark-grey.jpg?v=1760092291","/media/catalogue/acecef87b11876f9.webp","processed original","0"
"15233630798147","Metro Sofa Bed - JB","1","https://cdn.shopify.com/s/files/1/0567/1377/3243/files/metro-blue-sofa-bed-img-1.webp?v=1767708300","/media/catalogue/929114c46df3a9d7.webp","processed original","567370"
"15233630798147","Metro Sofa Bed - JB","2","https://cdn.shopify.com/s/files/1/0567/1377/3243/files/metro-blue-sofa-bed-img-2.webp?v=1767708300","/media/catalogue/29b339c95c183b58.webp","processed original","649564"
"15239233339715","Carlow Beige Bed - GI","1","https://cdn.shopify.com/s/files/1/0567/1377/3243/products/21740-d608d344-2155-4c96-871c-94802e23c985.jpg?v=1684478515","/media/catalogue/8b084f2a1607d126.webp","processed original","0"
"15239233339715","Carlow Beige Bed - GI","2","https://cdn.shopify.com/s/files/1/0567/1377/3243/products/21740-1a88505c-3b7e-4620-9989-c67609b2d69c.jpg?v=1684493598","/media/catalogue/d94b108a4ac8e43f.webp","processed original","0"
"15239233339715","Carlow Beige Bed - GI","3","https://cdn.shopify.com/s/files/1/0567/1377/3243/products/21740-43dbb465-bb0e-4033-955e-a69508d9907c.jpg?v=1684493598","/media/catalogue/eade50e33686dfcc.webp","processed original","0"
"15239233339715","Carlow Beige Bed - GI","4","https://cdn.shopify.com/s/files/1/0567/1377/3243/products/21740-2c838784-eb57-47ae-9ebf-70952cbba10b.jpg?v=1684493598","/media/catalogue/5a8bd26e162f2195.webp","processed original","0"
"15239233339715","Carlow Beige Bed - GI","5","https://cdn.shopify.com/s/files/1/0567/1377/3243/products/21740-47b88f2f-6b72-4fe9-8eb8-1cc069168b78.jpg?v=1684493598","/media/catalogue/f2ab565be84f7647.webp","processed original","0"
"15265177764163","Kerry Recliner Sofa Range","1","https://cdn.shopify.com/s/files/1/0567/1377/3243/files/shopping.webp?v=1771081154","/media/catalogue/3361ddc49d2c3b3a.webp","processed original","0"
"15265178321219","Sheraton Recliner Sofa Range","1","https://cdn.shopify.com/s/files/1/0567/1377/3243/files/Sheratoncouch_7ce7e438-10ac-416e-b022-6599e9e2d3f9.jpg?v=1771081436","/media/catalogue/ff1cd7638a327d5d.webp","processed original","0"
"15269847859523","Wicklow Storage Bed","1","https://cdn.shopify.com/s/files/1/0567/1377/3243/files/wicklow.png?v=1771675094","/media/catalogue/f74443a7d7a17708.webp","processed original","0"
"15269847859523","Wicklow Storage Bed","2","https://cdn.shopify.com/s/files/1/0567/1377/3243/files/Wicklow2.png?v=1771675094","/media/catalogue/23f8d4e5675ff17a.webp","processed original","0"
"15269849891139","Limerick Storage Bed","1","https://cdn.shopify.com/s/files/1/0567/1377/3243/files/Limerickbeige.png?v=1771675751","/media/catalogue/e5ad38d85646614c.webp","processed original","0"
"15269849891139","Limerick Storage Bed","2","https://cdn.shopify.com/s/files/1/0567/1377/3243/files/Limerick.png?v=1771675751","/media/catalogue/34cbc1161f860233.webp","processed original","0"
"15269849891139","Limerick Storage Bed","3","https://cdn.shopify.com/s/files/1/0567/1377/3243/files/limerick2.png?v=1771675751","/media/catalogue/d082797cf0e2d88a.webp","processed original","0"
"15298328232259","Shannon Mattress","1","https://cdn.shopify.com/s/files/1/0567/1377/3243/files/image0.jpg?v=1775300312","/media/catalogue/0608460bfb84082f.webp","processed original","0"
"15298328232259","Shannon Mattress","2","https://cdn.shopify.com/s/files/1/0567/1377/3243/files/image1.jpg?v=1775300445","/media/catalogue/11eab9b74a1a396e.webp","processed original","0"
"15298336194883","Elizabeth Ivory Metal Bed - 4'6","1","https://cdn.shopify.com/s/files/1/0567/1377/3243/files/elizabeth_ivory-bed_3.webp?v=1774711003","/media/catalogue/c6ca8e8f3994be9d.webp","processed original","0"
"15310062715203","Aspen Corner Garden Furniture Set","1","https://cdn.shopify.com/s/files/1/0567/1377/3243/files/ASPEN-CORNER-GARDEN-FURNITURE-SET-BROWN-RATTANGREY-FABRIC-2025-700-701-005-PR.jpg?v=1775902554","/media/catalogue/34efff0427697686.webp","processed original","0"
"15310062715203","Aspen Corner Garden Furniture Set","2","https://cdn.shopify.com/s/files/1/0567/1377/3243/files/ASPEN-CORNER-GARDEN-FURNITURE-SET-BROWN-RATTANGREY-FABRIC-2025-700-701-005-02-scaled.jpg?v=1775902553","/media/catalogue/51390e7eecc98a31.webp","processed original","339514"
"15310062715203","Aspen Corner Garden Furniture Set","3","https://cdn.shopify.com/s/files/1/0567/1377/3243/files/ASPEN-CORNER-GARDEN-FURNITURE-SET-BROWN-RATTANGREY-FABRIC-2025-700-701-005-15-scaled.jpg?v=1775902555","/media/catalogue/dc6c2c0420ccfd69.webp","processed original","0"
"15333210390851","Concept Vertical Wall Bed","1","https://cdn.shopify.com/s/files/1/0567/1377/3243/files/WHITE_ce056a29-33b7-4f99-b071-11d96a3b8c23.png?v=1778763414","/media/catalogue/68ff3b7ad6925813.webp","processed original","198882"
"15333210390851","Concept Vertical Wall Bed","2","https://cdn.shopify.com/s/files/1/0567/1377/3243/files/GREY.png?v=1778763414","/media/catalogue/6a8ec089690c55c3.webp","processed original","196980"
"15333210390851","Concept Vertical Wall Bed","3","https://cdn.shopify.com/s/files/1/0567/1377/3243/files/OAK_ab06b2da-09cd-4f3e-a486-93a8ed9af536.png?v=1778763415","/media/catalogue/3601f107c9e7be5f.webp","processed original","189452"
"15334191497539","Cedar Wood 2 Drawer Locker","1","https://cdn.shopify.com/s/files/1/0567/1377/3243/files/2DRAWER.png?v=1779033166","/media/catalogue/831e8c50555e0f53.webp","processed original","137083"
"15334191497539","Cedar Wood 2 Drawer Locker","2","https://cdn.shopify.com/s/files/1/0567/1377/3243/files/sage_green.png?v=1779033285","/media/catalogue/708076039d3eba36.webp","processed original","115447"
"15334191497539","Cedar Wood 2 Drawer Locker","3","https://cdn.shopify.com/s/files/1/0567/1377/3243/files/20240229_131206_700x_7b17b77d-5512-4df3-803d-804e1cad30e1.webp?v=1779033456","/media/catalogue/9f5a0b973972b4e0.webp","processed original","0"
"15334191497539","Cedar Wood 2 Drawer Locker","4","https://cdn.shopify.com/s/files/1/0567/1377/3243/files/20240229_130235_700x_393a1bce-9cda-42d1-9418-32497beeb607.webp?v=1779033368","/media/catalogue/2e3a6c4b9b924568.webp","processed original","0"
"15334191497539","Cedar Wood 2 Drawer Locker","5","https://cdn.shopify.com/s/files/1/0567/1377/3243/files/Trufflestone-2-Drawer-Locker.jpg?v=1779033508","/media/catalogue/baf653f02c471773.webp","processed original","87215"
"15335257899331","Frida Storage bed HB","1","https://cdn.shopify.com/s/files/1/0567/1377/3243/files/frida-fabric-gas-lift-ottoman-double-bed-frame-4ft-6-grey-or-oatmeal-accessories-174_1800x1800_cfd0bae5-1481-463e-9b94-aab3f2e8f5f3.jpg?v=1779190138","/media/catalogue/aa8e7c66c2f5ed3b.webp","processed original","475522"
"15335257899331","Frida Storage bed HB","2","https://cdn.shopify.com/s/files/1/0567/1377/3243/files/Screenshot2026-05-19122827.png?v=1779190140","/media/catalogue/2ac92a2856468761.webp","processed original","0"
"15362542960963","Malta Suite - GIE","1","https://cdn.shopify.com/s/files/1/0567/1377/3243/files/21779-51c42c38-43e7-40f9-a389-2321137b22e0.jpg?v=1782825770","/media/catalogue/ee7396bbc7e50d03.webp","processed original","170437"
"15369130770755","New York Storage Bed","1","https://cdn.shopify.com/s/files/1/0567/1377/3243/files/image0_1.png?v=1783588034","/media/catalogue/21952ecb125a06e9.webp","processed original","0"
"15369135391043","Clifften Ottoman Storage Bed","1","https://cdn.shopify.com/s/files/1/0567/1377/3243/files/image3.png?v=1783588747","/media/catalogue/c94b14f2ec1a1006.webp","processed original","0"
"15369135391043","Clifften Ottoman Storage Bed","2","https://cdn.shopify.com/s/files/1/0567/1377/3243/files/image2.png?v=1783588747","/media/catalogue/f74c1d927baf9b7b.webp","processed original","0"
"15369361916227","Donegal Ottoman Storage Bed","1","https://cdn.shopify.com/s/files/1/0567/1377/3243/files/image1_1.png?v=1783612911","/media/catalogue/3cad0ddbb1627138.webp","processed original","0"
"15369376891203","Waterford bedframe","1","https://cdn.shopify.com/s/files/1/0567/1377/3243/files/MN-WIN-46-GR.webp?v=1783613595","/media/catalogue/b23f23ee83f70cfd.webp","processed original","0"
"15369376891203","Waterford bedframe","2","https://cdn.shopify.com/s/files/1/0567/1377/3243/files/image0_2.png?v=1783613823","/media/catalogue/d1c2575df77dcbe8.webp","processed original","0"
"15369386754371","Antrim bedframe","1","https://cdn.shopify.com/s/files/1/0567/1377/3243/files/MN-ANA-46-GR.webp?v=1783614174","/media/catalogue/21674be74ddb660e.webp","processed original","0"
"15369386754371","Antrim bedframe","2","https://cdn.shopify.com/s/files/1/0567/1377/3243/files/MN-ANA-50-CT_1d75204e-5c5a-4869-8883-76253b6e74a6.webp?v=1783614174","/media/catalogue/23362e43d674ccc5.webp","processed original","0"
"15369388196163","Viera bedframe","1","https://cdn.shopify.com/s/files/1/0567/1377/3243/files/MN-VAL-50-BE.webp?v=1783614901","/media/catalogue/f94c69db7abb36e6.webp","processed original","0"
"15369388196163","Viera bedframe","2","https://cdn.shopify.com/s/files/1/0567/1377/3243/files/SageGreenBed_a1260218-913f-4349-84a4-37833d27fc93.webp?v=1783614901","/media/catalogue/2155a10d26f54f52.webp","processed original","0"
"15390769905987","Arga Sofa Bed - IM","1","https://cdn.shopify.com/s/files/1/0567/1377/3243/files/argablue.jpg?v=1786178837","/media/catalogue/3cbf734ec83a0bf7.webp","processed original","0"
"15390769905987","Arga Sofa Bed - IM","2","https://cdn.shopify.com/s/files/1/0567/1377/3243/files/argagrey.jpg?v=1786178836","/media/catalogue/ca518b74399c9169.webp","processed original","0"
"15390769905987","Arga Sofa Bed - IM","3","https://cdn.shopify.com/s/files/1/0567/1377/3243/files/argapumpkin.jpg?v=1786178837","/media/catalogue/b47cd52aeab810e8.webp","processed original","0"
"15390796513603","Scottsboro Full Foam Sofa Bed - IM","1","https://cdn.shopify.com/s/files/1/0567/1377/3243/files/0003514_scottsboro-full-foam-sofa-bed-light-grey.png?v=1786183366","/media/catalogue/3f49d1d3389296a3.webp","processed original","0"
"15390796513603","Scottsboro Full Foam Sofa Bed - IM","2","https://cdn.shopify.com/s/files/1/0567/1377/3243/files/0003517_scottsboro-full-foam-sofa-bed-stone.png?v=1786183365","/media/catalogue/6e78c12ed383a406.webp","processed original","0"
"15390796513603","Scottsboro Full Foam Sofa Bed - IM","3","https://cdn.shopify.com/s/files/1/0567/1377/3243/files/0003519_scottsboro-full-foam-sofa-bed-stone.png?v=1786183395","/media/catalogue/0138e245f9951780.webp","processed original","0"
"15401114239299","Tucker Sofa Bed IM","1","https://cdn.shopify.com/s/files/1/0567/1377/3243/files/0003587_tucker-single-sofa-bed-liberty-deep-terra.png?v=1787908168","/media/catalogue/70a14cd130dbd47d.webp","processed original","0"
"15401114239299","Tucker Sofa Bed IM","2","https://cdn.shopify.com/s/files/1/0567/1377/3243/files/0003589_tucker-single-sofa-bed-liberty-deep-terra_625-Copy.png?v=1787908167","/media/catalogue/708da3052cc34d95.webp","processed original","0"
"15401114239299","Tucker Sofa Bed IM","3","https://cdn.shopify.com/s/files/1/0567/1377/3243/files/0003590_tucker-single-sofa-bed-liberty-stone.png?v=1787908168","/media/catalogue/e5d06ae4d244dcc3.webp","processed original","0"
"15401114239299","Tucker Sofa Bed IM","4","https://cdn.shopify.com/s/files/1/0567/1377/3243/files/0003592_tucker-single-sofa-bed-liberty-stone_625.png?v=1787908167","/media/catalogue/99aaef984520bd73.webp","processed original","0"
"15403730207043","Troy Cabinet - HJ","1","https://cdn.shopify.com/s/files/1/0567/1377/3243/files/TROYOAK.jpg?v=1788427569","/media/catalogue/6daba79bf460f7a5.webp","processed original","0"
"15403730207043","Troy Cabinet - HJ","2","https://cdn.shopify.com/s/files/1/0567/1377/3243/files/TROYWAL.jpg?v=1788427569","/media/catalogue/3183659f7d3396fd.webp","processed original","0"
"15403730207043","Troy Cabinet - HJ","3","https://cdn.shopify.com/s/files/1/0567/1377/3243/files/TROY.jpg?v=1788427569","/media/catalogue/886b74a6ef303487.webp","processed original","0"
